player_id,player_display_name,position,season,games_played,fantasy_points_total,fantasy_points_per_game
00-0033280,Christian McCaffrey,RB,2025,19,458.40000000000003,24.126315789473686
00-0039075,Puka Nacua,WR,2025,19,452.6,23.821052631578947
00-0039851,Drake Maye,QB,2025,21,416.88,19.85142857142857
00-0034857,Josh Allen,QB,2025,18,416.76,23.153333333333332
00-0026498,Matthew Stafford,QB,2025,20,411.32,20.566
00-0038543,Jaxon Smith-Njigba,WR,2025,20,408.8,20.44
00-0038542,Bijan Robinson,RB,2025,17,370.8,21.811764705882354
00-0039139,Jahmyr Gibbs,RB,2025,17,366.90000000000003,21.582352941176474
00-0036223,Jonathan Taylor,RB,2025,17,362.3,21.311764705882354
00-0036971,Trevor Lawrence,QB,2025,18,357.56,19.864444444444445
00-0039918,Caleb Williams,QB,2025,19,357.40000000000003,18.810526315789474
00-0039732,Bo Nix,QB,2025,18,328.90000000000003,18.272222222222226
00-0036963,Amon-Ra St. Brown,WR,2025,17,324.0,19.058823529411764
00-0037248,James Cook,RB,2025,19,323.40000000000003,17.02105263157895
00-0039040,De'Von Achane,RB,2025,16,322.8,20.175
00-0037840,Kyren Williams,RB,2025,20,320.6,16.03
00-0037744,Trey McBride,TE,2025,17,315.90000000000003,18.582352941176474
00-0033077,Dak Prescott,QB,2025,17,313.78,18.45764705882353
00-0036900,Ja'Marr Chase,WR,2025,16,313.6,19.6
00-0036389,Jalen Hurts,QB,2025,17,313.18,18.42235294117647
00-0033106,Jared Goff,QB,2025,17,297.06,17.474117647058822
00-0036355,Justin Herbert,QB,2025,17,296.94,17.467058823529413
00-0037247,George Pickens,WR,2025,17,291.9,17.170588235294115
00-0033873,Patrick Mahomes,QB,2025,14,285.68,20.405714285714286
00-0034869,Sam Darnold,QB,2025,20,283.7,14.184999999999999
00-0038597,Chase Brown,RB,2025,17,282.6,16.623529411764707
00-0032764,Derrick Henry,RB,2025,17,279.5,16.441176470588236
00-0036973,Travis Etienne,RB,2025,18,276.5,15.36111111111111
00-0034855,Baker Mayfield,QB,2025,17,271.92,15.99529411764706
00-0037239,Chris Olave,WR,2025,16,268.0,16.75
00-0038134,Kenneth Walker III,RB,2025,20,266.6,13.330000000000002
00-0036264,Jordan Love,QB,2025,16,265.16,16.5725
00-0031381,Davante Adams,WR,2025,17,258.40000000000003,15.200000000000003
00-0036275,D'Andre Swift,RB,2025,18,253.4,14.077777777777778
00-0034844,Saquon Barkley,RB,2025,17,248.4,14.611764705882353
00-0040122,Ashton Jeanty,RB,2025,17,245.1,14.41764705882353
00-0035700,Josh Jacobs,RB,2025,16,243.9,15.24375
00-0039064,Zay Flowers,WR,2025,17,243.3,14.311764705882354
00-0036997,Javonte Williams,RB,2025,16,242.8,15.175
00-0040691,Jaxson Dart,QB,2025,14,241.58,17.255714285714287
00-0031588,Stefon Diggs,WR,2025,21,241.3,11.49047619047619
00-0034348,Courtland Sutton,WR,2025,19,239.70000000000002,12.615789473684211
00-0039150,Bryce Young,QB,2025,17,239.0,14.058823529411764
00-0036554,Nico Collins,WR,2025,16,231.3,14.45625
00-0036875,Rhamondre Stevenson,RB,2025,18,231.1,12.838888888888889
00-0036919,Kenny Gainwell,RB,2025,18,229.9,12.772222222222222
00-0023459,Aaron Rodgers,QB,2025,17,228.92000000000002,13.465882352941177
00-0040730,RJ Harvey,RB,2025,19,228.10000000000002,12.005263157894738
00-0033119,Jacoby Brissett,QB,2025,14,227.44,16.245714285714286
00-0040124,Tetairoa McMillan,WR,2025,18,226.5,12.583333333333334
00-0035710,Daniel Jones,QB,2025,13,226.44,17.41846153846154
00-0035676,A.J. Brown,WR,2025,16,225.8,14.1125
00-0037228,Jaylen Warren,RB,2025,17,222.8,13.105882352941178
00-0039163,C.J. Stroud,QB,2025,16,222.12,13.8825
00-0040734,TreVeyon Henderson,RB,2025,21,222.10000000000002,10.576190476190478
00-0038559,Michael Wilson,WR,2025,17,220.6,12.976470588235294
00-0037240,Jameson Williams,WR,2025,17,219.9,12.935294117647059
00-0036139,Rico Dowdle,RB,2025,18,218.8,12.155555555555557
00-0038117,Wan'Dale Robinson,WR,2025,16,217.9,13.61875
00-0036912,DeVonta Smith,WR,2025,18,216.79999999999998,12.044444444444444
00-0034796,Lamar Jackson,QB,2025,13,214.85999999999999,16.527692307692305
00-0036410,Tee Higgins,WR,2025,15,211.6,14.106666666666666
00-0036970,Kyle Pitts,TE,2025,17,210.8,12.4
00-0038120,Breece Hall,RB,2025,16,207.66,12.97875
00-0034827,DJ Moore,WR,2025,19,207.08,10.898947368421053
00-0033090,Hunter Henry,TE,2025,21,205.0,9.761904761904763
00-0034351,Dallas Goedert,TE,2025,16,204.5,12.78125
00-0036252,Michael Pittman,WR,2025,17,202.4,11.905882352941177
00-0037238,Drake London,WR,2025,12,201.9,16.825
00-0036322,Justin Jefferson,WR,2025,17,201.5,11.852941176470589
00-0037261,Khalil Shakir,WR,2025,18,201.1,11.172222222222222
00-0036358,CeeDee Lamb,WR,2025,13,200.9,15.453846153846154
00-0037834,Brock Purdy,QB,2025,11,199.56,18.14181818181818
00-0040126,Colston Loveland,TE,2025,18,198.4,11.022222222222222
00-0038606,Parker Washington,WR,2025,17,196.6,11.564705882352941
00-0040129,Emeka Egbuka,WR,2025,17,195.7,11.511764705882353
00-0036613,Jaylen Waddle,WR,2025,16,194.12,12.1325
00-0035640,DK Metcalf,WR,2025,16,193.4,12.0875
00-0030506,Travis Kelce,TE,2025,17,193.20000000000002,11.364705882352942
00-0037816,Romeo Doubs,WR,2025,17,191.8,11.282352941176471
00-0034383,Dalton Schultz,TE,2025,19,188.60000000000002,9.926315789473685
00-0040128,Tyler Warren,TE,2025,17,188.5,11.088235294117647
00-0036259,Jauan Jennings,WR,2025,17,188.26,11.074117647058824
00-0035719,Deebo Samuel Sr.,WR,2025,16,188.20000000000002,11.762500000000001
00-0030279,Keenan Allen,WR,2025,18,188.2,10.455555555555556
00-0038041,Jake Ferguson,TE,2025,17,188.1,11.064705882352941
00-0039915,Ladd McConkey,WR,2025,17,187.1,11.005882352941176
00-0040676,Cam Ward,QB,2025,17,186.66,10.98
00-0040663,Harold Fannin Jr.,TE,2025,16,186.4,11.65
00-0035261,Tony Pollard,RB,2025,17,185.8,10.929411764705883
00-0039165,Zach Charbonnet,RB,2025,17,183.4,10.788235294117648
00-0037664,Alec Pierce,WR,2025,15,183.3,12.22
00-0036040,Juwan Johnson,TE,2025,17,179.9,10.58235294117647
00-0034960,Jakobi Meyers,WR,2025,17,178.0,10.470588235294118
00-0039868,Troy Franklin,WR,2025,17,177.1,10.41764705882353
00-0039338,Brock Bowers,TE,2025,12,176.2,14.683333333333332
00-0038544,Quentin Johnston,WR,2025,14,176.2,12.585714285714285
00-0030565,Geno Smith,QB,2025,15,173.9,11.593333333333334
00-0040784,Quinshon Judkins,RB,2025,14,169.8,12.12857142857143
00-0035685,David Montgomery,RB,2025,17,166.92000000000002,9.818823529411766
00-0039793,AJ Barner,TE,2025,20,166.20000000000002,8.31
00-0040583,Woody Marks,RB,2025,18,165.9,9.216666666666667
00-0040236,Kyle Monangai,RB,2025,19,163.8,8.621052631578948
00-0033288,George Kittle,TE,2025,12,163.1,13.591666666666667
00-0038563,Tre Tucker,WR,2025,17,161.7,9.511764705882353
00-0039384,Tyrone Tracy Jr.,RB,2025,15,160.8,10.72
00-0036212,Tua Tagovailoa,QB,2025,14,160.70000000000002,11.47857142857143
00-0036244,Colby Parkinson,TE,2025,17,159.0,9.352941176470589
00-0039919,Rome Odunze,WR,2025,14,158.9,11.35
00-0038933,Dalton Kincaid,TE,2025,14,158.20000000000002,11.3
00-0040743,Tyler Shough,QB,2025,11,157.96,14.360000000000001
00-0037545,Rashid Shaheed,WR,2025,21,157.6,7.504761904761905
00-0038608,Kayshon Boutte,WR,2025,18,155.9,8.661111111111111
00-0033908,Cooper Kupp,WR,2025,19,153.0,8.052631578947368
00-0039067,Rashee Rice,WR,2025,8,150.1,18.7625
00-0039893,Brian Thomas Jr.,WR,2025,15,148.9,9.926666666666668
00-0040130,Jayden Higgins,WR,2025,19,148.3,7.805263157894737
00-0026158,Joe Flacco,QB,2025,13,146.66,11.281538461538462
00-0033923,Kareem Hunt,RB,2025,17,145.4,8.552941176470588
00-0036555,Chuba Hubbard,RB,2025,16,145.3,9.08125
00-0038124,Christian Watson,WR,2025,11,145.0,13.181818181818182
00-0037256,Rachaad White,RB,2025,17,143.0,8.411764705882353
00-0039738,Blake Corum,RB,2025,20,142.8,7.140000000000001
00-0036945,Justin Fields,QB,2025,9,142.66,15.851111111111111
00-0040242,Jacory Croskey-Merritt,RB,2025,17,140.3,8.25294117647059
00-0040735,Luther Burden III,WR,2025,17,140.1,8.241176470588234
00-0039361,Bucky Irving,RB,2025,10,138.5,13.85
00-0038997,Josh Downs,WR,2025,16,138.4,8.65
00-0033555,Mack Hollins,WR,2025,16,138.3,8.64375
00-0035662,Marquise Brown,WR,2025,16,137.7,8.60625
00-0040189,Oronde Gadsden II,TE,2025,16,137.4,8.5875
00-0040666,Omarion Hampton,RB,2025,10,135.6,13.559999999999999
00-0038994,Jordan Addison,WR,2025,14,135.1,9.65
00-0036442,Joe Burrow,QB,2025,8,134.46,16.8075
00-0034753,Mark Andrews,TE,2025,17,131.0,7.705882352941177
00-0036972,Mac Jones,QB,2025,12,130.9,10.908333333333333
00-0037525,Jordan Mason,RB,2025,16,128.9,8.05625
00-0039849,Marvin Harrison Jr.,WR,2025,12,127.80000000000001,10.65
00-0039847,Theo Johnson,TE,2025,15,127.8,8.52
00-0040715,Cam Skattebo,RB,2025,8,127.7,15.9625
00-0030061,Zach Ertz,TE,2025,13,126.4,9.723076923076924
00-0032268,Marcus Mariota,QB,2025,10,125.5,12.55
00-0039923,J.J. McCarthy,QB,2025,10,125.38,12.538
00-0039391,Kimani Vidal,RB,2025,14,125.0,8.928571428571429
00-0037809,Chig Okonkwo,TE,2025,17,124.0,7.294117647058823
00-0037263,Tyler Allgeier,RB,2025,17,123.0,7.235294117647059
00-0038976,Marvin Mims Jr.,WR,2025,17,122.5,7.205882352941177
00-0038129,Cade Otton,TE,2025,15,122.2,8.146666666666667
00-0038935,Brenton Strange,TE,2025,13,120.9,9.3
00-0036407,Jerry Jeudy,WR,2025,17,120.7,7.1000000000000005
00-0039917,Michael Penix Jr.,QB,2025,9,120.28,13.364444444444445
00-0039491,Jalen Coker,WR,2025,12,118.8,9.9
00-0033293,Aaron Jones,RB,2025,12,118.7,9.891666666666667
00-0038621,DeMario Douglas,WR,2025,20,118.2,5.91
00-0038996,Tucker Kraft,TE,2025,8,117.19999999999999,14.649999999999999
00-0040170,Elic Ayomanor,WR,2025,16,116.5,7.28125
00-0036894,Pat Freiermuth,TE,2025,16,116.4,7.275
00-0040705,Chimere Dike,WR,2025,17,116.1,6.829411764705882
00-0036158,J.K. Dobbins,RB,2025,10,115.9,11.59
00-0035689,Dawson Knox,TE,2025,18,115.9,6.438888888888889
00-0039901,Keon Coleman,WR,2025,14,115.0,8.214285714285714
00-0039910,Jayden Daniels,QB,2025,7,114.28,16.325714285714287
00-0035659,Terry McLaurin,WR,2025,10,114.2,11.42
00-0039410,Ryan Flournoy,WR,2025,15,114.0,7.6
00-0035229,T.J. Hockenson,TE,2025,15,112.8,7.52
00-0039032,Tyjae Spears,RB,2025,13,111.7,8.592307692307692
00-0039880,Malik Washington,WR,2025,17,110.7,6.511764705882353
00-0038618,Xavier Hutchinson,WR,2025,18,110.5,6.138888888888889
00-0039894,Xavier Worthy,WR,2025,14,109.9,7.8500000000000005
00-0035250,Devin Singletary,RB,2025,17,108.8,6.3999999999999995
00-0033881,Evan Engram,TE,2025,18,108.4,6.022222222222222
00-0039065,Sam LaPorta,TE,2025,9,106.9,11.877777777777778
00-0037112,Jake Tonges,TE,2025,12,104.60000000000001,8.716666666666667
00-0029604,Kirk Cousins,QB,2025,10,103.54,10.354000000000001
00-0037291,Jalen Nailor,WR,2025,17,100.7,5.923529411764706
00-0033906,Alvin Kamara,RB,2025,11,100.7,9.154545454545454
00-0035537,Ty Johnson,RB,2025,17,100.30000000000001,5.9
00-0037740,Garrett Wilson,WR,2025,7,99.5,14.214285714285714
00-0039376,Spencer Rattler,QB,2025,9,99.14,11.015555555555556
00-0036924,Michael Carter,RB,2025,13,99.0,7.615384615384615
00-0035535,Darius Slayton,WR,2025,14,98.80000000000001,7.057142857142858
00-0034775,Christian Kirk,WR,2025,13,96.3,7.407692307692307
00-0038797,Emanuel Wilson,RB,2025,18,94.80000000000001,5.2666666666666675
00-0034791,Nick Chubb,RB,2025,17,94.5,5.5588235294117645
00-0035208,Olamide Zaccheaus,WR,2025,16,94.5,5.90625
00-0040719,Bhayshul Tuten,RB,2025,16,93.7,5.85625
00-0037157,Bam Knight,RB,2025,12,92.9,7.741666666666667
00-0040237,Tez Johnson,WR,2025,15,92.4,6.16
00-0033307,Kendrick Bourne,WR,2025,15,92.10000000000001,6.140000000000001
00-0038611,Chris Rodriguez Jr.,RB,2025,12,92.0,7.666666666666667
00-0040584,Gunnar Helm,TE,2025,16,91.7,5.73125
00-0038951,Sean Tucker,RB,2025,17,91.4,5.376470588235295
00-0039342,Xavier Legette,WR,2025,16,91.10000000000001,5.6937500000000005
00-0036290,Cole Kmet,TE,2025,18,90.9,5.050000000000001
00-0037837,Calvin Austin III,WR,2025,15,90.0,6.0
00-0038619,Andrei Iosivas,WR,2025,15,89.9,5.993333333333334
00-0040736,Mason Taylor,TE,2025,13,88.9,6.838461538461539
00-0031610,Darren Waller,TE,2025,9,88.7,9.855555555555556
00-0039916,Ricky Pearsall,WR,2025,10,88.60000000000001,8.860000000000001
00-0040667,Matthew Golden,WR,2025,15,88.4,5.8933333333333335
00-0039890,Adonai Mitchell,WR,2025,16,87.9,5.49375
00-0040162,Dylan Sampson,RB,2025,15,87.60000000000001,5.840000000000001
00-0037197,Isiah Pacheco,RB,2025,13,87.3,6.7153846153846155
00-0033858,Jonnu Smith,TE,2025,18,87.10000000000001,4.8388888888888895
00-0033885,David Njoku,TE,2025,11,86.3,7.845454545454545
00-0040668,Shedeur Sanders,QB,2025,8,84.9,10.6125
00-0031408,Mike Evans,WR,2025,8,84.80000000000001,10.600000000000001
00-0037801,KaVontae Turpin,WR,2025,15,84.5,5.633333333333334
00-0033110,Tyler Higbee,TE,2025,13,83.5,6.423076923076923
00-0033921,Chris Godwin Jr.,WR,2025,9,83.0,9.222222222222221
00-0032775,Demarcus Robinson,WR,2025,16,82.4,5.15
00-0040134,Pat Bryant,WR,2025,15,82.3,5.486666666666666
00-0036309,Darnell Mooney,WR,2025,15,82.3,5.486666666666666
00-0032385,Sterling Shepard,WR,2025,13,82.0,6.3076923076923075
00-0038104,Tyquan Thornton,WR,2025,12,80.8,6.733333333333333
00-0033526,Samaje Perine,RB,2025,15,77.9,5.193333333333333
00-0035228,Kyler Murray,QB,2025,5,77.78,15.556000000000001
00-0040669,Isaac TeSlaa,WR,2025,14,75.9,5.421428571428572
00-0038393,Dontayvion Wicks,WR,2025,13,75.8,5.8307692307692305
00-0035500,Greg Dortch,WR,2025,12,75.10000000000001,6.258333333333334
00-0035644,Noah Fant,TE,2025,13,74.8,5.753846153846154
00-0039066,Michael Mayer,TE,2025,13,73.8,5.676923076923076
00-0033857,JuJu Smith-Schuster,WR,2025,17,73.5,4.323529411764706
00-0038558,Darnell Washington,TE,2025,13,73.4,5.6461538461538465
00-0040727,Tre Harris,WR,2025,17,73.4,4.31764705882353
00-0033955,Jeremy McNichols,RB,2025,16,72.7,4.54375
00-0037614,John Metchie III,WR,2025,13,71.9,5.5307692307692315
00-0039798,Isaiah Davis,RB,2025,16,71.2,4.45
00-0034829,Mike Gesicki,TE,2025,12,70.7,5.891666666666667
00-0032950,Carson Wentz,QB,2025,5,70.34,14.068000000000001
00-0040704,Dillon Gabriel,QB,2025,10,70.08,7.008
00-0036415,Van Jefferson,WR,2025,14,70.0,5.0
00-0037005,Tommy Tremble,TE,2025,16,69.10000000000001,4.3187500000000005
00-0036898,Davis Mills,QB,2025,6,68.6,11.433333333333332
00-0040138,Jaylin Noel,WR,2025,19,68.4,3.6
00-0032211,Tyler Lockett,WR,2025,17,67.1,3.9470588235294115
00-0030564,DeAndre Hopkins,WR,2025,17,67.0,3.9411764705882355
00-0039424,Devaughn Vele,WR,2025,9,66.3,7.366666666666666
00-0034975,Justice Hill,RB,2025,10,65.2,6.5200000000000005
00-0031236,Brandin Cooks,WR,2025,15,64.7,4.3133333333333335
00-0032392,Austin Hooper,TE,2025,16,64.7,4.04375
00-0039146,Jayden Reed,WR,2025,6,64.2,10.700000000000001
00-0037746,Brian Robinson,RB,2025,19,64.2,3.378947368421053
00-0039875,Ray Davis,RB,2025,19,63.400000000000006,3.336842105263158
00-0040078,Brashard Smith,RB,2025,17,63.3,3.7235294117647055
00-0037252,Greg Dulcich,TE,2025,9,62.800000000000004,6.977777777777778
00-0039074,Davis Allen,TE,2025,15,62.800000000000004,4.1866666666666665
00-0037838,Isaiah Likely,TE,2025,12,61.7,5.141666666666667
00-0032464,Kalif Raymond,WR,2025,15,60.8,4.053333333333333
00-0040202,Devin Neal,RB,2025,9,60.0,6.666666666666667
00-0038979,Cedric Tillman,WR,2025,12,60.0,5.0
00-0038115,Daniel Bellinger,TE,2025,13,59.6,4.584615384615384
00-0028118,Tyrod Taylor,QB,2025,6,59.46,9.91
00-0040648,Tory Horton,WR,2025,8,59.1,7.3875
00-0038705,Emari Demercado,RB,2025,12,58.3,4.858333333333333
00-0039041,Elijah Higgins,TE,2025,17,58.1,3.4176470588235297
00-0039337,Malik Nabers,WR,2025,4,57.1,14.275
00-0038555,Tank Bigsby,RB,2025,16,55.7,3.48125
00-0038454,Keaton Mitchell,RB,2025,13,55.400000000000006,4.261538461538462
00-0036550,Rashod Bateman,WR,2025,13,55.400000000000006,4.261538461538462
00-0035249,Josh Oliver,TE,2025,12,55.0,4.583333333333333
00-0040737,Terrance Ferguson,TE,2025,13,55.0,4.230769230769231
00-0040782,Isaiah Bond,WR,2025,15,54.7,3.646666666666667
00-0040198,Ollie Gordon II,RB,2025,17,54.1,3.182352941176471
00-0039356,Ja'Tavion Sanders,TE,2025,12,54.0,4.5
00-0033040,Tyreek Hill,WR,2025,4,53.5,13.375
00-0040194,Jackson Hawes,TE,2025,14,52.7,3.7642857142857147
00-0040131,Kyle Williams,WR,2025,17,52.6,3.0941176470588236
00-0036988,Josh Palmer,WR,2025,12,52.300000000000004,4.358333333333333
00-0033375,Tim Patrick,WR,2025,14,51.7,3.692857142857143
00-0039355,Luke McCaffrey,WR,2025,9,51.300000000000004,5.7
00-0038128,Malik Willis,QB,2025,4,51.17999999999999,12.794999999999998
00-0039144,Luke Musgrave,TE,2025,14,51.1,3.65
00-0037741,Jahan Dotson,WR,2025,16,50.2,3.1375
00-0029263,Russell Wilson,QB,2025,6,49.84,8.306666666666667
00-0036626,Dyami Brown,WR,2025,11,49.7,4.5181818181818185
00-0035359,David Sills,WR,2025,12,49.1,4.091666666666667
00-0035100,Jake Browning,QB,2025,5,48.74,9.748000000000001
00-0039451,Isaiah Williams,WR,2025,15,48.7,3.246666666666667
00-0038359,Xavier Smith,WR,2025,19,48.300000000000004,2.542105263157895
00-0039874,Jaylen Wright,RB,2025,9,48.2,5.355555555555556
00-0040187,Mitchell Evans,TE,2025,15,48.2,3.2133333333333334
00-0039373,Audric Estimé,RB,2025,5,48.099999999999994,9.62
00-0038679,Tyrell Shavers,WR,2025,12,47.900000000000006,3.991666666666667
00-0034613,Tanner Hudson,TE,2025,10,47.8,4.779999999999999
00-0035406,Lil'Jordan Humphrey,WR,2025,9,47.4,5.266666666666667
00-0034837,Calvin Ridley,WR,2025,7,47.3,6.757142857142857
00-0037805,Jeremy Ruckert,TE,2025,14,46.900000000000006,3.3500000000000005
00-0037666,Jalen Tolbert,WR,2025,12,46.3,3.858333333333333
00-0036422,Adam Trautman,TE,2025,14,45.5,3.25
00-0030035,Adam Thielen,WR,2025,15,44.1,2.94
00-0037267,Jerome Ford,RB,2025,13,43.6,3.353846153846154
00-0031503,Jameis Winston,QB,2025,3,43.28,14.426666666666668
00-0040729,Jack Bech,WR,2025,14,42.4,3.0285714285714285
00-0039751,Jordan Whittington,WR,2025,17,41.800000000000004,2.458823529411765
00-0033357,Taysom Hill,TE,2025,13,41.78,3.213846153846154
00-0037563,Malik Davis,RB,2025,10,40.6,4.0600000000000005
00-0035993,Tyler Huntley,QB,2025,5,40.14,8.028
00-0040164,Jaylin Lane,WR,2025,15,39.2,2.6133333333333337
00-0038440,Zavier Scott,RB,2025,11,39.2,3.563636363636364
00-0036637,Noah Gray,TE,2025,14,38.800000000000004,2.771428571428572
00-0032398,Chris Moore,WR,2025,10,38.6,3.8600000000000003
00-0039739,Roman Wilson,WR,2025,9,38.6,4.288888888888889
00-0032104,Ameer Abdullah,RB,2025,13,37.9,2.9153846153846152
00-0036427,Tyler Johnson,WR,2025,9,37.7,4.188888888888889
00-0034272,Marquez Valdes-Scantling,WR,2025,10,37.6,3.7600000000000002
00-0039792,Devontez Walker,WR,2025,8,37.6,4.7
00-0037085,Tyler Badie,RB,2025,18,37.5,2.0833333333333335
00-0038738,Hunter Luepke,RB,2025,14,37.0,2.642857142857143
00-0040739,Elijah Arroyo,TE,2025,13,36.9,2.838461538461538
00-0036754,Brock Wright,TE,2025,8,36.800000000000004,4.6000000000000005
00-0038685,Chris Brooks,RB,2025,18,36.4,2.022222222222222
00-0038046,Charlie Kolar,TE,2025,13,36.2,2.784615384615385
00-0034983,Hunter Renfrow,WR,2025,6,35.900000000000006,5.983333333333334
00-0035645,Gunner Olszewski,WR,2025,16,35.82000000000001,2.2387500000000005
00-0038794,Jaleel McLaughlin,RB,2025,10,35.800000000000004,3.5800000000000005
00-0039921,Trey Benson,RB,2025,4,35.4,8.85
00-0036196,Gabe Davis,WR,2025,7,34.300000000000004,4.9
00-0033553,James Conner,RB,2025,3,33.300000000000004,11.100000000000001
00-0038551,Kendre Miller,RB,2025,7,33.3,4.757142857142857
00-0040234,Quinn Ewers,QB,2025,4,33.18,8.295
00-0037231,Kevin Austin Jr.,WR,2025,5,33.0,6.6
00-0037004,Hunter Long,TE,2025,7,32.5,4.642857142857143
00-0035631,Drew Sample,TE,2025,12,31.9,2.658333333333333
00-0022942,Philip Rivers,QB,2025,3,31.659999999999997,10.553333333333333
00-0038839,Mitchell Tinsley,WR,2025,8,31.6,3.95
00-0039920,Malachi Corley,WR,2025,12,31.6,2.6333333333333333
00-0036849,Tutu Atwell,WR,2025,8,31.2,3.9
00-0033869,Mitchell Trubisky,QB,2025,4,31.119999999999997,7.779999999999999
00-0040206,Riley Leonard,QB,2025,5,31.0,6.2
00-0038720,Julian Hill,TE,2025,11,31.0,2.8181818181818183
00-0033217,Mo Alie-Cox,TE,2025,11,30.7,2.790909090909091
00-0036887,Luke Farrell,TE,2025,15,30.6,2.04
00-0040590,Konata Mumpfield,WR,2025,13,30.4,2.338461538461538
00-0033891,Zay Jones,WR,2025,6,30.3,5.05
00-0036980,Elijah Moore,WR,2025,10,30.0,3.0
00-0038840,Brycen Tremayne,WR,2025,16,30.0,1.875
00-0039855,Jalen McMillan,WR,2025,4,29.9,7.475
00-0039405,Jawhar Jordan,RB,2025,4,29.7,7.425
00-0031687,Raheem Mostert,RB,2025,12,29.400000000000002,2.45
00-0037742,Treylon Burks,WR,2025,8,29.0,3.625
00-0040218,Jimmy Horn Jr.,WR,2025,11,28.7,2.609090909090909
00-0040398,Brady Cook,QB,2025,5,28.46,5.692
00-0039912,Ben Sinnott,TE,2025,9,28.4,3.1555555555555554
00-0036165,Isaiah Hodgins,WR,2025,6,27.5,4.583333333333333
00-0036628,John Bates,TE,2025,10,27.3,2.73
00-0038547,Luke Schoonmaker,TE,2025,14,27.200000000000003,1.942857142857143
00-0040238,LeQuint Allen Jr.,RB,2025,17,27.0,1.588235294117647
00-0035243,Miles Sanders,RB,2025,4,26.700000000000003,6.675000000000001
00-0040277,Jahdae Walker,WR,2025,6,26.7,4.45
00-0040311,Theo Wease Jr.,WR,2025,3,25.9,8.633333333333333
00-0036755,Jaret Patterson,RB,2025,7,25.7,3.6714285714285713
00-0040009,Savion Williams,WR,2025,12,25.500000000000004,2.1250000000000004
00-0039359,Cade Stover,TE,2025,8,25.400000000000002,3.1750000000000003
00-0037306,John FitzPatrick,TE,2025,11,25.2,2.290909090909091
00-0034365,Ian Thomas,TE,2025,9,24.4,2.711111111111111
00-0026300,Josh Johnson,QB,2025,3,24.380000000000003,8.126666666666667
00-0037091,Bo Melton,WR,2025,13,24.200000000000003,1.8615384615384618
00-0039796,Rasheen Ali,RB,2025,15,24.2,1.6133333333333333
00-0033854,Dare Ogunbowale,RB,2025,14,24.1,1.7214285714285715
00-0039530,Brevyn Spann-Ford,TE,2025,16,24.0,1.5
00-0040581,Dont'e Thornton Jr.,WR,2025,11,23.5,2.1363636363636362
00-0039299,George Holani,RB,2025,12,23.2,1.9333333333333333
00-0033943,Josh Reynolds,WR,2025,5,23.1,4.62
00-0034521,Allen Lazard,WR,2025,9,23.0,2.5555555555555554
00-0037086,Grant Calcaterra,TE,2025,9,22.6,2.511111111111111
00-0033282,Curtis Samuel,WR,2025,7,22.3,3.185714285714286
00-0039746,Will Shipley,RB,2025,15,21.1,1.4066666666666667
00-0034159,Will Dissly,TE,2025,8,20.700000000000003,2.5875000000000004
00-0039379,Jamari Thrash,WR,2025,8,20.7,2.5875
00-0040586,Jaydon Blue,RB,2025,5,20.400000000000002,4.08
00-0039623,Mason Tipton,WR,2025,8,20.400000000000002,2.5500000000000003
00-0040466,Raheim Sanders,RB,2025,4,20.3,5.075
00-0033246,Johnny Mundt,TE,2025,12,20.1,1.675
00-0040024,Darius Cooper,WR,2025,7,20.1,2.8714285714285714
00-0035021,Ashton Dulin,WR,2025,12,20.0,1.6666666666666667
00-0036182,Nick Westbrook-Ikhine,WR,2025,13,19.9,1.5307692307692307
00-0034860,Dante Pettis,WR,2025,8,19.700000000000003,2.4625000000000004
00-0040563,Efton Chism III,WR,2025,10,19.5,1.95
00-0037348,Tanner Conner,TE,2025,8,18.1,2.2625
00-0035891,Cody White,WR,2025,8,18.0,2.25
00-0038783,Nate Adkins,TE,2025,7,17.900000000000002,2.5571428571428574
00-0039589,Kameron Johnson,WR,2025,17,17.7,1.0411764705882351
00-0036590,Quintin Morris,TE,2025,11,17.5,1.5909090909090908
00-0034270,Tyler Conklin,TE,2025,6,17.3,2.8833333333333333
00-0036328,Antonio Gibson,RB,2025,5,17.2,3.44
00-0035291,Trayveon Williams,RB,2025,6,17.1,2.85
00-0036862,Ben Skowronek,WR,2025,17,16.9,0.9941176470588234
00-0036741,Jack Stoll,TE,2025,9,16.6,1.8444444444444446
00-0038589,Josh Whyle,TE,2025,7,16.3,2.3285714285714287
00-0040184,KeAndre Lambert-Smith,WR,2025,10,16.1,1.61
00-0038891,Shedrick Jackson,WR,2025,3,15.9,5.3
00-0039394,Casey Washington,WR,2025,5,15.400000000000002,3.0800000000000005
00-0038752,Jake Bobo,WR,2025,8,15.3,1.9125
00-0039794,Braelon Allen,RB,2025,4,15.3,3.825
00-0035298,Scott Miller,WR,2025,5,15.200000000000001,3.04
00-0039757,Terrell Jennings,RB,2025,6,15.200000000000001,2.5333333333333337
00-0038090,Skyy Moore,WR,2025,19,15.1,0.7947368421052632
00-0034771,Mason Rudolph,QB,2025,6,15.08,2.513333333333333
00-0036959,Michael Bandy,WR,2025,4,15.0,3.75
00-0038465,Malik Heath,WR,2025,7,14.6,2.085714285714286
00-0036630,Tylan Wallace,WR,2025,11,14.5,1.3181818181818181
00-0040259,Gage Larvadain,WR,2025,13,14.4,1.1076923076923078
00-0040644,Trevor Etienne,RB,2025,18,14.1,0.7833333333333333
00-0034407,Ray-Ray McCloud,WR,2025,6,13.900000000000002,2.316666666666667
00-0038400,Tanner McKee,QB,2025,4,13.760000000000002,3.4400000000000004
00-0039521,Xavier Weaver,WR,2025,7,13.700000000000001,1.9571428571428573
00-0037012,Trey Lance,QB,2025,4,13.54,3.385
00-0040582,Arian Smith,WR,2025,13,13.5,1.0384615384615385
00-0033455,Anthony Firkser,TE,2025,5,13.3,2.66
00-0033591,Noah Brown,WR,2025,4,13.3,3.325
00-0033699,Austin Ekeler,RB,2025,2,13.1,6.55
00-0039648,David Martin-Robinson,TE,2025,11,13.0,1.1818181818181819
00-0034981,Foster Moreau,TE,2025,7,12.9,1.842857142857143
00-0036429,Charlie Woerner,TE,2025,7,12.8,1.8285714285714287
00-0037292,Andrew Ogletree,TE,2025,11,12.700000000000001,1.1545454545454545
00-0036133,James Proche,WR,2025,6,12.5,2.0833333333333335
00-0037475,Stone Smartt,TE,2025,6,12.2,2.033333333333333
00-0036893,Najee Harris,RB,2025,3,11.600000000000001,3.866666666666667
00-0038824,Ryan Miller,WR,2025,9,11.4,1.2666666666666666
00-0037324,Chris Oladokun,QB,2025,3,11.200000000000001,3.733333333333334
00-0038953,Dylan Drummond,WR,2025,6,11.2,1.8666666666666665
00-0036332,Josiah Deguara,TE,2025,7,11.1,1.5857142857142856
00-0036876,Kylen Granson,TE,2025,12,11.0,0.9166666666666666
00-0040021,Phil Mafah,RB,2025,1,10.9,10.9
00-0039398,Joe Milton III,QB,2025,4,10.32,2.58
00-0032688,Robbie Chosen,WR,2025,3,10.3,3.4333333333333336
00-0038647,Ronnie Bell,WR,2025,2,10.3,5.15
00-0036620,Dee Eskridge,WR,2025,11,10.2,0.9272727272727272
00-0037617,Hassan Haskins,RB,2025,12,10.0,0.8333333333333334
00-0034419,Braxton Berrios,WR,2025,5,9.700000000000001,1.9400000000000002
00-0037329,Brittain Brown,RB,2025,2,9.7,4.85
00-0040179,DJ Giddens,RB,2025,5,9.600000000000001,1.9200000000000004
00-0034798,Durham Smythe,TE,2025,9,9.6,1.0666666666666667
00-0038040,Zamir White,RB,2025,5,9.6,1.92
00-0027973,Andy Dalton,QB,2025,4,9.52,2.38
00-0034418,Cedrick Wilson Jr.,WR,2025,6,9.4,1.5666666666666667
00-0040556,Corey Kiner,RB,2025,4,9.3,2.325
00-0036265,AJ Dillon,RB,2025,6,9.100000000000001,1.5166666666666668
00-0033576,Eric Saubert,TE,2025,10,9.1,0.9099999999999999
00-0037276,Ty Chandler,RB,2025,3,8.8,2.9333333333333336
00-0039458,Brenden Bates,TE,2025,5,8.8,1.7600000000000002
00-0040142,Kaleb Johnson,RB,2025,10,8.8,0.8800000000000001
00-0036423,Albert Okwuegbunam,TE,2025,1,8.6,8.6
00-0038938,Jalin Hyatt,WR,2025,6,8.5,1.4166666666666667
00-0037654,Tucker Fisk,TE,2025,5,8.100000000000001,1.6200000000000003
00-0038640,Jalen Brooks,WR,2025,5,8.100000000000001,1.6200000000000003
00-0039603,British Brooks,RB,2025,9,7.800000000000001,0.8666666666666667
00-0036232,Harrison Bryant,TE,2025,6,7.8,1.3
00-0038102,Kenny Pickett,QB,2025,6,7.720000000000001,1.2866666666666668
00-0036841,Austin Trammell,WR,2025,6,7.6000000000000005,1.2666666666666668
00-0039754,Devin Culp,TE,2025,4,7.6,1.9
00-0035544,Tom Kennedy,WR,2025,6,7.6,1.2666666666666666
00-0035264,Jarrett Stidham,QB,2025,2,7.520000000000001,3.7600000000000007
00-0040363,Keleki Latu,TE,2025,3,7.5,2.5
00-0035140,Mecole Hardman,WR,2025,3,7.4,2.466666666666667
00-0036414,Cam Akers,RB,2025,4,7.180000000000001,1.7950000000000002
00-0040522,Xavier Restrepo,WR,2025,2,7.1,3.55
00-0036176,Mason Kinsey,WR,2025,6,6.800000000000001,1.1333333333333335
00-0037093,Dareke Young,WR,2025,11,6.8,0.6181818181818182
00-0036906,Khalil Herbert,RB,2025,5,6.6000000000000005,1.32
00-0040208,Tahj Brooks,RB,2025,12,6.4,0.5333333333333333
00-0038397,Evan Hull,RB,2025,6,6.4,1.0666666666666667
00-0037487,Deven Thompkins,WR,2025,7,6.200000000000001,0.8857142857142859
00-0034854,KhaDarel Hodge,WR,2025,8,6.1,0.7625
00-0034386,Justin Watson,WR,2025,3,6.0,2.0
00-0038809,Ben Sims,TE,2025,3,6.0,2.0
00-0037282,James Mitchell,TE,2025,3,5.800000000000001,1.9333333333333336
00-0039407,Dylan Laube,RB,2025,17,5.7,0.33529411764705885
00-0040154,Tai Felton,WR,2025,12,5.5,0.4583333333333333
00-0037120,Tyler Goodson,RB,2025,10,5.2,0.52
00-0034487,Trent Sherfield,WR,2025,4,5.1,1.275
00-0036534,Shane Zylstra,TE,2025,1,5.0,5.0
00-0036842,Kene Nwangwu,RB,2025,10,4.9,0.49000000000000005
00-0039737,Tip Reiman,TE,2025,3,4.8,1.5999999999999999
00-0036187,Reggie Gilliam,RB,2025,11,4.8,0.43636363636363634
00-0038579,Aidan O'Connell,QB,2025,1,4.78,4.78
00-0039884,Tahj Washington,WR,2025,2,4.699999999999999,2.3499999999999996
00-0036331,Devin Duvernay,WR,2025,19,4.6000000000000005,0.24210526315789477
00-0037557,Ronnie Rivers,RB,2025,9,4.6000000000000005,0.5111111111111112
00-0040172,Jordan Watkins,WR,2025,2,4.6000000000000005,2.3000000000000003
00-0040432,Beaux Collins,WR,2025,4,4.5,1.125
00-0040177,Jordan James,RB,2025,1,4.5,4.5
00-0037524,Tay Martin,WR,2025,2,4.300000000000001,2.1500000000000004
00-0040494,Max Brosmer,QB,2025,7,4.220000000000001,0.602857142857143
00-0037745,Velus Jones Jr.,WR,2025,6,4.2,0.7000000000000001
00-0038519,Nikko Remigio,WR,2025,14,4.2,0.3
00-0036360,Clyde Edwards-Helaire,RB,2025,2,4.199999999999999,2.0999999999999996
00-0040547,Nate Carter,RB,2025,2,4.000000000000001,2.0000000000000004
00-0037132,Britain Covey,WR,2025,7,4.0,0.5714285714285714
00-0038728,Jared Wayne,WR,2025,1,4.0,4.0
00-0037594,Julius Chestnut,RB,2025,16,4.0,0.25
00-0040406,Quentin Skinner,WR,2025,1,4.0,4.0
00-0036679,Shane Buechele,QB,2025,1,3.92,3.92
00-0039686,Colson Yankoff,TE,2025,10,3.8000000000000003,0.38
00-0037340,Zaire Mitchell-Paden,TE,2025,3,3.7,1.2333333333333334
00-0037258,Dameon Pierce,RB,2025,5,3.6,0.72
00-0038573,Derius Davis,WR,2025,12,3.5,0.2916666666666667
00-0040388,Jakobie Keeney-James,WR,2025,1,3.5,3.5
00-0040317,Jacoby Jones,WR,2025,1,3.5,3.5
00-0039062,Jonathan Mingo,WR,2025,5,3.5,0.7
00-0037539,Lucas Krull,TE,2025,2,3.5,1.75
00-0040509,Ben Yurosek,TE,2025,6,3.4,0.5666666666666667
00-0035602,Alex Bachman,WR,2025,11,3.2,0.29090909090909095
00-0037015,Sal Cannella,TE,2025,2,3.1,1.55
00-0040244,Moliki Matavao,TE,2025,1,3.0,3.0
00-0031237,Teddy Bridgewater,QB,2025,3,2.88,0.96
00-0039305,Jack Westover,TE,2025,5,2.8,0.5599999999999999
00-0035876,Andre Baccellia,WR,2025,4,2.8,0.7
00-0039631,Cam Grandy,TE,2025,2,2.7,1.35
00-0033589,David Moore,WR,2025,3,2.7,0.9
00-0034073,Ross Dwelley,TE,2025,4,2.7,0.675
00-0038394,Will Mallory,TE,2025,1,2.6,2.6
00-0039816,Anthony Gould,WR,2025,11,2.6,0.23636363636363636
00-0038496,Xavier Gipson,WR,2025,6,2.6,0.43333333333333335
00-0038416,Tyson Bagent,QB,2025,2,2.58,1.29
00-0036497,Tim Jones,WR,2025,2,2.5,1.25
00-0035628,D'Ernest Johnson,RB,2025,8,2.5,0.3125
00-0040534,Ke'Shawn Williams,WR,2025,11,2.5,0.22727272727272727
00-0040646,Jalen Royals,WR,2025,2,2.4,1.2
00-0038710,Blake Whiteheart,TE,2025,9,2.4,0.26666666666666666
00-0039164,Anthony Richardson,QB,2025,2,2.1599999999999997,1.0799999999999998
00-0033376,Patrick Ricard,RB,2025,5,2.1,0.42000000000000004
00-0033439,Pharaoh Brown,TE,2025,5,2.1,0.42000000000000004
00-0036425,DeeJay Dallas,RB,2025,5,2.1,0.42000000000000004
00-0033949,Joshua Dobbs,QB,2025,4,2.1,0.525
00-0039050,Payne Durham,TE,2025,8,2.1,0.2625
00-0040067,Jacardia Wright,RB,2025,1,2.0,2.0
00-0038582,Clayton Tune,QB,2025,2,1.9800000000000002,0.9900000000000001
00-0039650,Bryce Oliver,WR,2025,2,1.8,0.9
00-0033662,Cooper Rush,QB,2025,4,1.7200000000000002,0.43000000000000005
00-0031484,Chris Manhertz,TE,2025,4,1.7000000000000002,0.42500000000000004
00-0039021,Roschon Johnson,RB,2025,6,1.7000000000000002,0.2833333333333334
00-0039471,Frank Gore Jr.,RB,2025,2,1.6,0.8
00-0039824,Jared Wiley,TE,2025,2,1.4,0.7
00-0037755,Jelani Woods,TE,2025,2,1.4,0.7
00-0037013,Zach Wilson,QB,2025,4,1.3800000000000001,0.34500000000000003
00-0037098,Samori Toure,WR,2025,1,1.3,1.3
00-0040628,Drake Dabney,TE,2025,1,1.3,1.3
00-0040488,Carter Runyon,TE,2025,3,1.3,0.43333333333333335
00-0033757,Robert Tonyan,TE,2025,2,1.1,0.55
00-0040429,Josh Williams,RB,2025,2,1.1,0.55
00-0038896,Jacob Saylors,RB,2025,11,1.1,0.1
00-0032434,Brandon Allen,QB,2025,1,0.8799999999999999,0.8799999999999999
00-0040039,Amar Johnson,RB,2025,1,0.8,0.8
00-0040205,Kalel Mullings,RB,2025,4,0.7000000000000001,0.17500000000000002
00-0035311,Myles Gaskin,RB,2025,1,0.6000000000000001,0.6000000000000001
00-0038458,Owen Wright,RB,2025,2,0.6000000000000001,0.30000000000000004
00-0036825,Feleipe Franks,TE,2025,10,0.4,0.04
00-0035567,Craig Reynolds,RB,2025,5,0.4,0.08
00-0039364,Sione Vaki,RB,2025,8,0.4,0.05
00-0039266,Kendall Milton,RB,2025,1,0.2,0.2
00-0038911,Malik Cunningham,WR,2025,1,0.1,0.1
00-0035704,Drew Lock,QB,2025,3,0.09999999999999998,0.033333333333333326
00-0040476,Ulysses Bentley IV,RB,2025,1,0.0,0.0
00-0040649,Robbie Ouzts,RB,2025,5,0.0,0.0
00-0040506,Myles Price,WR,2025,16,0.0,0.0
00-0040058,Nick Kallerup,TE,2025,4,0.0,0.0
00-0039363,Isaac Guerendo,RB,2025,7,0.0,0.0
00-0037380,Kaden Davis,WR,2025,1,0.0,0.0
00-0038492,Jason Brownlee,WR,2025,3,0.0,0.0
00-0034681,Chase Edmonds,RB,2025,3,0.0,0.0
00-0038409,Lew Nichols III,RB,2025,1,0.0,0.0
00-0036646,Simi Fehoko,WR,2025,7,0.0,0.0
00-0034955,Brett Rypien,QB,2025,1,0.0,0.0
00-0040241,Dominic Lovett,WR,2025,2,0.0,0.0
00-0038576,Charlie Jones,WR,2025,14,0.0,0.0
00-0035956,Giovanni Ricci,TE,2025,2,0.0,0.0
00-0038488,Brady Russell,RB,2025,13,0.0,0.0
00-0039710,Jeshaun Jones,WR,2025,1,0.0,0.0
00-0038740,Jalen Moreno-Cropper,WR,2025,2,0.0,0.0
00-0036950,Avery Williams,RB,2025,1,0.0,0.0
00-0040692,Jarquez Hunter,RB,2025,1,0.0,0.0
00-0034928,Steven Sims,WR,2025,3,0.0,0.0
00-0038678,Jordan Mims,RB,2025,1,0.0,0.0
00-0034867,Malik Turner,WR,2025,3,0.0,0.0
00-0024243,Marcedes Lewis,TE,2025,1,0.0,0.0
00-0036569,Gary Brightwell,RB,2025,2,0.0,0.0
00-0039489,Hayden Rucci,TE,2025,1,0.0,0.0
00-0036527,DJ Turner,WR,2025,1,0.0,0.0
00-0035726,Jakob Johnson,RB,2025,2,0.0,0.0
00-0036567,Elijah Mitchell,RB,2025,1,0.0,0.0
00-0036984,Trey Sermon,RB,2025,3,0.0,0.0
00-0040431,Dalen Cambre,WR,2025,3,0.0,0.0
00-0031763,DeAndre Carter,WR,2025,4,0.0,0.0
00-0040225,Thomas Fidone II,TE,2025,1,0.0,0.0
00-0038643,Brayden Willis,TE,2025,6,0.0,0.0
00-0038564,Cameron Latu,TE,2025,10,0.0,0.0
00-0040352,Coleman Owen,WR,2025,2,0.0,0.0
00-0035639,Parris Campbell,WR,2025,1,0.0,0.0
00-0032951,Laquon Treadwell,WR,2025,6,0.0,0.0
00-0034054,River Cracraft,WR,2025,2,0.0,0.0
00-0038456,Travis Vokolek,TE,2025,1,0.0,0.0
00-0037311,Ko Kieft,TE,2025,2,0.0,0.0
00-0033572,Jamal Agnew,WR,2025,11,0.0,0.0
00-0037031,Nikola Kalinic,TE,2025,2,0.0,0.0
00-0040075,LaJohntay Wester,WR,2025,14,0.0,0.0
00-0038735,Princeton Fant,TE,2025,1,0.0,0.0
00-0038498,E.J. Jenkins,TE,2025,1,0.0,0.0
00-0036463,Chris Blair,WR,2025,1,0.0,0.0
00-0040629,Dalevon Campbell,WR,2025,1,0.0,0.0
00-0038590,Justin Shorter,TE,2025,3,0.0,0.0
00-0037277,Teagan Quitoriano,TE,2025,2,0.0,0.0
00-0038396,Eric Gray,RB,2025,1,0.0,0.0
00-0033319,Nick Mullens,QB,2025,4,-0.040000000000000036,-0.010000000000000009
00-0039577,Kedon Slovis,QB,2025,2,-0.08,-0.04
00-0038658,Adrian Martinez,QB,2025,1,-0.1,-0.1
00-0035594,Travis Homer,RB,2025,8,-0.2,-0.025
00-0034367,Nyheim Hines,RB,2025,4,-0.2,-0.05
00-0034577,Kyle Allen,QB,2025,2,-0.30000000000000004,-0.15000000000000002
00-0035289,Gardner Minshew,QB,2025,4,-0.3200000000000003,-0.08000000000000007
00-0031345,Jimmy Garoppolo,QB,2025,3,-1.0,-0.3333333333333333
00-0040673,Jalen Milroe,QB,2025,3,-1.6,-0.5333333333333333
00-0034796,Lamar Jackson,QB,2024,19,471.54,24.817894736842106
00-0034844,Saquon Barkley,RB,2024,20,455.70000000000005,22.785000000000004
00-0034857,Josh Allen,QB,2024,19,444.98,23.42
00-0039910,Jayden Daniels,QB,2024,20,428.2,21.41
00-0036389,Jalen Hurts,QB,2024,19,411.56,21.661052631578947
00-0036900,Ja'Marr Chase,WR,2024,17,403.0,23.705882352941178
00-0039139,Jahmyr Gibbs,RB,2024,18,398.40000000000003,22.133333333333336
00-0034855,Baker Mayfield,QB,2024,18,381.5,21.194444444444443
00-0032764,Derrick Henry,RB,2024,19,381.40000000000003,20.073684210526316
00-0036442,Joe Burrow,QB,2024,17,372.82,21.930588235294117
00-0033873,Patrick Mahomes,QB,2024,19,348.38,18.335789473684212
00-0038542,Bijan Robinson,RB,2024,17,341.70000000000005,20.1
00-0036963,Amon-Ra St. Brown,WR,2024,18,337.88,18.77111111111111
00-0033106,Jared Goff,QB,2024,18,333.68,18.537777777777777
00-0039732,Bo Nix,QB,2024,18,331.26,18.403333333333332
00-0036322,Justin Jefferson,WR,2024,18,328.28000000000003,18.23777777777778
00-0037248,James Cook,RB,2024,19,324.3,17.068421052631578
00-0035659,Terry McLaurin,WR,2024,20,322.5,16.125
00-0034869,Sam Darnold,QB,2024,18,319.66,17.75888888888889
00-0035700,Josh Jacobs,RB,2024,18,314.20000000000005,17.45555555555556
00-0039040,De'Von Achane,RB,2024,17,299.9,17.641176470588235
00-0037840,Kyren Williams,RB,2024,18,299.8,16.655555555555555
00-0035228,Kyler Murray,QB,2024,17,297.24,17.48470588235294
00-0036355,Justin Herbert,QB,2024,18,291.08,16.17111111111111
00-0039893,Brian Thomas Jr.,WR,2024,17,284.0,16.705882352941178
00-0037238,Drake London,WR,2024,17,280.8,16.51764705882353
00-0039915,Ladd McConkey,WR,2024,17,275.6,16.211764705882356
00-0033897,Joe Mixon,RB,2024,16,275.40000000000003,17.212500000000002
00-0039337,Malik Nabers,WR,2024,15,273.6,18.240000000000002
00-0037834,Brock Purdy,QB,2024,15,266.86,17.790666666666667
00-0030565,Geno Smith,QB,2024,17,266.0,15.647058823529411
00-0033906,Alvin Kamara,RB,2024,14,265.3,18.95
00-0036358,CeeDee Lamb,WR,2024,15,263.40000000000003,17.560000000000002
00-0039338,Brock Bowers,TE,2024,17,262.7,15.452941176470588
00-0031408,Mike Evans,WR,2024,15,262.6,17.506666666666668
00-0039361,Bucky Irving,RB,2024,18,260.7,14.483333333333333
00-0035676,A.J. Brown,WR,2024,17,257.2,15.129411764705882
00-0023459,Aaron Rodgers,QB,2024,17,256.58,15.092941176470587
00-0038597,Chase Brown,RB,2024,16,255.0,15.9375
00-0039918,Caleb Williams,QB,2024,17,254.54000000000002,14.97294117647059
00-0033553,James Conner,RB,2024,16,253.8,15.8625
00-0039894,Xavier Worthy,WR,2024,19,253.7,13.352631578947367
00-0038543,Jaxon Smith-Njigba,WR,2024,17,253.0,14.882352941176471
00-0034348,Courtland Sutton,WR,2024,17,252.8,14.870588235294118
00-0037740,Garrett Wilson,WR,2024,17,251.9,14.81764705882353
00-0039163,C.J. Stroud,QB,2024,19,251.86,13.255789473684212
00-0033293,Aaron Jones,RB,2024,18,250.60000000000002,13.922222222222224
00-0026498,Matthew Stafford,QB,2024,18,250.3,13.905555555555557
00-0036554,Nico Collins,WR,2024,14,248.9,17.77857142857143
00-0036223,Jonathan Taylor,RB,2024,14,244.7,17.478571428571428
00-0037744,Trey McBride,TE,2024,16,243.8,15.2375
00-0036555,Chuba Hubbard,RB,2024,15,241.60000000000002,16.10666666666667
00-0031381,Davante Adams,WR,2024,14,241.29999999999998,17.235714285714284
00-0038120,Breece Hall,RB,2024,16,240.9,15.05625
00-0036407,Jerry Jeudy,WR,2024,17,240.9,14.170588235294119
00-0036912,DeVonta Smith,WR,2024,17,240.4,14.141176470588235
00-0034827,DJ Moore,WR,2024,17,238.10000000000002,14.005882352941178
00-0036264,Jordan Love,QB,2024,16,237.34,14.83375
00-0033288,George Kittle,TE,2024,15,236.60000000000002,15.773333333333335
00-0039075,Puka Nacua,WR,2024,13,232.4,17.876923076923077
00-0030506,Travis Kelce,TE,2024,19,231.9,12.205263157894738
00-0035685,David Montgomery,RB,2024,15,225.32,15.021333333333333
00-0037240,Jameson Williams,WR,2024,16,225.20000000000002,14.075000000000001
00-0033858,Jonnu Smith,TE,2024,17,222.3,13.076470588235296
00-0036410,Tee Higgins,WR,2024,12,222.10000000000002,18.508333333333336
00-0038994,Jordan Addison,WR,2024,16,218.4,13.65
00-0033040,Tyreek Hill,WR,2024,17,218.2,12.835294117647058
00-0034960,Jakobi Meyers,WR,2024,15,218.0,14.533333333333333
00-0037261,Khalil Shakir,WR,2024,18,217.9,12.105555555555556
00-0030061,Zach Ertz,TE,2024,20,216.9,10.845
00-0036275,D'Andre Swift,RB,2024,17,214.5,12.617647058823529
00-0036893,Najee Harris,RB,2024,18,213.4,11.855555555555556
00-0036259,Jauan Jennings,WR,2024,15,210.5,14.033333333333333
00-0039064,Zay Flowers,WR,2024,17,209.5,12.323529411764707
00-0039146,Jayden Reed,WR,2024,18,205.60000000000002,11.422222222222224
00-0034753,Mark Andrews,TE,2024,19,203.4,10.705263157894738
00-0037256,Rachaad White,RB,2024,16,203.1,12.69375
00-0036550,Rashod Bateman,WR,2024,18,201.60000000000002,11.200000000000001
00-0035261,Tony Pollard,RB,2024,16,200.70000000000002,12.543750000000001
00-0034837,Calvin Ridley,WR,2024,17,199.20000000000002,11.71764705882353
00-0036139,Rico Dowdle,RB,2024,16,197.8,12.3625
00-0039849,Marvin Harrison Jr.,WR,2024,17,196.5,11.558823529411764
00-0039150,Bryce Young,QB,2024,14,195.02,13.930000000000001
00-0036158,J.K. Dobbins,RB,2024,14,194.4,13.885714285714286
00-0036309,Darnell Mooney,WR,2024,16,193.20000000000002,12.075000000000001
00-0029263,Russell Wilson,QB,2024,12,192.18,16.015
00-0039065,Sam LaPorta,TE,2024,17,191.7,11.276470588235293
00-0035640,DK Metcalf,WR,2024,15,191.2,12.746666666666666
00-0037746,Brian Robinson,RB,2024,17,190.9,11.229411764705883
00-0033908,Cooper Kupp,WR,2024,14,190.0,13.571428571428571
00-0039165,Zach Charbonnet,RB,2024,17,186.9,10.994117647058824
00-0030279,Keenan Allen,WR,2024,15,184.4,12.293333333333333
00-0037247,George Pickens,WR,2024,15,184.1,12.273333333333333
00-0038997,Josh Downs,WR,2024,14,183.5,13.107142857142858
00-0033923,Kareem Hunt,RB,2024,16,183.4,11.4625
00-0038117,Wan'Dale Robinson,WR,2024,17,182.70000000000002,10.747058823529413
00-0039384,Tyrone Tracy Jr.,RB,2024,17,182.3,10.723529411764707
00-0036212,Tua Tagovailoa,QB,2024,11,181.58,16.507272727272728
00-0038134,Kenneth Walker III,RB,2024,11,181.20000000000002,16.472727272727273
00-0039851,Drake Maye,QB,2024,13,177.14,13.626153846153844
00-0029604,Kirk Cousins,QB,2024,14,176.32,12.594285714285714
00-0036875,Rhamondre Stevenson,RB,2024,15,175.9,11.726666666666667
00-0036894,Pat Freiermuth,TE,2024,18,174.8,9.711111111111112
00-0038544,Quentin Johnston,WR,2024,16,174.70000000000002,10.918750000000001
00-0038996,Tucker Kraft,TE,2024,18,171.9,9.55
00-0036252,Michael Pittman,WR,2024,16,165.8,10.3625
00-0036997,Javonte Williams,RB,2024,18,164.20000000000002,9.122222222222224
00-0039164,Anthony Richardson,QB,2024,11,163.36,14.850909090909092
00-0037664,Alec Pierce,WR,2024,16,161.4,10.0875
00-0030564,DeAndre Hopkins,WR,2024,19,160.9,8.468421052631578
00-0033699,Austin Ekeler,RB,2024,15,159.6,10.639999999999999
00-0035719,Deebo Samuel Sr.,WR,2024,15,155.60000000000002,10.373333333333335
00-0037666,Jalen Tolbert,WR,2024,17,152.0,8.941176470588236
00-0031280,Derek Carr,QB,2024,10,150.9,15.09
00-0036613,Jaylen Waddle,WR,2024,15,149.6,9.973333333333333
00-0034351,Dallas Goedert,TE,2024,14,149.4,10.671428571428573
00-0037838,Isaiah Likely,TE,2024,17,149.3,8.782352941176471
00-0033885,David Njoku,TE,2024,11,148.5,13.5
00-0038621,DeMario Douglas,WR,2024,16,147.70000000000002,9.231250000000001
00-0034975,Justice Hill,RB,2024,17,147.3,8.664705882352942
00-0038129,Cade Otton,TE,2024,15,145.8,9.72
00-0033090,Hunter Henry,TE,2024,16,145.4,9.0875
00-0036971,Trevor Lawrence,QB,2024,10,145.2,14.52
00-0039919,Rome Odunze,WR,2024,17,144.9,8.523529411764706
00-0034407,Ray-Ray McCloud,WR,2024,17,142.5,8.382352941176471
00-0034829,Mike Gesicki,TE,2024,16,141.5,8.84375
00-0039855,Jalen McMillan,WR,2024,14,141.5,10.107142857142858
00-0038977,Tank Dell,WR,2024,14,140.0,10.0
00-0030035,Adam Thielen,WR,2024,10,139.5,13.95
00-0033921,Chris Godwin Jr.,WR,2024,7,137.8,19.685714285714287
00-0034972,Alexander Mattison,RB,2024,14,137.4,9.814285714285715
00-0032775,Demarcus Robinson,WR,2024,19,137.2,7.221052631578947
00-0036182,Nick Westbrook-Ikhine,WR,2024,14,135.7,9.692857142857141
00-0037816,Romeo Doubs,WR,2024,14,135.4,9.671428571428573
00-0035710,Daniel Jones,QB,2024,10,135.3,13.530000000000001
00-0037267,Jerome Ford,RB,2024,14,134.0,9.571428571428571
00-0034383,Dalton Schultz,TE,2024,19,132.8,6.989473684210527
00-0031544,Amari Cooper,WR,2024,16,132.8,8.3
00-0038976,Marvin Mims Jr.,WR,2024,18,132.8,7.377777777777778
00-0036970,Kyle Pitts,TE,2024,17,131.2,7.717647058823529
00-0031503,Jameis Winston,QB,2024,11,131.14,11.92181818181818
00-0037228,Jaylen Warren,RB,2024,16,130.6,8.1625
00-0036973,Travis Etienne,RB,2024,15,130.2,8.68
00-0038563,Tre Tucker,WR,2024,17,129.3,7.605882352941177
00-0038555,Tank Bigsby,RB,2024,16,129.0,8.0625
00-0035208,Olamide Zaccheaus,WR,2024,19,127.9,6.731578947368422
00-0034521,Allen Lazard,WR,2024,12,126.0,10.5
00-0039875,Ray Davis,RB,2024,20,125.7,6.285
00-0032104,Ameer Abdullah,RB,2024,15,125.2,8.346666666666668
00-0039342,Xavier Legette,WR,2024,15,125.10000000000001,8.34
00-0038559,Michael Wilson,WR,2024,16,124.5,7.78125
00-0036040,Juwan Johnson,TE,2024,15,122.80000000000001,8.186666666666667
00-0031588,Stefon Diggs,WR,2024,8,121.92,15.24
00-0038608,Kayshon Boutte,WR,2024,15,121.9,8.126666666666667
00-0034270,Tyler Conklin,TE,2024,16,121.9,7.61875
00-0032211,Tyler Lockett,WR,2024,17,121.0,7.117647058823529
00-0036980,Elijah Moore,WR,2024,17,120.9,7.111764705882353
00-0036290,Cole Kmet,TE,2024,16,120.4,7.525
00-0033555,Mack Hollins,WR,2024,20,120.2,6.01
00-0039152,Will Levis,QB,2024,12,119.94,9.995
00-0038619,Andrei Iosivas,WR,2024,17,119.9,7.052941176470589
00-0036945,Justin Fields,QB,2024,11,119.14,10.83090909090909
00-0036637,Noah Gray,TE,2024,18,118.8,6.6
00-0039901,Keon Coleman,WR,2024,16,118.7,7.41875
00-0037837,Calvin Austin III,WR,2024,18,118.3,6.572222222222222
00-0033077,Dak Prescott,QB,2024,8,116.52,14.565
00-0038393,Dontayvion Wicks,WR,2024,18,116.4,6.466666666666667
00-0037525,Jordan Mason,RB,2024,12,115.0,9.583333333333334
00-0035537,Ty Johnson,RB,2024,20,114.5,5.725
00-0038933,Dalton Kincaid,TE,2024,16,113.9,7.11875
00-0034159,Will Dissly,TE,2024,16,113.7,7.10625
00-0039032,Tyjae Spears,RB,2024,12,113.60000000000001,9.466666666666667
00-0037809,Chig Okonkwo,TE,2024,16,113.60000000000001,7.1000000000000005
00-0037291,Jalen Nailor,WR,2024,16,111.30000000000001,6.956250000000001
00-0035535,Darius Slayton,WR,2024,16,110.0,6.875
00-0033662,Cooper Rush,QB,2024,12,109.56,9.13
00-0032392,Austin Hooper,TE,2024,17,108.60000000000001,6.3882352941176475
00-0036626,Dyami Brown,WR,2024,18,108.3,6.016666666666667
00-0036988,Josh Palmer,WR,2024,15,107.4,7.16
00-0039424,Devaughn Vele,WR,2024,14,106.5,7.607142857142857
00-0037263,Tyler Allgeier,RB,2024,17,106.2,6.247058823529412
00-0038124,Christian Watson,WR,2024,14,105.3,7.521428571428571
00-0038041,Jake Ferguson,TE,2024,14,104.4,7.457142857142857
00-0035644,Noah Fant,TE,2024,14,104.0,7.428571428571429
00-0035229,T.J. Hockenson,TE,2024,11,103.89999999999999,9.445454545454545
00-0036328,Antonio Gibson,RB,2024,17,103.4,6.082352941176471
00-0034981,Foster Moreau,TE,2024,16,103.3,6.45625
00-0033357,Taysom Hill,TE,2024,8,102.34,12.7925
00-0036849,Tutu Atwell,WR,2024,16,101.7,6.35625
00-0038797,Emanuel Wilson,RB,2024,18,99.9,5.550000000000001
00-0026158,Joe Flacco,QB,2024,7,99.04,14.14857142857143
00-0038794,Jaleel McLaughlin,RB,2024,17,98.0,5.764705882352941
00-0036414,Cam Akers,RB,2024,17,97.10000000000001,5.711764705882353
00-0035250,Devin Singletary,RB,2024,15,96.6,6.4399999999999995
00-0035289,Gardner Minshew,QB,2024,10,96.32000000000001,9.632000000000001
00-0039363,Isaac Guerendo,RB,2024,16,96.2,6.0125
00-0036972,Mac Jones,QB,2024,10,96.08,9.608
00-0034771,Mason Rudolph,QB,2024,8,95.8,11.975
00-0033375,Tim Patrick,WR,2024,16,95.60000000000001,5.9750000000000005
00-0039916,Ricky Pearsall,WR,2024,11,93.5,8.5
00-0038579,Aidan O'Connell,QB,2024,9,93.48,10.386666666666667
00-0039491,Jalen Coker,WR,2024,11,92.56,8.414545454545454
00-0037801,KaVontae Turpin,WR,2024,17,92.2,5.423529411764706
00-0035216,Diontae Johnson,WR,2024,12,91.3,7.608333333333333
00-0038935,Brenton Strange,TE,2024,14,91.1,6.507142857142857
00-0038606,Parker Washington,WR,2024,14,91.0,6.5
00-0034364,Jordan Akins,TE,2024,16,91.0,5.6875
00-0035500,Greg Dortch,WR,2024,17,90.3,5.311764705882353
00-0033282,Curtis Samuel,WR,2024,17,89.8,5.2823529411764705
00-0033881,Evan Engram,TE,2024,9,89.5,9.944444444444445
00-0033591,Noah Brown,WR,2024,11,86.30000000000001,7.845454545454547
00-0039794,Braelon Allen,RB,2024,17,85.2,5.011764705882353
00-0033589,David Moore,WR,2024,15,85.10000000000001,5.673333333333334
00-0033526,Samaje Perine,RB,2024,20,84.9,4.245
00-0034272,Marquez Valdes-Scantling,WR,2024,13,84.5,6.5
00-0036251,Zack Moss,RB,2024,8,81.9,10.2375
00-0039868,Troy Franklin,WR,2024,17,80.5,4.735294117647059
00-0038979,Cedric Tillman,WR,2024,9,80.4,8.933333333333334
00-0032385,Sterling Shepard,WR,2024,13,80.3,6.176923076923076
00-0035704,Drew Lock,QB,2024,7,80.14,11.448571428571428
00-0039793,AJ Barner,TE,2024,15,78.5,5.233333333333333
00-0033009,Tyler Boyd,WR,2024,15,78.3,5.22
00-0036244,Colby Parkinson,TE,2024,18,77.6,4.311111111111111
00-0039021,Roschon Johnson,RB,2024,13,77.4,5.953846153846154
00-0035243,Miles Sanders,RB,2024,11,77.30000000000001,7.027272727272728
00-0033537,Deshaun Watson,QB,2024,7,76.72,10.959999999999999
00-0037239,Chris Olave,WR,2024,8,76.7,9.5875
00-0037545,Rashid Shaheed,WR,2024,6,75.80000000000001,12.633333333333335
00-0036415,Van Jefferson,WR,2024,16,75.3,4.70625
00-0039356,Ja'Tavion Sanders,TE,2024,15,73.2,4.88
00-0036919,Kenny Gainwell,RB,2024,21,72.4,3.447619047619048
00-0034775,Christian Kirk,WR,2024,8,70.9,8.8625
00-0031687,Raheem Mostert,RB,2024,13,70.9,5.453846153846154
00-0033955,Jeremy McNichols,RB,2024,18,70.7,3.927777777777778
00-0031236,Brandin Cooks,WR,2024,10,69.6,6.959999999999999
00-0038951,Sean Tucker,RB,2024,17,68.7,4.041176470588235
00-0039847,Theo Johnson,TE,2024,11,68.1,6.1909090909090905
00-0035689,Dawson Knox,TE,2024,17,67.6,3.9764705882352938
00-0035249,Josh Oliver,TE,2024,13,67.3,5.176923076923076
00-0039376,Spencer Rattler,QB,2024,7,67.28,9.611428571428572
00-0034386,Justin Watson,WR,2024,17,66.9,3.935294117647059
00-0034184,Gus Edwards,RB,2024,12,66.3,5.5249999999999995
00-0037614,John Metchie III,WR,2024,12,65.7,5.4750000000000005
00-0037197,Isiah Pacheco,RB,2024,10,65.3,6.529999999999999
00-0033307,Kendrick Bourne,WR,2024,12,65.1,5.425
00-0039067,Rashee Rice,WR,2024,4,64.9,16.225
00-0033857,JuJu Smith-Schuster,WR,2024,14,64.7,4.621428571428572
00-0035406,Lil'Jordan Humphrey,WR,2024,14,64.3,4.5928571428571425
00-0034791,Nick Chubb,RB,2024,8,63.3,7.9125
00-0036261,Brandon Aiyuk,WR,2024,7,62.400000000000006,8.914285714285715
00-0033536,Mike Williams,WR,2024,15,61.5,4.1
00-0037086,Grant Calcaterra,TE,2024,16,61.2,3.825
00-0036427,Tyler Johnson,WR,2024,11,61.1,5.554545454545455
00-0038589,Josh Whyle,TE,2024,15,60.800000000000004,4.053333333333334
00-0035993,Tyler Huntley,QB,2024,5,60.66,12.132
00-0027973,Andy Dalton,QB,2024,6,58.96,9.826666666666666
00-0033854,Dare Ogunbowale,RB,2024,18,58.4,3.2444444444444445
00-0033045,Ezekiel Elliott,RB,2024,15,57.5,3.8333333333333335
00-0032464,Kalif Raymond,WR,2024,13,57.2,4.4
00-0038547,Luke Schoonmaker,TE,2024,12,57.1,4.758333333333334
00-0039880,Malik Washington,WR,2024,14,56.8,4.057142857142857
00-0037005,Tommy Tremble,TE,2024,10,56.4,5.64
00-0037741,Jahan Dotson,WR,2024,16,56.199999999999996,3.5124999999999997
00-0033110,Tyler Higbee,TE,2024,5,55.8,11.16
00-0038705,Emari Demercado,RB,2024,13,54.7,4.207692307692308
00-0039751,Jordan Whittington,WR,2024,16,54.7,3.41875
00-0036196,Gabe Davis,WR,2024,10,53.9,5.39
00-0036984,Trey Sermon,RB,2024,15,53.800000000000004,3.586666666666667
00-0039890,Adonai Mitchell,WR,2024,17,53.76,3.1623529411764704
00-0031549,Nelson Agholor,WR,2024,15,52.6,3.506666666666667
00-0034418,Cedrick Wilson Jr.,WR,2024,13,51.94,3.9953846153846153
00-0038128,Malik Willis,QB,2024,6,51.800000000000004,8.633333333333335
00-0033246,Johnny Mundt,TE,2024,15,50.0,3.3333333333333335
00-0039041,Elijah Higgins,TE,2024,15,49.2,3.2800000000000002
00-0039373,Audric Estimé,RB,2024,13,48.7,3.746153846153846
00-0032394,Nick Vannett,TE,2024,12,48.5,4.041666666666667
00-0033280,Christian McCaffrey,RB,2024,4,47.800000000000004,11.950000000000001
00-0036527,DJ Turner,WR,2024,12,47.1,3.9250000000000003
00-0039921,Trey Benson,RB,2024,12,47.0,3.9166666666666665
00-0038558,Darnell Washington,TE,2024,14,46.9,3.35
00-0037258,Dameon Pierce,RB,2024,12,46.0,3.8333333333333335
00-0039798,Isaiah Davis,RB,2024,13,45.9,3.5307692307692307
00-0032268,Marcus Mariota,QB,2024,5,45.86000000000001,9.172
00-0033119,Jacoby Brissett,QB,2024,7,45.24,6.4628571428571435
00-0038685,Chris Brooks,RB,2024,12,45.1,3.7583333333333333
00-0036422,Adam Trautman,TE,2024,14,45.0,3.2142857142857144
00-0037120,Tyler Goodson,RB,2024,14,44.400000000000006,3.1714285714285717
00-0039917,Michael Penix Jr.,QB,2024,5,44.1,8.82
00-0038783,Nate Adkins,TE,2024,15,43.5,2.9
00-0036630,Tylan Wallace,WR,2024,14,43.1,3.0785714285714287
00-0030431,Robert Woods,WR,2024,16,42.5,2.65625
00-0038573,Derius Davis,WR,2024,16,41.2,2.575
00-0039359,Cade Stover,TE,2024,15,41.1,2.74
00-0034613,Tanner Hudson,TE,2024,9,38.5,4.277777777777778
00-0033943,Josh Reynolds,WR,2024,8,38.4,4.8
00-0030578,Cordarrelle Patterson,RB,2024,14,37.5,2.6785714285714284
00-0038618,Xavier Hutchinson,WR,2024,16,37.3,2.33125
00-0033948,Jamaal Williams,RB,2024,14,37.1,2.65
00-0038824,Ryan Miller,WR,2024,10,36.8,3.6799999999999997
00-0039066,Michael Mayer,TE,2024,11,36.6,3.3272727272727276
00-0035631,Drew Sample,TE,2024,11,36.5,3.3181818181818183
00-0035628,D'Ernest Johnson,RB,2024,12,35.9,2.9916666666666667
00-0039814,Erick All,TE,2024,8,35.800000000000004,4.4750000000000005
00-0036924,Michael Carter,RB,2024,3,35.8,11.933333333333332
00-0038640,Jalen Brooks,WR,2024,12,35.7,2.975
00-0037539,Lucas Krull,TE,2024,11,35.4,3.2181818181818183
00-0038098,Pierre Strong,RB,2024,13,35.2,2.707692307692308
00-0039052,Trey Palmer,WR,2024,15,35.2,2.3466666666666667
00-0036754,Brock Wright,TE,2024,11,35.0,3.1818181818181817
00-0037475,Stone Smartt,TE,2024,9,34.8,3.8666666666666663
00-0039355,Luke McCaffrey,WR,2024,15,34.8,2.32
00-0039050,Payne Durham,TE,2024,8,34.5,4.3125
00-0031941,Jamison Crowder,WR,2024,8,34.1,4.2625
00-0039738,Blake Corum,RB,2024,15,33.5,2.2333333333333334
00-0037617,Hassan Haskins,RB,2024,13,33.3,2.5615384615384613
00-0035140,Mecole Hardman,WR,2024,12,33.2,2.766666666666667
00-0033217,Mo Alie-Cox,TE,2024,12,32.7,2.725
00-0039391,Kimani Vidal,RB,2024,9,32.7,3.6333333333333337
00-0039907,Ja'Lynn Polk,WR,2024,14,32.699999999999996,2.3357142857142854
00-0033925,D'Onta Foreman,RB,2024,10,32.6,3.2600000000000002
00-0036876,Kylen Granson,TE,2024,16,32.2,2.0125
00-0039062,Jonathan Mingo,WR,2024,14,32.2,2.3000000000000003
00-0034860,Dante Pettis,WR,2024,8,32.0,4.0
00-0038465,Malik Heath,WR,2024,6,31.700000000000003,5.283333333333334
00-0036906,Khalil Herbert,RB,2024,11,31.500000000000004,2.8636363636363638
00-0038611,Chris Rodriguez Jr.,RB,2024,7,31.5,4.5
00-0033949,Joshua Dobbs,QB,2024,2,30.839999999999996,15.419999999999998
00-0035973,Patrick Taylor,RB,2024,7,29.8,4.257142857142857
00-0038752,Jake Bobo,WR,2024,12,29.7,2.475
00-0039746,Will Shipley,RB,2024,16,29.4,1.8375
00-0038040,Zamir White,RB,2024,8,29.3,3.6625
00-0038551,Kendre Miller,RB,2024,6,29.099999999999998,4.85
00-0038400,Tanner McKee,QB,2024,2,28.82,14.41
00-0035806,JaMycal Hasty,RB,2024,12,28.8,2.4
00-0037805,Jeremy Ruckert,TE,2024,14,28.5,2.0357142857142856
00-0037276,Ty Chandler,RB,2024,15,28.400000000000002,1.8933333333333335
00-0038046,Charlie Kolar,TE,2024,11,28.3,2.5727272727272728
00-0035662,Marquise Brown,WR,2024,5,28.1,5.62
00-0037509,Sincere McCormick,RB,2024,4,27.200000000000003,6.800000000000001
00-0037231,Kevin Austin Jr.,WR,2024,8,27.0,3.375
00-0038738,Hunter Luepke,RB,2024,14,26.900000000000002,1.9214285714285715
00-0039386,Bub Means,WR,2024,4,26.8,6.7
00-0039874,Jaylen Wright,RB,2024,13,26.700000000000003,2.053846153846154
00-0033576,Eric Saubert,TE,2024,12,26.7,2.225
00-0038115,Daniel Bellinger,TE,2024,12,26.5,2.2083333333333335
00-0038678,Jordan Mims,RB,2024,8,26.099999999999998,3.2624999999999997
00-0034854,KhaDarel Hodge,WR,2024,11,26.099999999999998,2.3727272727272726
00-0037292,Andrew Ogletree,TE,2024,12,25.9,2.158333333333333
00-0037091,Bo Melton,WR,2024,14,25.1,1.792857142857143
00-0034487,Trent Sherfield,WR,2024,14,25.1,1.792857142857143
00-0038102,Kenny Pickett,QB,2024,7,24.439999999999998,3.491428571428571
00-0039623,Mason Tipton,WR,2024,9,23.9,2.6555555555555554
00-0039325,Carson Steele,RB,2024,13,23.9,1.8384615384615384
00-0038636,Kenny McIntosh,RB,2024,11,22.400000000000002,2.0363636363636366
00-0038720,Julian Hill,TE,2024,14,22.0,1.5714285714285714
00-0038122,Desmond Ridder,QB,2024,5,21.92,4.384
00-0038821,Rakim Jarrett,WR,2024,8,21.400000000000002,2.6750000000000003
00-0035567,Craig Reynolds,RB,2024,9,20.9,2.322222222222222
00-0036628,John Bates,TE,2024,16,20.5,1.28125
00-0028118,Tyrod Taylor,QB,2024,2,20.06,10.03
00-0031345,Jimmy Garoppolo,QB,2024,1,19.86,19.86
00-0038396,Eric Gray,RB,2024,14,19.3,1.3785714285714286
00-0039398,Joe Milton III,QB,2024,1,19.240000000000002,19.240000000000002
00-0035021,Ashton Dulin,WR,2024,13,19.2,1.4769230769230768
00-0036331,Devin Duvernay,WR,2024,13,19.2,1.4769230769230768
00-0037557,Ronnie Rivers,RB,2024,7,19.1,2.7285714285714286
00-0036345,K.J. Osborn,WR,2024,7,18.7,2.6714285714285713
00-0036887,Luke Farrell,TE,2024,12,18.7,1.5583333333333333
00-0039410,Ryan Flournoy,WR,2024,9,18.200000000000003,2.0222222222222226
00-0039074,Davis Allen,TE,2024,8,18.200000000000003,2.2750000000000004
00-0039530,Brevyn Spann-Ford,TE,2024,11,17.8,1.6181818181818182
00-0039747,Ainias Smith,WR,2024,3,17.7,5.8999999999999995
00-0036232,Harrison Bryant,TE,2024,6,17.6,2.9333333333333336
00-0039912,Ben Sinnott,TE,2024,8,17.1,2.1375
00-0038710,Blake Whiteheart,TE,2024,7,17.1,2.442857142857143
00-0036646,Simi Fehoko,WR,2024,6,16.6,2.766666666666667
00-0033891,Zay Jones,WR,2024,6,16.400000000000002,2.733333333333334
00-0038496,Xavier Gipson,WR,2024,17,16.4,0.9647058823529411
00-0031763,DeAndre Carter,WR,2024,13,16.2,1.2461538461538462
00-0031585,MyCole Pruitt,TE,2024,7,16.0,2.2857142857142856
00-0038583,Dorian Thompson-Robinson,QB,2024,6,15.8,2.6333333333333333
00-0036510,Kenny Yeboah,TE,2024,7,15.7,2.242857142857143
00-0039650,Bryce Oliver,WR,2024,8,15.500000000000002,1.9375000000000002
00-0037004,Hunter Long,TE,2024,12,15.3,1.2750000000000001
00-0034830,Hayden Hurst,TE,2024,7,15.3,2.185714285714286
00-0034777,DJ Chark,WR,2024,5,15.1,3.02
00-0035639,Parris Campbell,WR,2024,4,15.0,3.75
00-0036425,DeeJay Dallas,RB,2024,16,15.0,0.9375
00-0033869,Mitchell Trubisky,QB,2024,9,14.959999999999997,1.6622222222222218
00-0039236,Johnny Wilson,WR,2024,11,14.8,1.3454545454545455
00-0039810,Jermaine Burton,WR,2024,8,14.700000000000001,1.8375000000000001
00-0036387,Jalen Reagor,WR,2024,7,14.700000000000001,2.1
00-0036590,Quintin Morris,TE,2024,10,14.600000000000001,1.4600000000000002
00-0031235,Odell Beckham Jr.,WR,2024,8,14.5,1.8125
00-0034798,Durham Smythe,TE,2024,14,14.3,1.0214285714285716
00-0038938,Jalin Hyatt,WR,2024,10,14.2,1.42
00-0034646,Brandon Powell,WR,2024,17,14.1,0.8294117647058823
00-0034177,Tim Boyle,QB,2024,3,13.940000000000001,4.646666666666667
00-0038679,Tyrell Shavers,WR,2024,1,13.9,13.9
00-0039754,Devin Culp,TE,2024,2,13.799999999999999,6.8999999999999995
00-0034054,River Cracraft,WR,2024,5,13.600000000000001,2.72
00-0032128,Chris Conley,WR,2024,9,13.6,1.511111111111111
00-0037300,Mike Woods,WR,2024,5,13.5,2.7
00-0038476,Tommy DeVito,QB,2024,2,13.480000000000002,6.740000000000001
00-0037654,Tucker Fisk,TE,2024,8,13.4,1.675
00-0037594,Julius Chestnut,RB,2024,12,13.3,1.1083333333333334
00-0038998,Jake Haener,QB,2024,8,13.24,1.655
00-0037012,Trey Lance,QB,2024,4,12.74,3.185
00-0039365,Jacob Cowing,WR,2024,15,12.7,0.8466666666666666
00-0033439,Pharaoh Brown,TE,2024,10,12.5,1.25
00-0031484,Chris Manhertz,TE,2024,8,12.0,1.5
00-0037524,Tay Martin,WR,2024,1,11.9,11.9
00-0035298,Scott Miller,WR,2024,6,11.9,1.9833333333333334
00-0036862,Ben Skowronek,WR,2024,10,11.9,1.19
00-0038622,Deuce Vaughn,RB,2024,5,11.8,2.3600000000000003
00-0036429,Charlie Woerner,TE,2024,12,11.6,0.9666666666666667
00-0033895,Gerald Everett,TE,2024,10,11.6,1.16
00-0039144,Luke Musgrave,TE,2024,7,11.5,1.6428571428571428
00-0035860,Tony Jones,RB,2024,1,11.5,11.5
00-0033376,Patrick Ricard,RB,2024,10,11.2,1.1199999999999999
00-0034115,Jeff Wilson,RB,2024,7,10.600000000000001,1.5142857142857145
00-0037132,Britain Covey,WR,2024,5,10.4,2.08
00-0037085,Tyler Badie,RB,2024,4,10.200000000000001,2.5500000000000003
00-0037569,Peyton Hendershot,TE,2024,5,10.1,2.02
00-0036360,Clyde Edwards-Helaire,RB,2024,2,10.0,5.0
00-0036183,Kristian Wilkerson,WR,2024,1,9.8,9.8
00-0039737,Tip Reiman,TE,2024,8,9.7,1.2125
00-0036898,Davis Mills,QB,2024,4,9.580000000000002,2.3950000000000005
00-0034353,Anthony Miller,WR,2024,3,9.4,3.1333333333333333
00-0039792,Devontez Walker,WR,2024,3,9.1,3.033333333333333
00-0036268,Laviska Shenault Jr.,WR,2024,10,8.7,0.8699999999999999
00-0038104,Tyquan Thornton,WR,2024,4,8.7,2.175
00-0038809,Ben Sims,TE,2024,4,8.200000000000001,2.0500000000000003
00-0039364,Sione Vaki,RB,2024,9,8.1,0.8999999999999999
00-0037429,Raheem Blackshear,RB,2024,16,8.0,0.5
00-0037327,Skylar Thompson,QB,2024,2,7.880000000000001,3.9400000000000004
00-0039631,Cam Grandy,TE,2024,4,7.800000000000001,1.9500000000000002
00-0037252,Greg Dulcich,TE,2024,4,7.8,1.95
00-0038498,E.J. Jenkins,TE,2024,2,7.7,3.85
00-0039344,Jonathon Brooks,RB,2024,3,7.5,2.5
00-0037742,Treylon Burks,WR,2024,5,7.5,1.5
00-0036620,Dee Eskridge,WR,2024,5,7.4,1.48
00-0036955,Terrace Marshall Jr.,WR,2024,5,7.1000000000000005,1.4200000000000002
00-0036497,Tim Jones,WR,2024,8,7.1,0.8875
00-0038108,Bailey Zappe,QB,2024,1,7.000000000000001,7.000000000000001
00-0038394,Will Mallory,TE,2024,7,6.9,0.9857142857142858
00-0038454,Keaton Mitchell,RB,2024,5,6.800000000000001,1.36
00-0038519,Nikko Remigio,WR,2024,8,6.800000000000001,0.8500000000000001
00-0035976,Dan Chisena,WR,2024,4,6.7,1.675
00-0037487,Deven Thompkins,WR,2024,5,6.7,1.34
00-0035891,Cody White,WR,2024,2,6.4,3.2
00-0036096,J.J. Taylor,RB,2024,3,6.4,2.1333333333333333
00-0035594,Travis Homer,RB,2024,8,6.3999999999999995,0.7999999999999999
00-0032434,Brandon Allen,QB,2024,3,6.360000000000001,2.1200000000000006
00-0038359,Xavier Smith,WR,2024,16,6.2,0.3875
00-0035602,Alex Bachman,WR,2024,5,6.1,1.22
00-0036841,Austin Trammell,WR,2024,1,6.0,6.0
00-0031428,Allen Robinson,WR,2024,6,6.0,1.0
00-0034208,Mike Boone,RB,2024,5,5.9,1.1800000000000002
00-0037257,David Bell,WR,2024,1,5.7,5.7
00-0039379,Jamari Thrash,WR,2024,6,5.2,0.8666666666666667
00-0039920,Malachi Corley,WR,2024,5,5.2,1.04
00-0036133,James Proche,WR,2024,9,5.1,0.5666666666666667
00-0039613,Dallin Holker,TE,2024,3,5.1,1.7
00-0039617,Jacob Kibodi,RB,2024,1,4.9,4.9
00-0032950,Carson Wentz,QB,2024,2,4.72,2.36
00-0037348,Tanner Conner,TE,2024,4,4.6,1.15
00-0035341,Trenton Irwin,WR,2024,6,4.5,0.75
00-0036332,Josiah Deguara,TE,2024,7,4.4,0.6285714285714287
00-0036670,Jermar Jefferson,RB,2024,2,4.2,2.1
00-0038647,Ronnie Bell,WR,2024,4,4.2,1.05
00-0039420,Jaheim Bell,TE,2024,4,4.0,1.0
00-0033893,Dalvin Cook,RB,2024,2,4.0,2.0
00-0036176,Mason Kinsey,WR,2024,6,3.7,0.6166666666666667
00-0034365,Ian Thomas,TE,2024,3,3.7,1.2333333333333334
00-0039816,Anthony Gould,WR,2024,8,3.3000000000000003,0.41250000000000003
00-0039573,Blake Watson,RB,2024,1,3.3,3.3
00-0039757,Terrell Jennings,RB,2024,2,3.3,1.65
00-0036534,Shane Zylstra,TE,2024,2,3.2,1.6
00-0036165,Isaiah Hodgins,WR,2024,2,3.2,1.6
00-0039393,Jase McClellan,RB,2024,2,3.2,1.6
00-0031800,Taylor Heinicke,QB,2024,4,3.12,0.78
00-0039796,Rasheen Ali,RB,2024,5,3.1,0.62
00-0038507,Grant DuBose,WR,2024,2,3.0999999999999996,1.5499999999999998
00-0036741,Jack Stoll,TE,2024,5,3.0,0.6
00-0037745,Velus Jones Jr.,WR,2024,2,2.9000000000000004,1.4500000000000002
00-0031690,Eric Tomlinson,TE,2024,5,2.9000000000000004,0.5800000000000001
00-0034928,Steven Sims,WR,2024,11,2.9,0.2636363636363636
00-0039811,MarShawn Lloyd,RB,2024,1,2.8,2.8
00-0036463,Chris Blair,WR,2024,2,2.7,1.35
00-0036556,Brevin Jordan,TE,2024,2,2.7,1.35
00-0038550,Hendon Hooker,QB,2024,3,2.68,0.8933333333333334
00-0039451,Isaiah Williams,WR,2024,8,2.6,0.325
00-0039394,Casey Washington,WR,2024,2,2.4000000000000004,1.2000000000000002
00-0035924,Jonathan Ward,RB,2024,4,2.2,0.55
00-0036825,Feleipe Franks,TE,2024,9,2.2,0.24444444444444446
00-0039853,Javon Baker,WR,2024,6,2.2,0.3666666666666667
00-0033292,Trent Taylor,WR,2024,2,2.1,1.05
00-0035311,Myles Gaskin,RB,2024,4,1.9999999999999998,0.49999999999999994
00-0039703,Cody Schrader,RB,2024,2,1.9000000000000001,0.9500000000000001
00-0037382,Brandon Johnson,WR,2024,1,1.9,1.9
00-0039299,George Holani,RB,2024,3,1.9,0.6333333333333333
00-0037422,Kendric Pryor,WR,2024,1,1.9,1.9
00-0039244,Chris Collier,RB,2024,6,1.8000000000000003,0.30000000000000004
00-0037609,Aaron Shampklin,RB,2024,3,1.7000000000000002,0.5666666666666668
00-0032141,Geoff Swaim,TE,2024,3,1.7000000000000002,0.5666666666666668
00-0039543,Ramel Keyton,WR,2024,3,1.7000000000000002,0.5666666666666668
00-0038920,John Shenker,TE,2024,3,1.7000000000000002,0.5666666666666668
00-0039824,Jared Wiley,TE,2024,1,1.7000000000000002,1.7000000000000002
00-0036877,Jaelon Darden,WR,2024,11,1.6,0.14545454545454548
00-0033460,John Ross,WR,2024,1,1.6,1.6
00-0036254,Collin Johnson,WR,2024,6,1.6,0.26666666666666666
00-0039648,David Martin-Robinson,TE,2024,4,1.6,0.4
00-0034073,Ross Dwelley,TE,2024,4,1.5,0.375
00-0035547,Joseph Fortson,TE,2024,3,1.5,0.5
00-0036640,Zach Davidson,TE,2024,2,1.5,0.75
00-0038941,Tyler Scott,WR,2024,4,1.5,0.375
00-0032688,Robbie Chosen,WR,2024,1,1.5,1.5
00-0038576,Charlie Jones,WR,2024,7,1.5,0.21428571428571427
00-0033319,Nick Mullens,QB,2024,4,1.32,0.33
00-0039392,Jha'Quan Jackson,WR,2024,12,1.3,0.10833333333333334
00-0024243,Marcedes Lewis,TE,2024,5,1.2,0.24
00-0034970,Irv Smith,TE,2024,1,1.2,1.2
00-0037306,John FitzPatrick,TE,2024,2,1.2,0.6
00-0034401,Mike White,QB,2024,1,1.12,1.12
00-0037450,Tyreik McAllister,WR,2024,2,1.1,0.55
00-0039589,Kameron Johnson,WR,2024,4,1.1,0.275
00-0038489,Ben VanSumeren,RB,2024,3,1.0,0.3333333333333333
00-0038840,Brycen Tremayne,WR,2024,2,0.8,0.4
00-0026300,Josh Johnson,QB,2024,4,0.78,0.195
00-0034577,Kyle Allen,QB,2024,1,0.76,0.76
00-0037827,Tyrion Davis-Price,RB,2024,1,0.7000000000000001,0.7000000000000001
00-0036187,Reggie Gilliam,RB,2024,8,0.7000000000000001,0.08750000000000001
00-0037324,Chris Oladokun,QB,2024,1,0.5,0.5
00-0035264,Jarrett Stidham,QB,2024,2,0.5,0.25
00-0036450,Ke'Shawn Vaughn,RB,2024,1,0.4,0.4
00-0036297,Darrynton Evans,RB,2024,1,0.30000000000000004,0.30000000000000004
00-0036370,Joshua Kelley,RB,2024,1,0.2,0.2
00-0039603,British Brooks,RB,2024,2,0.2,0.1
00-0031237,Teddy Bridgewater,QB,2024,1,0.12,0.12
00-0032543,Alex Erickson,WR,2024,3,0.0,0.0
00-0037387,Jalen Virgil,WR,2024,3,0.0,0.0
00-0037456,Troy Hairston,RB,2024,2,0.0,0.0
00-0037708,Maurice Alexander,WR,2024,2,0.0,0.0
00-0037272,Montrell Washington,WR,2024,1,0.0,0.0
00-0035544,Tom Kennedy,WR,2024,3,0.0,0.0
00-0035164,Cody Thompson,WR,2024,1,0.0,0.0
00-0033251,Zach Pascal,WR,2024,3,0.0,0.0
00-0036438,Stephen Sullivan,TE,2024,1,0.0,0.0
00-0034419,Braxton Berrios,WR,2024,6,0.0,0.0
00-0035215,Deonte Harty,WR,2024,5,0.0,0.0
00-0038092,Erik Ezukanma,WR,2024,1,0.0,0.0
00-0034808,John Kelly,RB,2024,1,0.0,0.0
00-0039385,Keilan Robinson,RB,2024,1,0.0,0.0
00-0037216,Justyn Ross,WR,2024,1,0.0,0.0
00-0035291,Trayveon Williams,RB,2024,5,0.0,0.0
00-0037299,Keaontay Ingram,RB,2024,1,0.0,0.0
00-0037451,Rod Williams,TE,2024,1,0.0,0.0
00-0037093,Dareke Young,WR,2024,7,0.0,0.0
00-0038477,Bryce Ford-Wheaton,WR,2024,5,0.0,0.0
00-0031299,Jordan Matthews,TE,2024,2,0.0,0.0
00-0033455,Anthony Firkser,TE,2024,1,0.0,0.0
00-0037311,Ko Kieft,TE,2024,3,0.0,0.0
00-0038728,Jared Wayne,WR,2024,1,0.0,0.0
00-0038643,Brayden Willis,TE,2024,5,0.0,0.0
00-0038590,Justin Shorter,TE,2024,1,0.0,0.0
00-0037112,Jake Tonges,TE,2024,2,0.0,0.0
00-0038488,Brady Russell,RB,2024,8,0.0,0.0
00-0038735,Princeton Fant,TE,2024,1,0.0,0.0
00-0039458,Brenden Bates,TE,2024,1,0.0,0.0
00-0036569,Gary Brightwell,RB,2024,1,0.0,0.0
00-0037380,Kaden Davis,WR,2024,1,0.0,0.0
00-0037156,Irvin Charles,WR,2024,8,0.0,0.0
00-0036842,Kene Nwangwu,RB,2024,2,0.0,0.0
00-0039316,Baylor Cupp,TE,2024,1,0.0,0.0
00-0036635,Ihmir Smith-Marsette,WR,2024,15,0.0,0.0
00-0036950,Avery Williams,RB,2024,17,0.0,0.0
00-0032134,C.J. Uzomah,TE,2024,2,0.0,0.0
00-0039595,D.J. Williams,RB,2024,1,0.0,0.0
00-0035726,Jakob Johnson,RB,2024,1,0.0,0.0
00-0039230,Dante Miller,RB,2024,1,0.0,0.0
00-0039521,Xavier Weaver,WR,2024,2,0.0,0.0
00-0038090,Skyy Moore,WR,2024,3,0.0,0.0
00-0039686,Colson Yankoff,TE,2024,5,0.0,0.0
00-0039614,Jermaine Jackson,WR,2024,4,-0.1,-0.025
00-0036928,Kyle Trask,QB,2024,3,-0.2,-0.06666666666666667
00-0035100,Jake Browning,QB,2024,2,-0.2,-0.1
00-0038416,Tyson Bagent,QB,2024,4,-0.26000000000000006,-0.06500000000000002
00-0036913,Kadarius Toney,WR,2024,3,-0.4,-0.13333333333333333
00-0037077,Sam Howell,QB,2024,1,-0.8400000000000001,-0.8400000000000001
00-0039407,Dylan Laube,RB,2024,6,-2.0,-0.3333333333333333
00-0038582,Clayton Tune,QB,2024,5,-2.08,-0.41600000000000004
00-0033280,Christian McCaffrey,RB,2023,19,480.3,25.278947368421054
00-0034857,Josh Allen,QB,2023,19,456.8,24.042105263157897
00-0036358,CeeDee Lamb,WR,2023,18,423.70000000000005,23.53888888888889
00-0033040,Tyreek Hill,WR,2023,17,393.6,23.15294117647059
00-0036963,Amon-Ra St. Brown,WR,2023,19,386.5,20.342105263157894
00-0034796,Lamar Jackson,QB,2023,18,385.88,21.43777777777778
00-0033077,Dak Prescott,QB,2023,18,373.46000000000004,20.74777777777778
00-0036389,Jalen Hurts,QB,2023,18,371.32,20.628888888888888
00-0033873,Patrick Mahomes,QB,2023,20,358.36,17.918
00-0036264,Jordan Love,QB,2023,19,355.9,18.73157894736842
00-0037834,Brock Purdy,QB,2023,19,343.96,18.103157894736842
00-0033106,Jared Goff,QB,2023,20,338.88,16.944
00-0039075,Puka Nacua,WR,2023,18,331.40000000000003,18.41111111111111
00-0034855,Baker Mayfield,QB,2023,19,324.6,17.08421052631579
00-0031408,Mike Evans,WR,2023,19,319.0,16.789473684210527
00-0039163,C.J. Stroud,QB,2023,17,306.98,18.05764705882353
00-0030506,Travis Kelce,TE,2023,19,305.4,16.073684210526313
00-0037256,Rachaad White,RB,2023,19,295.5,15.552631578947368
00-0036554,Nico Collins,WR,2023,17,294.2,17.305882352941175
00-0039139,Jahmyr Gibbs,RB,2023,18,292.90000000000003,16.272222222222226
00-0031588,Stefon Diggs,WR,2023,19,291.8,15.357894736842105
00-0038120,Breece Hall,RB,2023,17,290.5,17.08823529411765
00-0035676,A.J. Brown,WR,2023,17,289.6,17.03529411764706
00-0034827,DJ Moore,WR,2023,17,286.5,16.852941176470587
00-0039065,Sam LaPorta,TE,2023,20,283.9,14.194999999999999
00-0036212,Tua Tagovailoa,QB,2023,18,282.82,15.712222222222222
00-0036973,Travis Etienne,RB,2023,17,282.4,16.61176470588235
00-0037197,Isiah Pacheco,RB,2023,18,279.2,15.511111111111111
00-0036261,Brandon Aiyuk,WR,2023,19,279.1,14.689473684210528
00-0030279,Keenan Allen,WR,2023,13,278.86,21.450769230769232
00-0035719,Deebo Samuel Sr.,WR,2023,18,272.8,15.155555555555557
00-0031687,Raheem Mostert,RB,2023,16,271.7,16.98125
00-0039067,Rashee Rice,WR,2023,20,271.2,13.559999999999999
00-0033897,Joe Mixon,RB,2023,17,267.0,15.705882352941176
00-0026498,Matthew Stafford,QB,2023,16,265.78,16.61125
00-0031381,Davante Adams,WR,2023,17,265.40000000000003,15.611764705882354
00-0037840,Kyren Williams,RB,2023,13,263.0,20.23076923076923
00-0036900,Ja'Marr Chase,WR,2023,16,262.72,16.42
00-0036971,Trevor Lawrence,QB,2023,16,262.54,16.40875
00-0037077,Sam Howell,QB,2023,17,257.54,15.149411764705883
00-0037248,James Cook,RB,2023,19,257.3,13.542105263157895
00-0029263,Russell Wilson,QB,2023,15,256.90000000000003,17.12666666666667
00-0036252,Michael Pittman,WR,2023,16,252.20000000000002,15.762500000000001
00-0036912,DeVonta Smith,WR,2023,17,250.4,14.729411764705883
00-0035685,David Montgomery,RB,2023,17,248.0,14.588235294117647
00-0032764,Derrick Henry,RB,2023,17,246.66000000000003,14.509411764705884
00-0038542,Bijan Robinson,RB,2023,17,246.3,14.488235294117647
00-0035261,Tony Pollard,RB,2023,18,244.1,13.56111111111111
00-0031280,Derek Carr,QB,2023,17,241.12,14.183529411764706
00-0031544,Amari Cooper,WR,2023,16,236.9,14.80625
00-0039064,Zay Flowers,WR,2023,18,235.4,13.077777777777778
00-0036355,Justin Herbert,QB,2023,13,234.16,18.012307692307694
00-0033906,Alvin Kamara,RB,2023,13,233.0,17.923076923076923
00-0033921,Chris Godwin Jr.,WR,2023,19,231.7,12.194736842105263
00-0037239,Chris Olave,WR,2023,16,231.3,14.45625
00-0030035,Adam Thielen,WR,2023,17,231.0,13.588235294117647
00-0033881,Evan Engram,TE,2023,17,230.3,13.547058823529412
00-0036945,Justin Fields,QB,2023,13,230.18,17.706153846153846
00-0034837,Calvin Ridley,WR,2023,17,229.9,13.523529411764706
00-0033288,George Kittle,TE,2023,19,228.4,12.021052631578948
00-0030565,Geno Smith,QB,2023,15,227.26,15.150666666666666
00-0039146,Jayden Reed,WR,2023,18,225.6,12.533333333333333
00-0035640,DK Metcalf,WR,2023,16,225.4,14.0875
00-0030564,DeAndre Hopkins,WR,2023,17,223.6,13.152941176470588
00-0034844,Saquon Barkley,RB,2023,14,223.20000000000002,15.942857142857145
00-0038994,Jordan Addison,WR,2023,17,221.3,13.01764705882353
00-0035229,T.J. Hockenson,TE,2023,15,219.0,14.6
00-0034960,Jakobi Meyers,WR,2023,16,218.58,13.66125
00-0037267,Jerome Ford,RB,2023,18,218.4,12.133333333333333
00-0037247,George Pickens,WR,2023,18,218.3,12.127777777777778
00-0033885,David Njoku,TE,2023,17,217.5,12.794117647058824
00-0038041,Jake Ferguson,TE,2023,18,214.4,11.911111111111111
00-0037816,Romeo Doubs,WR,2023,19,213.8,11.25263157894737
00-0037740,Garrett Wilson,WR,2023,17,213.2,12.541176470588235
00-0036275,D'Andre Swift,RB,2023,17,209.9,12.347058823529412
00-0036613,Jaylen Waddle,WR,2023,15,204.6,13.639999999999999
00-0037228,Jaylen Warren,RB,2023,18,203.8,11.322222222222223
00-0035659,Terry McLaurin,WR,2023,17,203.20000000000002,11.952941176470588
00-0036893,Najee Harris,RB,2023,18,202.70000000000002,11.261111111111113
00-0032211,Tyler Lockett,WR,2023,17,202.4,11.905882352941177
00-0036322,Justin Jefferson,WR,2023,10,202.2,20.22
00-0033553,James Conner,RB,2023,13,201.5,15.5
00-0033949,Joshua Dobbs,QB,2023,13,200.66,15.435384615384615
00-0038134,Kenneth Walker III,RB,2023,15,199.4,13.293333333333333
00-0037746,Brian Robinson,RB,2023,15,198.10000000000002,13.206666666666669
00-0039040,De'Von Achane,RB,2023,12,196.7,16.391666666666666
00-0034184,Gus Edwards,RB,2023,19,196.5,10.342105263157896
00-0035289,Gardner Minshew,QB,2023,16,196.20000000000002,12.262500000000001
00-0035250,Devin Singletary,RB,2023,19,195.34,10.281052631578948
00-0034348,Courtland Sutton,WR,2023,16,190.20000000000002,11.887500000000001
00-0033699,Austin Ekeler,RB,2023,14,185.4,13.242857142857144
00-0031236,Brandin Cooks,WR,2023,17,184.5,10.852941176470589
00-0033293,Aaron Jones,RB,2023,13,183.60000000000002,14.123076923076924
00-0036555,Chuba Hubbard,RB,2023,17,182.5,10.735294117647058
00-0037744,Trey McBride,TE,2023,17,181.5,10.676470588235293
00-0036290,Cole Kmet,TE,2023,16,181.1,11.31875
00-0035700,Josh Jacobs,RB,2023,13,181.1,13.930769230769231
00-0036997,Javonte Williams,RB,2023,16,179.2,11.2
00-0038122,Desmond Ridder,QB,2023,15,177.14000000000001,11.809333333333335
00-0038933,Dalton Kincaid,TE,2023,18,174.70000000000002,9.705555555555556
00-0033045,Ezekiel Elliott,RB,2023,17,174.5,10.264705882352942
00-0037238,Drake London,WR,2023,16,174.38,10.89875
00-0033908,Cooper Kupp,WR,2023,13,172.1,13.238461538461538
00-0034383,Dalton Schultz,TE,2023,17,170.5,10.029411764705882
00-0036251,Zack Moss,RB,2023,14,169.6,12.114285714285714
00-0035216,Diontae Johnson,WR,2023,14,167.5,11.964285714285714
00-0038977,Tank Dell,WR,2023,10,165.0,16.5
00-0036196,Gabe Davis,WR,2023,16,161.4,10.0875
00-0033282,Curtis Samuel,WR,2023,16,157.2,9.825
00-0038997,Josh Downs,WR,2023,17,157.1,9.241176470588234
00-0036223,Jonathan Taylor,RB,2023,10,156.4,15.64
00-0039150,Bryce Young,QB,2023,16,156.38,9.77375
00-0033943,Josh Reynolds,WR,2023,19,156.0,8.210526315789474
00-0039032,Tyjae Spears,RB,2023,17,153.8,9.047058823529412
00-0038129,Cade Otton,TE,2023,19,152.9,8.047368421052632
00-0037545,Rashid Shaheed,WR,2023,15,151.6,10.106666666666666
00-0035535,Darius Slayton,WR,2023,17,151.0,8.882352941176471
00-0034775,Christian Kirk,WR,2023,12,150.26,12.521666666666667
00-0038543,Jaxon Smith-Njigba,WR,2023,17,149.8,8.811764705882354
00-0029604,Kirk Cousins,QB,2023,8,149.74,18.7175
00-0034351,Dallas Goedert,TE,2023,15,148.4,9.893333333333334
00-0036442,Joe Burrow,QB,2023,10,147.16,14.716
00-0035228,Kyler Murray,QB,2023,8,146.36,18.295
00-0036875,Rhamondre Stevenson,RB,2023,12,145.70000000000002,12.141666666666667
00-0033009,Tyler Boyd,WR,2023,17,144.8,8.51764705882353
00-0035100,Jake Browning,QB,2023,9,144.44,16.04888888888889
00-0033357,Taysom Hill,TE,2023,16,143.52,8.97
00-0037261,Khalil Shakir,WR,2023,18,142.6,7.922222222222222
00-0036407,Jerry Jeudy,WR,2023,16,141.8,8.8625
00-0033923,Kareem Hunt,RB,2023,16,139.0,8.6875
00-0034753,Mark Andrews,TE,2023,11,138.9,12.627272727272727
00-0036410,Tee Higgins,WR,2023,12,137.6,11.466666666666667
00-0037263,Tyler Allgeier,RB,2023,17,137.6,8.094117647058823
00-0036970,Kyle Pitts,TE,2023,17,137.3,8.076470588235296
00-0036980,Elijah Moore,WR,2023,17,135.3,7.958823529411766
00-0035662,Marquise Brown,WR,2023,13,134.70000000000002,10.361538461538462
00-0034972,Alexander Mattison,RB,2023,16,133.20000000000002,8.325000000000001
00-0038117,Wan'Dale Robinson,WR,2023,15,133.2,8.879999999999999
00-0038393,Dontayvion Wicks,WR,2023,17,130.26,7.66235294117647
00-0036328,Antonio Gibson,RB,2023,16,127.4,7.9625
00-0031260,Logan Thomas,TE,2023,16,126.8,7.925
00-0034975,Justice Hill,RB,2023,18,126.7,7.038888888888889
00-0038579,Aidan O'Connell,QB,2023,11,125.82000000000001,11.43818181818182
00-0037741,Jahan Dotson,WR,2023,17,124.8,7.341176470588235
00-0033858,Jonnu Smith,TE,2023,17,124.2,7.305882352941176
00-0036849,Tutu Atwell,WR,2023,15,123.2,8.213333333333333
00-0034270,Tyler Conklin,TE,2023,17,123.1,7.241176470588235
00-0033526,Samaje Perine,RB,2023,17,121.3,7.135294117647058
00-0036345,K.J. Osborn,WR,2023,15,120.0,8.0
00-0037013,Zach Wilson,QB,2023,12,119.94,9.995
00-0033090,Hunter Henry,TE,2023,13,119.9,9.223076923076924
00-0036265,AJ Dillon,RB,2023,15,117.60000000000001,7.840000000000001
00-0037838,Isaiah Likely,TE,2023,16,116.1,7.25625
00-0034777,DJ Chark,WR,2023,14,115.5,8.25
00-0031235,Odell Beckham Jr.,WR,2023,16,114.9,7.18125
00-0038559,Michael Wilson,WR,2023,13,114.5,8.807692307692308
00-0026158,Joe Flacco,QB,2023,6,114.42,19.07
00-0039052,Trey Palmer,WR,2023,19,114.4,6.021052631578947
00-0037809,Chig Okonkwo,TE,2023,17,113.4,6.670588235294118
00-0031610,Darren Waller,TE,2023,12,113.2,9.433333333333334
00-0036906,Khalil Herbert,RB,2023,12,112.5,9.375
00-0031549,Nelson Agholor,WR,2023,18,111.2,6.177777777777778
00-0033895,Gerald Everett,TE,2023,15,111.10000000000001,7.406666666666667
00-0037240,Jameson Williams,WR,2023,15,110.4,7.36
00-0038102,Kenny Pickett,QB,2023,12,110.2,9.183333333333334
00-0033110,Tyler Higbee,TE,2023,16,108.5,6.78125
00-0038621,DeMario Douglas,WR,2023,14,107.2,7.6571428571428575
00-0036988,Josh Palmer,WR,2023,10,106.7,10.67
00-0036972,Mac Jones,QB,2023,11,106.4,9.672727272727274
00-0039165,Zach Charbonnet,RB,2023,16,106.1,6.63125
00-0038794,Jaleel McLaughlin,RB,2023,17,106.0,6.235294117647059
00-0038124,Christian Watson,WR,2023,11,105.3,9.572727272727272
00-0036936,Rondale Moore,WR,2023,17,105.0,6.176470588235294
00-0034764,Michael Gallup,WR,2023,17,104.10000000000001,6.123529411764706
00-0034386,Justin Watson,WR,2023,19,104.0,5.473684210526316
00-0039021,Roschon Johnson,RB,2023,15,102.1,6.806666666666667
00-0039152,Will Levis,QB,2023,9,102.02,11.335555555555555
00-0033591,Noah Brown,WR,2023,11,101.60000000000001,9.236363636363636
00-0037276,Ty Chandler,RB,2023,16,101.0,6.3125
00-0036919,Kenny Gainwell,RB,2023,17,100.67999999999999,5.92235294117647
00-0033307,Kendrick Bourne,WR,2023,8,100.0,12.5
00-0036139,Rico Dowdle,RB,2023,17,98.0,5.764705882352941
00-0036040,Juwan Johnson,TE,2023,13,97.8,7.523076923076923
00-0032464,Kalif Raymond,WR,2023,17,97.4,5.729411764705882
00-0037664,Alec Pierce,WR,2023,17,95.4,5.611764705882353
00-0032775,Demarcus Robinson,WR,2023,9,94.80000000000001,10.533333333333335
00-0038544,Quentin Johnston,WR,2023,17,94.0,5.529411764705882
00-0039144,Luke Musgrave,TE,2023,13,93.8,7.2153846153846155
00-0038476,Tommy DeVito,QB,2023,9,93.54,10.393333333333334
00-0030431,Robert Woods,WR,2023,16,93.0,5.8125
00-0038996,Tucker Kraft,TE,2023,16,91.9,5.74375
00-0030513,Latavius Murray,RB,2023,17,91.9,5.405882352941177
00-0033925,D'Onta Foreman,RB,2023,9,91.2,10.133333333333333
00-0032765,Michael Thomas,WR,2023,10,89.8,8.98
00-0036894,Pat Freiermuth,TE,2023,12,89.4,7.45
00-0031376,Jerick McKinnon,RB,2023,13,87.86,6.758461538461538
00-0035243,Miles Sanders,RB,2023,16,87.60000000000001,5.4750000000000005
00-0028118,Tyrod Taylor,QB,2023,10,87.34,8.734
00-0033537,Deshaun Watson,QB,2023,6,86.8,14.466666666666667
00-0036637,Noah Gray,TE,2023,20,85.2,4.26
00-0036182,Nick Westbrook-Ikhine,WR,2023,13,85.0,6.538461538461538
00-0039062,Jonathan Mingo,WR,2023,15,84.8,5.653333333333333
00-0036550,Rashod Bateman,WR,2023,17,84.60000000000001,4.976470588235294
00-0036259,Jauan Jennings,WR,2023,16,83.34,5.20875
00-0034272,Marquez Valdes-Scantling,WR,2023,20,83.3,4.165
00-0034613,Tanner Hudson,TE,2023,12,80.2,6.683333333333334
00-0029701,Ryan Tannehill,QB,2023,9,80.03999999999999,8.893333333333333
00-0035329,Donald Parham,TE,2023,14,79.5,5.678571428571429
00-0036309,Darnell Mooney,WR,2023,14,78.9,5.635714285714286
00-0036360,Clyde Edwards-Helaire,RB,2023,19,78.10000000000001,4.110526315789474
00-0033891,Zay Jones,WR,2023,9,78.1,8.677777777777777
00-0037258,Dameon Pierce,RB,2023,16,76.7,4.79375
00-0034418,Cedrick Wilson Jr.,WR,2023,12,76.3,6.358333333333333
00-0034798,Durham Smythe,TE,2023,14,75.80000000000001,5.4142857142857155
00-0038040,Zamir White,RB,2023,13,73.9,5.684615384615385
00-0035644,Noah Fant,TE,2023,15,73.4,4.8933333333333335
00-0037382,Brandon Johnson,WR,2023,10,73.4,7.340000000000001
00-0038705,Emari Demercado,RB,2023,11,73.3,6.663636363636363
00-0036876,Kylen Granson,TE,2023,15,73.0,4.866666666666666
00-0039164,Anthony Richardson,QB,2023,4,72.68,18.17
00-0031547,DeVante Parker,WR,2023,13,72.4,5.56923076923077
00-0038563,Tre Tucker,WR,2023,13,71.8,5.523076923076923
00-0039066,Michael Mayer,TE,2023,13,71.4,5.492307692307692
00-0038454,Keaton Mitchell,RB,2023,7,69.9,9.985714285714286
00-0038108,Bailey Zappe,QB,2023,10,69.18,6.918000000000001
00-0034646,Brandon Powell,WR,2023,17,69.1,4.064705882352941
00-0038976,Marvin Mims Jr.,WR,2023,16,68.7,4.29375
00-0032398,Chris Moore,WR,2023,15,68.30000000000001,4.553333333333334
00-0035282,Easton Stick,QB,2023,5,67.56,13.512
00-0033319,Nick Mullens,QB,2023,5,66.74000000000001,13.348000000000003
00-0031800,Taylor Heinicke,QB,2023,5,66.0,13.2
00-0036556,Brevin Jordan,TE,2023,12,65.5,5.458333333333333
00-0034829,Mike Gesicki,TE,2023,15,65.4,4.36
00-0031428,Allen Robinson,WR,2023,16,65.2,4.075
00-0035500,Greg Dortch,WR,2023,16,64.5,4.03125
00-0031345,Jimmy Garoppolo,QB,2023,7,64.1,9.157142857142857
00-0035689,Dawson Knox,TE,2023,12,63.9,5.325
00-0035341,Trenton Irwin,WR,2023,12,62.6,5.216666666666667
00-0037257,David Bell,WR,2023,10,62.1,6.21
00-0036370,Joshua Kelley,RB,2023,17,61.7,3.6294117647058823
00-0036244,Colby Parkinson,TE,2023,15,61.7,4.113333333333333
00-0033857,JuJu Smith-Schuster,WR,2023,11,61.0,5.545454545454546
00-0037666,Jalen Tolbert,WR,2023,15,60.800000000000004,4.053333333333334
00-0033948,Jamaal Williams,RB,2023,13,60.800000000000004,4.676923076923077
00-0038612,A.T. Perry,WR,2023,8,60.6,7.575
00-0036422,Adam Trautman,TE,2023,16,60.400000000000006,3.7750000000000004
00-0037005,Tommy Tremble,TE,2023,15,60.4,4.026666666666666
00-0037837,Calvin Austin III,WR,2023,17,60.4,3.552941176470588
00-0038938,Jalin Hyatt,WR,2023,13,60.3,4.638461538461538
00-0034521,Allen Lazard,WR,2023,14,60.1,4.292857142857143
00-0036165,Isaiah Hodgins,WR,2023,14,60.0,4.285714285714286
00-0037801,KaVontae Turpin,WR,2023,17,59.7,3.511764705882353
00-0036924,Michael Carter,RB,2023,15,58.800000000000004,3.9200000000000004
00-0034419,Braxton Berrios,WR,2023,17,57.9,3.4058823529411764
00-0035710,Daniel Jones,QB,2023,6,56.96000000000001,9.493333333333334
00-0038752,Jake Bobo,WR,2023,14,56.900000000000006,4.064285714285715
00-0038496,Xavier Gipson,WR,2023,17,56.7,3.335294117647059
00-0037091,Bo Melton,WR,2023,6,56.5,9.416666666666666
00-0034771,Mason Rudolph,QB,2023,5,56.32000000000001,11.264000000000001
00-0036567,Elijah Mitchell,RB,2023,13,55.0,4.230769230769231
00-0038090,Skyy Moore,WR,2023,13,53.7,4.130769230769231
00-0038597,Chase Brown,RB,2023,12,53.5,4.458333333333333
00-0035249,Josh Oliver,TE,2023,13,53.300000000000004,4.1000000000000005
00-0038416,Tyson Bagent,QB,2023,5,53.260000000000005,10.652000000000001
00-0036913,Kadarius Toney,WR,2023,13,53.0,4.076923076923077
00-0030061,Zach Ertz,TE,2023,7,51.7,7.385714285714286
00-0038619,Andrei Iosivas,WR,2023,11,50.6,4.6000000000000005
00-0038115,Daniel Bellinger,TE,2023,14,50.5,3.607142857142857
00-0035631,Drew Sample,TE,2023,14,50.3,3.5928571428571425
00-0033536,Mike Williams,WR,2023,3,50.2,16.733333333333334
00-0033217,Mo Alie-Cox,TE,2023,14,49.1,3.507142857142857
00-0033869,Mitchell Trubisky,QB,2023,5,48.68,9.736
00-0034983,Hunter Renfrow,WR,2023,14,48.5,3.4642857142857144
00-0032392,Austin Hooper,TE,2023,16,48.400000000000006,3.0250000000000004
00-0036232,Harrison Bryant,TE,2023,15,48.4,3.2266666666666666
00-0034681,Chase Edmonds,RB,2023,15,48.4,3.2266666666666666
00-0035406,Lil'Jordan Humphrey,WR,2023,11,47.2,4.290909090909091
00-0033308,Matt Breida,RB,2023,15,46.9,3.1266666666666665
00-0036414,Cam Akers,RB,2023,7,46.699999999999996,6.671428571428571
00-0034981,Foster Moreau,TE,2023,13,46.300000000000004,3.5615384615384618
00-0034838,Royce Freeman,RB,2023,11,46.2,4.2
00-0032543,Alex Erickson,WR,2023,8,45.2,5.65
00-0037525,Jordan Mason,RB,2023,16,44.7,2.79375
00-0038979,Cedric Tillman,WR,2023,11,44.2,4.0181818181818185
00-0035664,Darrell Henderson,RB,2023,4,43.5,10.875
00-0038551,Kendre Miller,RB,2023,7,43.3,6.185714285714285
00-0033555,Mack Hollins,WR,2023,12,43.1,3.591666666666667
00-0034115,Jeff Wilson,RB,2023,10,42.900000000000006,4.290000000000001
00-0036020,Salvon Ahmed,RB,2023,7,42.9,6.128571428571428
00-0038098,Pierre Strong,RB,2023,16,42.800000000000004,2.6750000000000003
00-0033893,Dalvin Cook,RB,2023,15,42.5,2.8333333333333335
00-0034830,Hayden Hurst,TE,2023,9,42.400000000000006,4.711111111111112
00-0035140,Mecole Hardman,WR,2023,10,42.4,4.24
00-0035215,Deonte Harty,WR,2023,18,41.7,2.316666666666667
00-0027944,Julio Jones,WR,2023,9,41.599999999999994,4.622222222222222
00-0035537,Ty Johnson,RB,2023,11,41.400000000000006,3.763636363636364
00-0036415,Van Jefferson,WR,2023,14,41.300000000000004,2.95
00-0032104,Ameer Abdullah,RB,2023,16,41.0,2.5625
00-0037614,John Metchie III,WR,2023,15,40.5,2.7
00-0033572,Jamal Agnew,WR,2023,11,40.300000000000004,3.663636363636364
00-0033246,Johnny Mundt,TE,2023,10,40.2,4.0200000000000005
00-0034159,Will Dissly,TE,2023,13,40.2,3.0923076923076924
00-0035208,Olamide Zaccheaus,WR,2023,12,39.900000000000006,3.3250000000000006
00-0037742,Treylon Burks,WR,2023,9,39.9,4.433333333333334
00-0036271,Quez Watkins,WR,2023,6,39.4,6.566666666666666
00-0038606,Parker Washington,WR,2023,8,39.2,4.9
00-0035298,Scott Miller,WR,2023,11,39.1,3.5545454545454547
00-0038394,Will Mallory,TE,2023,11,38.7,3.5181818181818185
00-0038611,Chris Rodriguez Jr.,RB,2023,9,37.900000000000006,4.211111111111112
00-0031941,Jamison Crowder,WR,2023,16,37.900000000000006,2.3687500000000004
00-0033439,Pharaoh Brown,TE,2023,11,37.800000000000004,3.436363636363637
00-0035567,Craig Reynolds,RB,2023,14,37.7,2.692857142857143
00-0037487,Deven Thompkins,WR,2023,19,37.3,1.963157894736842
00-0034854,KhaDarel Hodge,WR,2023,14,37.2,2.6571428571428575
00-0033589,David Moore,WR,2023,8,37.1,4.6375
00-0030578,Cordarrelle Patterson,RB,2023,12,36.9,3.0749999999999997
00-0039041,Elijah Higgins,TE,2023,11,36.3,3.3
00-0038941,Tyler Scott,WR,2023,13,35.900000000000006,2.761538461538462
00-0037292,Andrew Ogletree,TE,2023,11,35.7,3.2454545454545456
00-0036626,Dyami Brown,WR,2023,16,34.96,2.185
00-0035628,D'Ernest Johnson,RB,2023,16,34.800000000000004,2.1750000000000003
00-0036628,John Bates,TE,2023,15,34.1,2.2733333333333334
00-0027696,Jimmy Graham,TE,2023,6,33.9,5.6499999999999995
00-0034970,Irv Smith,TE,2023,10,33.5,3.35
00-0038465,Malik Heath,WR,2023,12,33.5,2.7916666666666665
00-0037273,Kyle Philips,WR,2023,8,33.1,4.1375
00-0034407,Ray-Ray McCloud,WR,2023,15,33.1,2.2066666666666666
00-0036955,Terrace Marshall Jr.,WR,2023,8,32.900000000000006,4.112500000000001
00-0037475,Stone Smartt,TE,2023,12,32.5,2.7083333333333335
00-0034054,River Cracraft,WR,2023,7,32.4,4.628571428571428
00-0035860,Tony Jones,RB,2023,6,32.2,5.366666666666667
00-0036754,Brock Wright,TE,2023,11,32.0,2.909090909090909
00-0038573,Derius Davis,WR,2023,17,31.700000000000003,1.8647058823529414
00-0037805,Jeremy Ruckert,TE,2023,10,31.1,3.1100000000000003
00-0038647,Ronnie Bell,WR,2023,13,30.8,2.3692307692307693
00-0035973,Patrick Taylor,RB,2023,13,30.6,2.353846153846154
00-0035639,Parris Campbell,WR,2023,10,30.400000000000002,3.04
00-0039074,Davis Allen,TE,2023,8,30.3,3.7875
00-0034297,Byron Pringle,WR,2023,13,30.1,2.3153846153846156
00-0036297,Darrynton Evans,RB,2023,6,30.0,5.0
00-0035704,Drew Lock,QB,2023,4,29.119999999999997,7.279999999999999
00-0036233,Donovan Peoples-Jones,WR,2023,17,28.5,1.6764705882352942
00-0036887,Luke Farrell,TE,2023,10,28.5,2.85
00-0034364,Jordan Akins,TE,2023,13,28.200000000000003,2.1692307692307695
00-0038547,Luke Schoonmaker,TE,2023,13,28.2,2.169230769230769
00-0037557,Ronnie Rivers,RB,2023,10,27.5,2.75
00-0034487,Trent Sherfield,WR,2023,12,27.3,2.275
00-0038104,Tyquan Thornton,WR,2023,9,27.200000000000003,3.0222222222222226
00-0032156,Trevor Siemian,QB,2023,5,26.96,5.392
00-0038618,Xavier Hutchinson,WR,2023,14,26.8,1.9142857142857144
00-0035264,Jarrett Stidham,QB,2023,2,26.64,13.32
00-0036635,Ihmir Smith-Marsette,WR,2023,17,26.5,1.5588235294117647
00-0032950,Carson Wentz,QB,2023,1,26.12,26.12
00-0031585,MyCole Pruitt,TE,2023,10,26.0,2.6
00-0035993,Tyler Huntley,QB,2023,5,25.619999999999997,5.124
00-0035414,Jalen Guyton,WR,2023,7,24.900000000000002,3.5571428571428574
00-0038555,Tank Bigsby,RB,2023,13,24.8,1.9076923076923078
00-0036438,Stephen Sullivan,TE,2023,10,24.5,2.45
00-0038589,Josh Whyle,TE,2023,9,24.4,2.711111111111111
00-0027973,Andy Dalton,QB,2023,2,23.64,11.82
00-0037539,Lucas Krull,TE,2023,7,23.5,3.357142857142857
00-0034869,Sam Darnold,QB,2023,10,23.380000000000003,2.338
00-0034791,Nick Chubb,RB,2023,2,23.1,11.55
00-0038046,Charlie Kolar,TE,2023,10,23.1,2.31
00-0034286,Richie James,WR,2023,13,23.0,1.7692307692307692
00-0037078,Cole Turner,TE,2023,8,23.0,2.875
00-0036862,Ben Skowronek,WR,2023,14,23.0,1.6428571428571428
00-0033119,Jacoby Brissett,QB,2023,2,22.86,11.43
00-0032688,Robbie Chosen,WR,2023,6,22.6,3.766666666666667
00-0036387,Jalen Reagor,WR,2023,9,22.5,2.5
00-0036364,Lynn Bowden,WR,2023,8,22.5,2.8125
00-0032385,Sterling Shepard,WR,2023,10,22.3,2.23
00-0033757,Robert Tonyan,TE,2023,12,22.2,1.8499999999999999
00-0038583,Dorian Thompson-Robinson,QB,2023,7,22.099999999999998,3.157142857142857
00-0036326,Chase Claypool,WR,2023,11,21.7,1.9727272727272727
00-0036268,Laviska Shenault Jr.,WR,2023,8,21.5,2.6875
00-0033936,C.J. Beathard,QB,2023,6,21.46,3.5766666666666667
00-0037286,Kevin Harris,RB,2023,4,21.3,5.325
00-0033466,Isaiah McKenzie,WR,2023,13,20.6,1.5846153846153848
00-0038797,Emanuel Wilson,RB,2023,7,20.5,2.9285714285714284
00-0036984,Trey Sermon,RB,2023,8,20.3,2.5375
00-0033275,PJ Walker,QB,2023,5,19.96,3.992
00-0032134,C.J. Uzomah,TE,2023,8,19.8,2.475
00-0032144,Melvin Gordon,RB,2023,4,19.7,4.925
00-0032141,Geoff Swaim,TE,2023,8,19.4,2.425
00-0036497,Tim Jones,WR,2023,10,19.3,1.9300000000000002
00-0035657,Damien Harris,RB,2023,6,19.0,3.1666666666666665
00-0038045,Isaiah Spiller,RB,2023,9,19.0,2.111111111111111
00-0038389,Israel Abanikanda,RB,2023,6,18.3,3.0500000000000003
00-0037120,Tyler Goodson,RB,2023,6,18.1,3.016666666666667
00-0034414,Boston Scott,RB,2023,13,17.8,1.3692307692307693
00-0037098,Samori Toure,WR,2023,8,17.8,2.225
00-0036898,Davis Mills,QB,2023,6,17.66,2.9433333333333334
00-0037429,Raheem Blackshear,RB,2023,9,17.099999999999998,1.8999999999999997
00-0028002,Randall Cobb,WR,2023,9,16.9,1.8777777777777775
00-0038492,Jason Brownlee,WR,2023,4,16.6,4.15
00-0033376,Patrick Ricard,RB,2023,7,16.2,2.314285714285714
00-0032128,Chris Conley,WR,2023,3,15.4,5.133333333333334
00-0038622,Deuce Vaughn,RB,2023,6,15.0,2.5
00-0035291,Trayveon Williams,RB,2023,16,14.9,0.93125
00-0034317,Keith Kirkwood,WR,2023,7,14.700000000000001,2.1
00-0038576,Charlie Jones,WR,2023,11,14.7,1.3363636363636362
00-0035045,D.J. Montgomery,WR,2023,2,14.600000000000001,7.300000000000001
00-0035771,Mitchell Wilcox,TE,2023,12,14.6,1.2166666666666666
00-0036332,Josiah Deguara,TE,2023,10,14.5,1.45
00-0038935,Brenton Strange,TE,2023,7,14.499999999999998,2.071428571428571
00-0036269,La'Mical Perine,RB,2023,2,14.000000000000002,7.000000000000001
00-0030068,Marquise Goodwin,WR,2023,11,14.0,1.2727272727272727
00-0037299,Keaontay Ingram,RB,2023,7,14.0,2.0
00-0032436,Jeff Driskel,QB,2023,1,13.940000000000001,13.940000000000001
00-0036145,Lawrence Cager,TE,2023,5,13.6,2.7199999999999998
00-0039050,Payne Durham,TE,2023,8,13.6,1.7
00-0038809,Ben Sims,TE,2023,7,13.5,1.9285714285714286
00-0034208,Mike Boone,RB,2023,9,13.3,1.4777777777777779
00-0038558,Darnell Washington,TE,2023,9,13.100000000000001,1.4555555555555557
00-0038396,Eric Gray,RB,2023,10,13.0,1.3
00-0024243,Marcedes Lewis,TE,2023,6,12.899999999999999,2.15
00-0036424,Brycen Hopkins,TE,2023,5,12.8,2.56
00-0038738,Hunter Luepke,RB,2023,10,12.7,1.27
00-0038640,Jalen Brooks,WR,2023,3,12.4,4.133333333333334
00-0036425,DeeJay Dallas,RB,2023,17,12.2,0.7176470588235294
00-0031503,Jameis Winston,QB,2023,6,11.959999999999999,1.9933333333333332
00-0032268,Marcus Mariota,QB,2023,2,11.76,5.88
00-0036158,J.K. Dobbins,RB,2023,1,11.7,11.7
00-0036569,Gary Brightwell,RB,2023,4,11.6,2.9
00-0032062,Blake Bell,TE,2023,7,11.6,1.657142857142857
00-0034433,Nick Bawden,RB,2023,6,11.5,1.9166666666666667
00-0037216,Justyn Ross,WR,2023,6,11.3,1.8833333333333335
00-0034279,Equanimeous St. Brown,WR,2023,5,11.2,2.2399999999999998
00-0029239,Brandon Bolden,RB,2023,5,11.1,2.2199999999999998
00-0037745,Velus Jones Jr.,WR,2023,13,11.1,0.8538461538461538
00-0034177,Tim Boyle,QB,2023,3,10.9,3.6333333333333333
00-0038685,Chris Brooks,RB,2023,4,10.600000000000001,2.6500000000000004
00-0036590,Quintin Morris,TE,2023,3,10.6,3.533333333333333
00-0034365,Ian Thomas,TE,2023,8,10.6,1.325
00-0033854,Dare Ogunbowale,RB,2023,11,10.3,0.9363636363636364
00-0038821,Rakim Jarrett,WR,2023,7,10.0,1.4285714285714286
00-0032200,Ty Montgomery,WR,2023,11,9.9,0.9
00-0028986,Case Keenum,QB,2023,2,9.74,4.87
00-0031763,DeAndre Carter,WR,2023,17,9.700000000000001,0.5705882352941177
00-0035120,Keelan Doss,WR,2023,2,9.3,4.65
00-0038720,Julian Hill,TE,2023,10,8.8,0.8800000000000001
00-0036427,Tyler Johnson,WR,2023,1,8.8,8.8
00-0036741,Jack Stoll,TE,2023,6,8.8,1.4666666666666668
00-0037132,Britain Covey,WR,2023,16,8.2,0.5125
00-0036646,Simi Fehoko,WR,2023,2,7.9,3.95
00-0037086,Grant Calcaterra,TE,2023,3,7.8999999999999995,2.6333333333333333
00-0037569,Peyton Hendershot,TE,2023,8,7.800000000000001,0.9750000000000001
00-0030874,Damien Williams,RB,2023,3,7.499999999999999,2.4999999999999996
00-0038582,Clayton Tune,QB,2023,6,7.4799999999999995,1.2466666666666666
00-0036331,Devin Duvernay,WR,2023,15,7.3,0.48666666666666664
00-0037311,Ko Kieft,TE,2023,11,7.2,0.6545454545454545
00-0036841,Austin Trammell,WR,2023,16,6.9,0.43125
00-0038667,Elijah Cooks,WR,2023,4,6.800000000000001,1.7000000000000002
00-0029293,Marvin Jones,WR,2023,4,6.5,1.625
00-0036450,Ke'Shawn Vaughn,RB,2023,5,6.4,1.28
00-0036429,Charlie Woerner,TE,2023,12,6.2,0.5166666666666667
00-0038783,Nate Adkins,TE,2023,5,6.2,1.24
00-0027948,Blaine Gabbert,QB,2023,2,5.900000000000002,2.950000000000001
00-0033251,Zach Pascal,WR,2023,10,5.9,0.5900000000000001
00-0037291,Jalen Nailor,WR,2023,3,5.9,1.9666666666666668
00-0034928,Steven Sims,WR,2023,4,5.6,1.4
00-0036482,Mike Strachan,WR,2023,2,5.5,2.75
00-0037252,Greg Dulcich,TE,2023,2,5.5,2.75
00-0037277,Teagan Quitoriano,TE,2023,3,5.300000000000001,1.7666666666666668
00-0038951,Sean Tucker,RB,2023,3,5.2,1.7333333333333334
00-0026625,Brian Hoyer,QB,2023,2,4.94,2.47
00-0035934,Trishton Jackson,WR,2023,2,4.9,2.45
00-0036510,Kenny Yeboah,TE,2023,3,4.800000000000001,1.6000000000000003
00-0037282,James Mitchell,TE,2023,2,4.800000000000001,2.4000000000000004
00-0034750,Rashaad Penny,RB,2023,3,4.8,1.5999999999999999
00-0034955,Brett Rypien,QB,2023,2,4.78,2.39
00-0035703,Miles Boykin,WR,2023,8,4.7,0.5875
00-0037410,Jashaun Corbin,RB,2023,3,4.300000000000001,1.4333333333333336
00-0033296,Alex Armah,RB,2023,4,4.3,1.075
00-0033576,Eric Saubert,TE,2023,3,4.2,1.4000000000000001
00-0036493,Deon Jackson,RB,2023,2,4.000000000000001,2.0000000000000004
00-0033856,Leonard Fournette,RB,2023,2,4.0,2.0
00-0038862,Elijah Dotson,RB,2023,1,3.9000000000000004,3.9000000000000004
00-0038608,Kayshon Boutte,WR,2023,3,3.9000000000000004,1.3
00-0031484,Chris Manhertz,TE,2023,7,3.6,0.5142857142857143
00-0030663,Willie Snead,WR,2023,2,3.4,1.7
00-0035480,Malik Taylor,WR,2023,2,3.3000000000000003,1.6500000000000001
00-0033662,Cooper Rush,QB,2023,7,3.2600000000000002,0.46571428571428575
00-0036860,Jake Funk,RB,2023,1,3.2,3.2
00-0037317,Nick Muse,TE,2023,1,3.2,3.2
00-0035259,Trevon Wesco,TE,2023,6,3.1,0.5166666666666667
00-0037157,Bam Knight,RB,2023,2,3.1,1.55
00-0036336,Anthony McFarland,RB,2023,3,3.1,1.0333333333333334
00-0033118,Kenyan Drake,RB,2023,2,3.0999999999999996,1.5499999999999998
00-0038128,Malik Willis,QB,2023,2,3.06,1.53
00-0035715,Derrick Gore,RB,2023,3,2.6000000000000005,0.8666666666666668
00-0032951,Laquon Treadwell,WR,2023,3,2.6,0.8666666666666667
00-0035184,Devine Ozigbo,RB,2023,1,2.3,2.3
00-0037306,John FitzPatrick,TE,2023,3,2.2,0.7333333333333334
00-0038092,Erik Ezukanma,WR,2023,2,2.2,1.1
00-0035726,Jakob Johnson,RB,2023,8,2.2,0.275
00-0034073,Ross Dwelley,TE,2023,2,2.2,1.1
00-0038598,Jaren Hall,QB,2023,3,2.1200000000000006,0.7066666666666669
00-0036630,Tylan Wallace,WR,2023,6,2.1,0.35000000000000003
00-0036254,Collin Johnson,WR,2023,1,2.1,2.1
00-0036857,Chris Evans,RB,2023,3,2.1,0.7000000000000001
00-0037827,Tyrion Davis-Price,RB,2023,1,2.1,2.1
00-0034401,Mike White,QB,2023,6,2.06,0.3433333333333333
00-0035164,Cody Thompson,WR,2023,2,2.0,1.0
00-0039136,Zach Evans,RB,2023,4,1.9000000000000001,0.47500000000000003
00-0037654,Tucker Fisk,TE,2023,2,1.9,0.95
00-0033455,Anthony Firkser,TE,2023,1,1.8,1.8
00-0038397,Evan Hull,RB,2023,1,1.7000000000000002,1.7000000000000002
00-0036176,Mason Kinsey,WR,2023,6,1.6,0.26666666666666666
00-0034193,Kevin Rader,TE,2023,7,1.6,0.2285714285714286
00-0037506,Cole Fotheringham,TE,2023,1,1.6,1.6
00-0035562,Jesper Horsted,TE,2023,5,1.4,0.27999999999999997
00-0038632,Colton Dowell,WR,2023,4,1.3,0.325
00-0036842,Kene Nwangwu,RB,2023,8,1.3,0.1625
00-0036187,Reggie Gilliam,RB,2023,5,1.3,0.26
00-0032394,Nick Vannett,TE,2023,1,1.3,1.3
00-0038391,Sean Clifford,QB,2023,2,1.28,0.64
00-0037420,Kwamie Lassiter II,WR,2023,1,1.2,1.2
00-0038627,Antoine Green,WR,2023,2,1.2,0.6
00-0035956,Giovanni Ricci,TE,2023,2,1.2,0.6
00-0035924,Jonathan Ward,RB,2023,2,1.1,0.55
00-0034575,David Wells,TE,2023,1,1.0,1.0
00-0035831,James Robinson,RB,2023,1,1.0,1.0
00-0031288,AJ McCarron,QB,2023,2,0.76,0.38
00-0036620,Dee Eskridge,WR,2023,4,0.5,0.125
00-0035399,Stanley Morgan,WR,2023,1,0.0,0.0
00-0032214,Tyler Kroft,TE,2023,1,0.0,0.0
00-0037156,Irvin Charles,WR,2023,6,0.0,0.0
00-0032450,Dwayne Washington,RB,2023,3,0.0,0.0
00-0035976,Dan Chisena,WR,2023,3,0.0,0.0
00-0038969,Kearis Jackson,WR,2023,2,0.0,0.0
00-0037004,Hunter Long,TE,2023,1,0.0,0.0
00-0038656,Mohamed Ibrahim,RB,2023,1,0.0,0.0
00-0035572,Parker Hesse,TE,2023,1,0.0,0.0
00-0037093,Dareke Young,WR,2023,1,0.0,0.0
00-0038488,Brady Russell,RB,2023,6,0.0,0.0
00-0036991,Amari Rodgers,WR,2023,1,0.0,0.0
00-0037594,Julius Chestnut,RB,2023,1,0.0,0.0
00-0033955,Jeremy McNichols,RB,2023,2,0.0,0.0
00-0036527,DJ Turner,WR,2023,7,0.0,0.0
00-0038678,Jordan Mims,RB,2023,2,0.0,0.0
00-0036959,Michael Bandy,WR,2023,1,0.0,0.0
00-0036032,Sean McKeon,TE,2023,8,0.0,0.0
00-0035593,Juwann Winfree,WR,2023,1,0.0,0.0
00-0023459,Aaron Rodgers,QB,2023,1,0.0,0.0
00-0037039,Devon Allen,WR,2023,1,0.0,0.0
00-0036133,James Proche,WR,2023,11,0.0,0.0
00-0031868,Damiere Byrd,WR,2023,1,0.0,0.0
00-0037272,Montrell Washington,WR,2023,4,0.0,0.0
00-0037011,Tre' McKitty,TE,2023,1,0.0,0.0
00-0026293,Matthew Slater,WR,2023,5,0.0,0.0
00-0034614,Godwin Igwebuike,RB,2023,7,0.0,0.0
00-0035876,Andre Baccellia,WR,2023,1,0.0,0.0
00-0037451,Rod Williams,TE,2023,6,0.0,0.0
00-0037563,Malik Davis,RB,2023,1,0.0,0.0
00-0038489,Ben VanSumeren,RB,2023,6,0.0,0.0
00-0032208,Phillip Dorsett,WR,2023,2,0.0,0.0
00-0038643,Brayden Willis,TE,2023,2,0.0,0.0
00-0038891,Shedrick Jackson,WR,2023,2,0.0,0.0
00-0036423,Albert Okwuegbunam,TE,2023,1,0.0,0.0
00-0036877,Jaelon Darden,WR,2023,1,0.0,0.0
00-0038911,Malik Cunningham,WR,2023,1,0.0,0.0
00-0035527,Andy Isabella,WR,2023,2,0.0,0.0
00-0033258,Darrell Daniels,TE,2023,1,0.0,0.0
00-0038468,Henry Pearson,TE,2023,1,0.0,0.0
00-0035806,JaMycal Hasty,RB,2023,1,0.0,0.0
00-0035594,Travis Homer,RB,2023,7,0.0,0.0
00-0032725,Stephen Anderson,TE,2023,1,0.0,0.0
00-0036928,Kyle Trask,QB,2023,2,-0.1,-0.05
00-0031237,Teddy Bridgewater,QB,2023,1,-0.2,-0.2
00-0032975,Jonathan Williams,RB,2023,1,-0.2,-0.2
00-0033292,Trent Taylor,WR,2023,15,-0.2,-0.013333333333333334
00-0030533,Matt Barkley,QB,2023,1,-0.30000000000000004,-0.30000000000000004
00-0034438,Logan Woodside,QB,2023,1,-0.31999999999999984,-0.31999999999999984
00-0033958,Nathan Peterman,QB,2023,1,-0.4,-0.4
00-0035645,Gunner Olszewski,WR,2023,12,-1.0,-0.08333333333333333
00-0034577,Kyle Allen,QB,2023,6,-1.3,-0.21666666666666667
00-0033873,Patrick Mahomes,QB,2022,20,477.52,23.875999999999998
00-0036389,Jalen Hurts,QB,2022,18,457.5,25.416666666666668
00-0034857,Josh Allen,QB,2022,18,434.76,24.153333333333332
00-0033280,Christian McCaffrey,RB,2022,20,416.26,20.813
00-0036442,Joe Burrow,QB,2022,19,406.54,21.396842105263158
00-0030506,Travis Kelce,TE,2022,20,393.0,19.65
00-0033699,Austin Ekeler,RB,2022,18,391.0,21.72222222222222
00-0036322,Justin Jefferson,WR,2022,18,380.28000000000003,21.12666666666667
00-0033040,Tyreek Hill,WR,2022,18,357.6,19.866666666666667
00-0031588,Stefon Diggs,WR,2022,18,342.5,19.02777777777778
00-0036358,CeeDee Lamb,WR,2022,19,340.70000000000005,17.931578947368422
00-0031381,Davante Adams,WR,2022,17,335.5,19.735294117647058
00-0035676,A.J. Brown,WR,2022,20,333.2,16.66
00-0036971,Trevor Lawrence,QB,2022,19,331.22,17.43263157894737
00-0035700,Josh Jacobs,RB,2022,17,328.3,19.311764705882354
00-0035710,Daniel Jones,QB,2022,18,322.64,17.924444444444443
00-0034844,Saquon Barkley,RB,2022,18,322.1,17.894444444444446
00-0030565,Geno Smith,QB,2022,18,320.8,17.822222222222223
00-0029604,Kirk Cousins,QB,2022,18,317.4,17.633333333333333
00-0032764,Derrick Henry,RB,2022,16,302.76,18.9225
00-0036355,Justin Herbert,QB,2022,18,297.38,16.52111111111111
00-0036912,DeVonta Smith,WR,2022,20,297.3,14.865
00-0036900,Ja'Marr Chase,WR,2022,15,296.7,19.779999999999998
00-0036945,Justin Fields,QB,2022,15,295.98,19.732000000000003
00-0019596,Tom Brady,QB,2022,18,293.7,16.316666666666666
00-0033106,Jared Goff,QB,2022,17,284.32,16.72470588235294
00-0034775,Christian Kirk,WR,2022,19,283.7,14.93157894736842
00-0034791,Nick Chubb,RB,2022,17,281.40000000000003,16.55294117647059
00-0033897,Joe Mixon,RB,2022,17,274.8,16.16470588235294
00-0036963,Amon-Ra St. Brown,WR,2022,16,267.6,16.725
00-0036613,Jaylen Waddle,WR,2022,18,267.40000000000003,14.855555555555558
00-0035261,Tony Pollard,RB,2022,18,266.0,14.777777777777779
00-0035640,DK Metcalf,WR,2022,18,262.4,14.577777777777776
00-0036410,Tee Higgins,WR,2022,17,256.7,15.1
00-0033893,Dalvin Cook,RB,2022,18,250.8,13.933333333333334
00-0032211,Tyler Lockett,WR,2022,17,249.2,14.658823529411764
00-0036875,Rhamondre Stevenson,RB,2022,17,249.1,14.652941176470588
00-0033293,Aaron Jones,RB,2022,17,248.6,14.623529411764705
00-0031544,Amari Cooper,WR,2022,17,246.0,14.470588235294118
00-0033077,Dak Prescott,QB,2022,14,245.64000000000001,17.545714285714286
00-0035243,Miles Sanders,RB,2022,20,244.8,12.24
00-0036261,Brandon Aiyuk,WR,2022,20,244.70000000000002,12.235000000000001
00-0033921,Chris Godwin Jr.,WR,2022,16,241.3,15.08125
00-0031408,Mike Evans,WR,2022,16,240.8,15.05
00-0035229,T.J. Hockenson,TE,2022,18,240.3,13.350000000000001
00-0023459,Aaron Rodgers,QB,2022,17,239.2,14.070588235294117
00-0034796,Lamar Jackson,QB,2022,12,236.08,19.673333333333336
00-0036973,Travis Etienne,RB,2022,19,235.2,12.378947368421052
00-0033891,Zay Jones,WR,2022,18,232.8,12.933333333333334
00-0036212,Tua Tagovailoa,QB,2022,13,230.92000000000002,17.763076923076923
00-0033288,George Kittle,TE,2022,18,229.3,12.738888888888889
00-0035659,Terry McLaurin,WR,2022,17,229.0,13.470588235294118
00-0033856,Leonard Fournette,RB,2022,17,228.8,13.458823529411765
00-0033948,Jamaal Williams,RB,2022,17,225.9,13.288235294117648
00-0029263,Russell Wilson,QB,2022,15,225.76000000000002,15.050666666666668
00-0036893,Najee Harris,RB,2022,17,225.46,13.262352941176472
00-0031280,Derek Carr,QB,2022,15,219.08,14.605333333333334
00-0036252,Michael Pittman,WR,2022,16,216.5,13.53125
00-0038134,Kenneth Walker III,RB,2022,16,216.1,13.50625
00-0037740,Garrett Wilson,WR,2022,17,215.7,12.688235294117646
00-0033906,Alvin Kamara,RB,2022,15,211.7,14.113333333333333
00-0031376,Jerick McKinnon,RB,2022,20,210.5,10.525
00-0035719,Deebo Samuel Sr.,WR,2022,16,209.9,13.11875
00-0033881,Evan Engram,TE,2022,19,207.3,10.910526315789474
00-0033857,JuJu Smith-Schuster,WR,2022,19,204.20000000000002,10.747368421052633
00-0036407,Jerry Jeudy,WR,2022,15,204.20000000000002,13.613333333333335
00-0034753,Mark Andrews,TE,2022,16,202.8,12.675
00-0033908,Cooper Kupp,WR,2022,9,201.4,22.37777777777778
00-0035228,Kyler Murray,QB,2022,11,200.52,18.22909090909091
00-0036196,Gabe Davis,WR,2022,17,200.3,11.782352941176471
00-0033553,James Conner,RB,2022,13,200.2,15.399999999999999
00-0034827,DJ Moore,WR,2022,17,199.10000000000002,11.711764705882354
00-0037239,Chris Olave,WR,2022,15,198.20000000000002,13.213333333333335
00-0032268,Marcus Mariota,QB,2022,13,196.56,15.120000000000001
00-0033045,Ezekiel Elliott,RB,2022,17,195.7,11.511764705882353
00-0035250,Devin Singletary,RB,2022,18,193.9,10.772222222222222
00-0036275,D'Andre Swift,RB,2022,14,191.10000000000002,13.650000000000002
00-0030035,Adam Thielen,WR,2022,18,188.0,10.444444444444445
00-0034383,Dalton Schultz,TE,2022,17,184.9,10.876470588235295
00-0034960,Jakobi Meyers,WR,2022,14,182.3,13.021428571428572
00-0033009,Tyler Boyd,WR,2022,19,182.02,9.58
00-0036898,Davis Mills,QB,2022,15,181.52,12.101333333333335
00-0035216,Diontae Johnson,WR,2022,17,180.7,10.629411764705882
00-0037238,Drake London,WR,2022,17,178.6,10.505882352941176
00-0035685,David Montgomery,RB,2022,16,177.70000000000002,11.106250000000001
00-0034351,Dallas Goedert,TE,2022,15,177.3,11.82
00-0033536,Mike Williams,WR,2022,13,176.5,13.576923076923077
00-0033282,Curtis Samuel,WR,2022,17,176.3,10.370588235294118
00-0030279,Keenan Allen,WR,2022,11,176.10000000000002,16.00909090909091
00-0034521,Allen Lazard,WR,2022,15,174.8,11.653333333333334
00-0036988,Josh Palmer,WR,2022,17,174.4,10.258823529411766
00-0027973,Andy Dalton,QB,2022,14,174.24,12.445714285714287
00-0037197,Isiah Pacheco,RB,2022,20,173.20000000000002,8.66
00-0036972,Mac Jones,QB,2022,14,170.08,12.14857142857143
00-0034115,Jeff Wilson,RB,2022,17,169.1,9.947058823529412
00-0033119,Jacoby Brissett,QB,2022,14,168.62,12.044285714285715
00-0031687,Raheem Mostert,RB,2022,16,168.3,10.51875
00-0036265,AJ Dillon,RB,2022,17,167.60000000000002,9.858823529411765
00-0037247,George Pickens,WR,2022,17,166.5,9.794117647058824
00-0037258,Dameon Pierce,RB,2022,13,166.4,12.8
00-0036328,Antonio Gibson,RB,2022,15,165.9,11.06
00-0036345,K.J. Osborn,WR,2022,18,165.6,9.2
00-0033526,Samaje Perine,RB,2022,19,165.4,8.705263157894738
00-0031345,Jimmy Garoppolo,QB,2022,11,164.78,14.98
00-0038124,Christian Watson,WR,2022,14,164.10000000000002,11.721428571428573
00-0033895,Gerald Everett,TE,2022,16,162.4,10.15
00-0029701,Ryan Tannehill,QB,2022,12,161.24,13.436666666666667
00-0036233,Donovan Peoples-Jones,WR,2022,17,161.1,9.476470588235294
00-0037263,Tyler Allgeier,RB,2022,16,159.4,9.9625
00-0034348,Courtland Sutton,WR,2022,15,159.4,10.626666666666667
00-0035689,Dawson Knox,TE,2022,17,158.2,9.305882352941175
00-0034286,Richie James,WR,2022,18,157.70000000000002,8.761111111111113
00-0035662,Marquise Brown,WR,2022,12,156.0,13.0
00-0026143,Matt Ryan,QB,2022,12,155.28,12.94
00-0030513,Latavius Murray,RB,2022,13,154.2,11.86153846153846
00-0033555,Mack Hollins,WR,2022,17,154.16,9.068235294117647
00-0034272,Marquez Valdes-Scantling,WR,2022,20,153.60000000000002,7.6800000000000015
00-0037256,Rachaad White,RB,2022,18,152.8,8.488888888888889
00-0033110,Tyler Higbee,TE,2022,16,152.0,9.5
00-0030564,DeAndre Hopkins,WR,2022,9,151.7,16.855555555555554
00-0038102,Kenny Pickett,QB,2022,13,149.86,11.527692307692309
00-0037834,Brock Purdy,QB,2022,12,149.42000000000002,12.451666666666668
00-0035639,Parris Campbell,WR,2022,17,149.1,8.770588235294117
00-0030578,Cordarrelle Patterson,RB,2022,13,148.7,11.438461538461537
00-0036894,Pat Freiermuth,TE,2022,15,148.2,9.879999999999999
00-0036290,Cole Kmet,TE,2022,17,147.29999999999998,8.66470588235294
00-0036223,Jonathan Taylor,RB,2022,11,146.4,13.30909090909091
00-0033357,Taysom Hill,TE,2022,16,145.8,9.1125
00-0031236,Brandin Cooks,WR,2022,13,145.6,11.2
00-0035535,Darius Slayton,WR,2022,15,142.9,9.526666666666667
00-0033885,David Njoku,TE,2022,14,142.0,10.142857142857142
00-0036414,Cam Akers,RB,2022,15,141.3,9.42
00-0034830,Hayden Hurst,TE,2022,16,136.5,8.53125
00-0036040,Juwan Johnson,TE,2022,16,134.8,8.425
00-0029293,Marvin Jones,WR,2022,18,131.9,7.327777777777778
00-0034270,Tyler Conklin,TE,2022,17,131.5,7.735294117647059
00-0033925,D'Onta Foreman,RB,2022,16,131.0,8.1875
00-0037741,Jahan Dotson,WR,2022,12,130.6,10.883333333333333
00-0033923,Kareem Hunt,RB,2022,17,126.8,7.458823529411765
00-0034411,Russell Gage,WR,2022,14,126.60000000000001,9.042857142857143
00-0036165,Isaiah Hodgins,WR,2022,11,126.0,11.454545454545455
00-0036924,Michael Carter,RB,2022,16,126.0,7.875
00-0035644,Noah Fant,TE,2022,18,124.7,6.927777777777778
00-0036919,Kenny Gainwell,RB,2022,20,124.5,6.225
00-0033466,Isaiah McKenzie,WR,2022,16,122.80000000000001,7.675000000000001
00-0033591,Noah Brown,WR,2022,18,122.4,6.800000000000001
00-0034855,Baker Mayfield,QB,2022,12,121.42,10.118333333333334
00-0034764,Michael Gallup,WR,2022,16,121.0,7.5625
00-0031763,DeAndre Carter,WR,2022,18,118.0,6.555555555555555
00-0036906,Khalil Herbert,RB,2022,13,117.80000000000001,9.061538461538463
00-0030431,Robert Woods,WR,2022,17,117.7,6.923529411764706
00-0037248,James Cook,RB,2022,18,116.9,6.4944444444444445
00-0032775,Demarcus Robinson,WR,2022,17,116.7,6.864705882352942
00-0034364,Jordan Akins,TE,2022,15,116.5,7.766666666666667
00-0031800,Taylor Heinicke,QB,2022,9,115.96000000000001,12.884444444444446
00-0030061,Zach Ertz,TE,2022,10,115.60000000000001,11.56
00-0038120,Breece Hall,RB,2022,7,115.10000000000001,16.442857142857143
00-0035500,Greg Dortch,WR,2022,16,115.1,7.19375
00-0032398,Chris Moore,WR,2022,15,115.1,7.673333333333333
00-0032950,Carson Wentz,QB,2022,8,112.8,14.1
00-0037746,Brian Robinson,RB,2022,12,112.7,9.391666666666667
00-0037664,Alec Pierce,WR,2022,16,112.30000000000001,7.018750000000001
00-0033757,Robert Tonyan,TE,2022,17,112.0,6.588235294117647
00-0032464,Kalif Raymond,WR,2022,17,110.2,6.482352941176471
00-0036331,Devin Duvernay,WR,2022,14,110.10000000000001,7.864285714285715
00-0035208,Olamide Zaccheaus,WR,2022,16,110.0,6.875
00-0026498,Matthew Stafford,QB,2022,9,108.38000000000001,12.042222222222223
00-0034829,Mike Gesicki,TE,2022,18,107.7,5.983333333333333
00-0036326,Chase Claypool,WR,2022,15,105.04,7.002666666666667
00-0033118,Kenyan Drake,RB,2022,12,104.10000000000001,8.675
00-0033090,Hunter Henry,TE,2022,16,103.9,6.49375
00-0033943,Josh Reynolds,WR,2022,12,103.9,8.658333333333333
00-0031547,DeVante Parker,WR,2022,12,102.9,8.575000000000001
00-0038129,Cade Otton,TE,2022,17,102.9,6.052941176470589
00-0036158,J.K. Dobbins,RB,2022,9,101.7,11.3
00-0037816,Romeo Doubs,WR,2022,13,101.6,7.815384615384615
00-0036309,Darnell Mooney,WR,2022,11,101.5,9.227272727272727
00-0037545,Rashid Shaheed,WR,2022,12,100.5,8.375
00-0037013,Zach Wilson,QB,2022,9,98.92,10.991111111111111
00-0036360,Clyde Edwards-Helaire,RB,2022,10,98.3,9.83
00-0034777,DJ Chark,WR,2022,11,98.2,8.927272727272728
00-0033871,Corey Davis,WR,2022,13,97.6,7.507692307692308
00-0035140,Mecole Hardman,WR,2022,9,97.5,10.833333333333334
00-0032392,Austin Hooper,TE,2022,17,97.4,5.729411764705882
00-0037809,Chig Okonkwo,TE,2022,16,97.2,6.075
00-0036554,Nico Collins,WR,2022,10,97.10000000000001,9.71
00-0036259,Jauan Jennings,WR,2022,18,93.3,5.183333333333334
00-0037228,Jaylen Warren,RB,2022,16,93.3,5.83125
00-0037838,Isaiah Likely,TE,2022,14,91.3,6.521428571428571
00-0035657,Damien Harris,RB,2022,11,90.9,8.263636363636364
00-0027944,Julio Jones,WR,2022,11,90.80000000000001,8.254545454545456
00-0030068,Marquise Goodwin,WR,2022,13,90.2,6.938461538461539
00-0036555,Chuba Hubbard,RB,2022,14,89.7,6.4071428571428575
00-0034972,Alexander Mattison,RB,2022,18,89.60000000000001,4.977777777777778
00-0036383,Eno Benjamin,RB,2022,13,89.60000000000001,6.892307692307693
00-0035831,James Robinson,RB,2022,11,88.60000000000001,8.054545454545455
00-0033307,Kendrick Bourne,WR,2022,16,88.3,5.51875
00-0037742,Treylon Burks,WR,2022,11,88.10000000000001,8.00909090909091
00-0036980,Elijah Moore,WR,2022,14,88.1,6.292857142857143
00-0036936,Rondale Moore,WR,2022,8,87.9,10.9875
00-0034981,Foster Moreau,TE,2022,14,87.2,6.228571428571429
00-0032144,Melvin Gordon,RB,2022,10,87.10000000000001,8.71
00-0034159,Will Dissly,TE,2022,15,86.9,5.793333333333334
00-0034869,Sam Darnold,QB,2022,6,86.32,14.386666666666665
00-0036271,Quez Watkins,WR,2022,19,86.3,4.542105263157895
00-0037252,Greg Dulcich,TE,2022,10,86.10000000000001,8.610000000000001
00-0038115,Daniel Bellinger,TE,2022,13,86.1,6.623076923076923
00-0033537,Deshaun Watson,QB,2022,6,85.58,14.263333333333334
00-0031428,Allen Robinson,WR,2022,10,84.9,8.49
00-0031610,Darren Waller,TE,2022,8,84.8,10.6
00-0036493,Deon Jackson,RB,2022,12,84.5,7.041666666666667
00-0036862,Ben Skowronek,WR,2022,14,84.30000000000001,6.021428571428572
00-0034487,Trent Sherfield,WR,2022,17,83.7,4.923529411764706
00-0036955,Terrace Marshall Jr.,WR,2022,13,83.0,6.384615384615385
00-0036182,Nick Westbrook-Ikhine,WR,2022,16,82.7,5.16875
00-0028002,Randall Cobb,WR,2022,13,81.7,6.2846153846153845
00-0034983,Hunter Renfrow,WR,2022,10,79.0,7.9
00-0036415,Van Jefferson,WR,2022,10,78.9,7.890000000000001
00-0036913,Kadarius Toney,WR,2022,12,78.7,6.558333333333334
00-0031260,Logan Thomas,TE,2022,13,77.3,5.946153846153846
00-0034253,Dontrell Hilliard,RB,2022,12,77.2,6.433333333333334
00-0036637,Noah Gray,TE,2022,20,76.7,3.835
00-0036970,Kyle Pitts,TE,2022,10,75.6,7.56
00-0035806,JaMycal Hasty,RB,2022,15,75.3,5.02
00-0031549,Nelson Agholor,WR,2022,14,75.2,5.371428571428572
00-0034681,Chase Edmonds,RB,2022,13,74.2,5.707692307692308
00-0037755,Jelani Woods,TE,2022,12,74.2,6.183333333333334
00-0033869,Mitchell Trubisky,QB,2022,7,73.88,10.554285714285713
00-0036244,Colby Parkinson,TE,2022,15,73.60000000000001,4.906666666666667
00-0035664,Darrell Henderson,RB,2022,10,73.5,7.35
00-0036268,Laviska Shenault Jr.,WR,2022,13,72.7,5.592307692307693
00-0034367,Nyheim Hines,RB,2022,18,72.5,4.027777777777778
00-0033572,Jamal Agnew,WR,2022,17,72.2,4.247058823529412
00-0033308,Matt Breida,RB,2022,19,71.8,3.7789473684210524
00-0030288,Rex Burkhead,RB,2022,15,71.4,4.760000000000001
00-0036370,Joshua Kelley,RB,2022,13,68.6,5.276923076923077
00-0035993,Tyler Huntley,QB,2022,6,68.46000000000001,11.410000000000002
00-0035341,Trenton Irwin,WR,2022,11,67.1,6.1
00-0038104,Tyquan Thornton,WR,2022,12,66.3,5.5249999999999995
00-0034414,Boston Scott,RB,2022,18,66.2,3.677777777777778
00-0034184,Gus Edwards,RB,2022,10,65.5,6.55
00-0034860,Dante Pettis,WR,2022,17,65.2,3.835294117647059
00-0034279,Equanimeous St. Brown,WR,2022,16,64.7,4.04375
00-0036251,Zack Moss,RB,2022,13,64.5,4.961538461538462
00-0034386,Justin Watson,WR,2022,19,64.5,3.3947368421052633
00-0036754,Brock Wright,TE,2022,14,63.6,4.542857142857143
00-0036849,Tutu Atwell,WR,2022,12,63.2,5.266666666666667
00-0038090,Skyy Moore,WR,2022,19,62.8,3.305263157894737
00-0034970,Irv Smith,TE,2022,9,62.5,6.944444444444445
00-0036232,Harrison Bryant,TE,2022,14,61.7,4.4071428571428575
00-0036572,Shi Smith,WR,2022,17,61.6,3.623529411764706
00-0027942,A.J. Green,WR,2022,13,61.6,4.7384615384615385
00-0037744,Trey McBride,TE,2022,12,61.5,5.125
00-0036876,Kylen Granson,TE,2022,13,61.2,4.707692307692308
00-0031382,Jarvis Landry,WR,2022,9,60.2,6.688888888888889
00-0036567,Elijah Mitchell,RB,2022,7,59.4,8.485714285714286
00-0037157,Bam Knight,RB,2022,7,59.0,8.428571428571429
00-0034407,Ray-Ray McCloud,WR,2022,20,58.1,2.9050000000000002
00-0034419,Braxton Berrios,WR,2022,17,57.68,3.3929411764705883
00-0033662,Cooper Rush,QB,2022,8,56.64,7.08
00-0034401,Mike White,QB,2022,4,56.58,14.145
00-0035864,Kendall Hinton,WR,2022,11,56.4,5.127272727272727
00-0032134,C.J. Uzomah,TE,2022,14,56.2,4.014285714285714
00-0032602,J.D. McKissic,RB,2022,8,55.8,6.975
00-0031585,MyCole Pruitt,TE,2022,10,55.0,5.5
00-0037005,Tommy Tremble,TE,2022,15,54.400000000000006,3.626666666666667
00-0032104,Ameer Abdullah,RB,2022,16,54.1,3.38125
00-0033217,Mo Alie-Cox,TE,2022,14,53.9,3.85
00-0036550,Rashod Bateman,WR,2022,6,53.5,8.916666666666666
00-0034765,Tre'Quan Smith,WR,2022,10,52.800000000000004,5.28
00-0038041,Jake Ferguson,TE,2022,12,52.8,4.3999999999999995
00-0034750,Rashaad Penny,RB,2022,5,52.2,10.440000000000001
00-0032688,Robbie Chosen,WR,2022,12,52.2,4.3500000000000005
00-0033858,Jonnu Smith,TE,2022,12,52.0,4.333333333333333
00-0031868,Damiere Byrd,WR,2022,12,51.8,4.316666666666666
00-0032208,Phillip Dorsett,WR,2022,15,51.7,3.4466666666666668
00-0038117,Wan'Dale Robinson,WR,2022,6,51.599999999999994,8.6
00-0032765,Michael Thomas,WR,2022,3,51.1,17.033333333333335
00-0034440,Justin Jackson,RB,2022,15,51.1,3.4066666666666667
00-0027966,Mark Ingram,RB,2022,10,50.1,5.01
00-0033854,Dare Ogunbowale,RB,2022,15,48.7,3.246666666666667
00-0031325,Sammy Watkins,WR,2022,10,48.7,4.87
00-0026158,Joe Flacco,QB,2022,5,48.34,9.668000000000001
00-0037261,Khalil Shakir,WR,2022,12,48.2,4.016666666666667
00-0034646,Brandon Powell,WR,2022,17,47.6,2.8000000000000003
00-0036425,DeeJay Dallas,RB,2022,16,47.5,2.96875
00-0035249,Josh Oliver,TE,2022,13,45.5,3.5
00-0037257,David Bell,WR,2022,15,45.4,3.0266666666666664
00-0031273,Cameron Brate,TE,2022,10,45.2,4.5200000000000005
00-0037429,Raheem Blackshear,RB,2022,13,45.0,3.4615384615384617
00-0034975,Justice Hill,RB,2022,16,45.0,2.8125
00-0036829,Caleb Huntley,RB,2022,12,44.900000000000006,3.741666666666667
00-0036422,Adam Trautman,TE,2022,12,44.7,3.725
00-0031503,Jameis Winston,QB,2022,3,43.92,14.64
00-0036991,Amari Rodgers,WR,2022,15,43.1,2.8733333333333335
00-0035594,Travis Homer,RB,2022,10,43.1,4.3100000000000005
00-0034798,Durham Smythe,TE,2022,14,43.0,3.0714285714285716
00-0035537,Ty Johnson,RB,2022,12,42.8,3.5666666666666664
00-0035264,Jarrett Stidham,QB,2022,3,42.64,14.213333333333333
00-0035021,Ashton Dulin,WR,2022,10,42.5,4.25
00-0035298,Scott Miller,WR,2022,12,42.300000000000004,3.5250000000000004
00-0036997,Javonte Williams,RB,2022,4,42.0,10.5
00-0033246,Johnny Mundt,TE,2022,14,41.2,2.942857142857143
00-0034854,KhaDarel Hodge,WR,2022,13,41.2,3.1692307692307695
00-0036534,Shane Zylstra,TE,2022,8,41.0,5.125
00-0035771,Mitchell Wilcox,TE,2022,11,40.8,3.709090909090909
00-0034365,Ian Thomas,TE,2022,13,40.7,3.130769230769231
00-0033251,Zach Pascal,WR,2022,18,40.5,2.25
00-0038108,Bailey Zappe,QB,2022,4,39.64,9.91
00-0037569,Peyton Hendershot,TE,2022,13,39.5,3.0384615384615383
00-0033275,PJ Walker,QB,2022,6,39.14,6.523333333333333
00-0038122,Desmond Ridder,QB,2022,4,38.72,9.68
00-0033951,Marlon Mack,RB,2022,7,38.300000000000004,5.471428571428572
00-0031237,Teddy Bridgewater,QB,2022,5,38.02,7.604000000000001
00-0037745,Velus Jones Jr.,WR,2022,11,38.0,3.4545454545454546
00-0036219,Marquez Callaway,WR,2022,10,37.800000000000004,3.7800000000000002
00-0035289,Gardner Minshew,QB,2022,6,36.620000000000005,6.103333333333334
00-0033879,O.J. Howard,TE,2022,11,36.5,3.3181818181818183
00-0036950,Avery Williams,RB,2022,17,36.0,2.1176470588235294
00-0033576,Eric Saubert,TE,2022,14,35.8,2.557142857142857
00-0036879,Sam Ehlinger,QB,2022,4,35.620000000000005,8.905000000000001
00-0034297,Byron Pringle,WR,2022,10,35.5,3.55
00-0035329,Donald Parham,TE,2022,7,35.3,5.042857142857143
00-0036145,Lawrence Cager,TE,2022,8,34.8,4.35
00-0032385,Sterling Shepard,WR,2022,3,34.400000000000006,11.466666666666669
00-0037563,Malik Davis,RB,2022,6,34.4,5.733333333333333
00-0037525,Jordan Mason,RB,2022,14,33.0,2.357142857142857
00-0037291,Jalen Nailor,WR,2022,8,32.9,4.1125
00-0036626,Dyami Brown,WR,2022,9,32.800000000000004,3.644444444444445
00-0027688,Colt McCoy,QB,2022,4,32.8,8.2
00-0035222,Zach Gentry,TE,2022,14,32.2,2.3000000000000003
00-0035547,Joseph Fortson,TE,2022,11,31.8,2.890909090909091
00-0034928,Steven Sims,WR,2022,12,31.400000000000002,2.6166666666666667
00-0034054,River Cracraft,WR,2022,9,31.2,3.466666666666667
00-0036628,John Bates,TE,2022,9,30.8,3.4222222222222225
00-0035567,Craig Reynolds,RB,2022,6,30.8,5.133333333333334
00-0037840,Kyren Williams,RB,2022,8,30.5,3.8125
00-0037277,Teagan Quitoriano,TE,2022,7,30.3,4.328571428571428
00-0033681,Keelan Cole,WR,2022,12,30.1,2.5083333333333333
00-0036569,Gary Brightwell,RB,2022,17,30.0,1.7647058823529411
00-0036255,Denzel Mims,WR,2022,9,29.6,3.288888888888889
00-0031690,Eric Tomlinson,TE,2022,9,28.9,3.211111111111111
00-0034418,Cedrick Wilson Jr.,WR,2022,14,28.8,2.0571428571428574
00-0034208,Mike Boone,RB,2022,8,28.8,3.6
00-0037327,Skylar Thompson,QB,2022,8,28.560000000000002,3.5700000000000003
00-0037282,James Mitchell,TE,2022,8,28.3,3.5375
00-0029239,Brandon Bolden,RB,2022,13,27.3,2.1
00-0029000,Cole Beasley,WR,2022,6,27.3,4.55
00-0038098,Pierre Strong,RB,2022,10,27.2,2.7199999999999998
00-0036387,Jalen Reagor,WR,2022,18,26.900000000000002,1.4944444444444445
00-0036556,Brevin Jordan,TE,2022,9,26.8,2.977777777777778
00-0024243,Marcedes Lewis,TE,2022,6,26.6,4.433333333333334
00-0032975,Jonathan Williams,RB,2022,9,26.2,2.911111111111111
00-0037617,Hassan Haskins,RB,2022,14,26.0,1.8571428571428572
00-0029608,T.Y. Hilton,WR,2022,5,25.9,5.18
00-0036412,KJ Hamler,WR,2022,6,25.8,4.3
00-0036423,Albert Okwuegbunam,TE,2022,6,25.5,4.25
00-0034845,Sony Michel,RB,2022,10,24.900000000000002,2.49
00-0036741,Jack Stoll,TE,2022,11,24.8,2.2545454545454544
00-0035624,N'Keal Harry,TE,2022,6,24.6,4.1000000000000005
00-0036332,Josiah Deguara,TE,2022,9,24.400000000000002,2.7111111111111112
00-0026189,DeSean Jackson,WR,2022,7,24.3,3.4714285714285715
00-0036590,Quintin Morris,TE,2022,11,24.2,2.1999999999999997
00-0032141,Geoff Swaim,TE,2022,12,23.8,1.9833333333333334
00-0033439,Pharaoh Brown,TE,2022,8,23.7,2.9625
00-0032054,Breshad Perriman,WR,2022,8,23.3,2.9125
00-0034613,Tanner Hudson,TE,2022,6,23.200000000000003,3.866666666666667
00-0031806,Malcolm Brown,RB,2022,7,22.8,3.257142857142857
00-0034011,Dan Arnold,TE,2022,11,22.5,2.0454545454545454
00-0035544,Tom Kennedy,WR,2022,5,22.1,4.42
00-0032058,Tevin Coleman,RB,2022,2,22.000000000000004,11.000000000000002
00-0036020,Salvon Ahmed,RB,2022,7,22.0,3.142857142857143
00-0033725,Corey Clement,RB,2022,5,21.9,4.38
00-0035359,David Sills,WR,2022,7,21.6,3.085714285714286
00-0032980,Marcus Johnson,WR,2022,10,21.6,2.16
00-0035510,Jeff Smith,WR,2022,7,21.4,3.057142857142857
00-0034301,Darrel Williams,RB,2022,5,21.1,4.220000000000001
00-0037311,Ko Kieft,TE,2022,14,21.0,1.5
00-0036187,Reggie Gilliam,RB,2022,7,20.9,2.9857142857142853
00-0033949,Joshua Dobbs,QB,2022,2,20.84,10.42
00-0033550,Davis Webb,QB,2022,1,20.82,20.82
00-0037011,Tre' McKitty,TE,2022,14,20.8,1.4857142857142858
00-0033932,Kenny Golladay,WR,2022,6,20.1,3.35
00-0033376,Patrick Ricard,RB,2022,14,20.0,1.4285714285714286
00-0034073,Ross Dwelley,TE,2022,5,19.5,3.9
00-0035345,Chris Myarick,TE,2022,10,19.5,1.95
00-0038128,Malik Willis,QB,2022,7,19.34,2.762857142857143
00-0037098,Samori Toure,WR,2022,4,19.2,4.8
00-0033455,Anthony Firkser,TE,2022,8,19.0,2.375
00-0034838,Royce Freeman,RB,2022,4,19.0,4.75
00-0036959,Michael Bandy,WR,2022,9,18.9,2.0999999999999996
00-0036999,Anthony Schwartz,WR,2022,7,18.8,2.685714285714286
00-0035217,Benny Snell,RB,2022,9,18.7,2.0777777777777775
00-0037331,Zander Horvath,RB,2022,9,18.6,2.066666666666667
00-0035040,David Blough,QB,2022,2,18.58,9.29
00-0037077,Sam Howell,QB,2022,1,18.259999999999998,18.259999999999998
00-0037299,Keaontay Ingram,RB,2022,11,18.1,1.6454545454545455
00-0034955,Brett Rypien,QB,2022,4,18.02,4.505
00-0035956,Giovanni Ricci,TE,2022,11,18.0,1.6363636363636365
00-0036424,Brycen Hopkins,TE,2022,7,17.900000000000002,2.5571428571428574
00-0035572,Parker Hesse,TE,2022,12,17.9,1.4916666666666665
00-0032436,Jeff Driskel,QB,2022,7,17.22,2.46
00-0034104,Cam Sims,WR,2022,13,16.900000000000002,1.3000000000000003
00-0034816,Ronald Jones,RB,2022,6,16.2,2.6999999999999997
00-0037382,Brandon Johnson,WR,2022,5,16.2,3.2399999999999998
00-0034577,Kyle Allen,QB,2022,2,15.940000000000001,7.970000000000001
00-0037273,Kyle Philips,WR,2022,4,15.8,3.95
00-0036671,Dax Milne,WR,2022,15,15.7,1.0466666666666666
00-0037387,Jalen Virgil,WR,2022,7,15.500000000000002,2.2142857142857144
00-0035939,Bryce Perkins,QB,2022,5,15.440000000000003,3.0880000000000005
00-0037240,Jameson Williams,WR,2022,6,15.100000000000001,2.516666666666667
00-0034899,John Wolford,QB,2022,2,14.8,7.4
00-0034109,Phillip Lindsay,RB,2022,3,14.8,4.933333333333334
00-0034400,Jordan Wilkins,RB,2022,4,14.700000000000001,3.6750000000000003
00-0035645,Gunner Olszewski,WR,2022,15,14.200000000000001,0.9466666666666668
00-0037168,Armani Rogers,TE,2022,9,14.000000000000002,1.5555555555555558
00-0036620,Dee Eskridge,WR,2022,9,13.8,1.5333333333333334
00-0033292,Trent Taylor,WR,2022,19,13.700000000000001,0.7210526315789474
00-0037086,Grant Calcaterra,TE,2022,6,13.100000000000001,2.1833333333333336
00-0036857,Chris Evans,RB,2022,10,12.8,1.28
00-0037012,Trey Lance,QB,2022,2,12.46,6.23
00-0036133,James Proche,WR,2022,12,12.200000000000001,1.0166666666666668
00-0031941,Jamison Crowder,WR,2022,4,12.0,3.0
00-0027981,Kyle Rudolph,TE,2022,5,11.8,2.3600000000000003
00-0033319,Nick Mullens,QB,2022,4,11.76,2.94
00-0036264,Jordan Love,QB,2022,4,11.7,2.925
00-0035876,Andre Baccellia,WR,2022,5,11.5,2.3
00-0032394,Nick Vannett,TE,2022,5,11.5,2.3
00-0036247,Freddie Swain,WR,2022,3,11.4,3.8000000000000003
00-0032062,Blake Bell,TE,2022,3,11.399999999999999,3.7999999999999994
00-0028118,Tyrod Taylor,QB,2022,2,11.319999999999999,5.659999999999999
00-0031051,John Brown,WR,2022,3,11.2,3.733333333333333
00-0037286,Kevin Harris,RB,2022,5,11.2,2.2399999999999998
00-0036810,Cade Johnson,WR,2022,3,11.0,3.6666666666666665
00-0037487,Deven Thompkins,WR,2022,6,10.799999999999999,1.7999999999999998
00-0036297,Darrynton Evans,RB,2022,3,10.700000000000001,3.566666666666667
00-0031787,Jake Kumerow,WR,2022,5,10.4,2.08
00-0035860,Tony Jones,RB,2022,3,10.4,3.466666666666667
00-0032200,Ty Montgomery,WR,2022,1,10.3,10.3
00-0031484,Chris Manhertz,TE,2022,9,10.2,1.1333333333333333
00-0032951,Laquon Treadwell,WR,2022,3,10.2,3.4
00-0037265,Snoop Conner,RB,2022,5,10.2,2.04
00-0036450,Ke'Shawn Vaughn,RB,2022,6,10.2,1.7
00-0032156,Trevor Siemian,QB,2022,2,10.16,5.08
00-0037557,Ronnie Rivers,RB,2022,2,10.0,5.0
00-0037827,Tyrion Davis-Price,RB,2022,5,9.9,1.98
00-0032214,Tyler Kroft,TE,2022,6,9.700000000000001,1.616666666666667
00-0031545,Kevin White,WR,2022,6,9.4,1.5666666666666667
00-0037085,Tyler Badie,RB,2022,1,9.4,9.4
00-0035311,Myles Gaskin,RB,2022,2,9.4,4.7
00-0032187,David Johnson,RB,2022,4,9.100000000000001,2.2750000000000004
00-0037300,Mike Woods,WR,2022,7,9.0,1.2857142857142858
00-0035752,Chris Streveler,QB,2022,1,9.0,9.0
00-0038046,Charlie Kolar,TE,2022,1,8.9,8.9
00-0036482,Mike Strachan,WR,2022,5,8.9,1.78
00-0032128,Chris Conley,WR,2022,4,8.600000000000001,2.1500000000000004
00-0035146,Trace McSorley,QB,2022,5,8.58,1.716
00-0026544,Chase Daniel,QB,2022,3,8.48,2.8266666666666667
00-0038045,Isaiah Spiller,RB,2022,5,8.4,1.6800000000000002
00-0035414,Jalen Guyton,WR,2022,2,8.4,4.2
00-0033386,Cody Hollister,WR,2022,6,8.4,1.4000000000000001
00-0037594,Julius Chestnut,RB,2022,6,8.3,1.3833333333333335
00-0033958,Nathan Peterman,QB,2022,3,8.26,2.7533333333333334
00-0036887,Luke Farrell,TE,2022,4,8.0,2.0
00-0035291,Trayveon Williams,RB,2022,10,8.0,0.8
00-0036755,Jaret Patterson,RB,2022,2,7.800000000000001,3.9000000000000004
00-0033114,Mike Thomas,WR,2022,5,7.800000000000001,1.56
00-0036059,Tyler Mabry,TE,2022,1,7.7,7.7
00-0036630,Tylan Wallace,WR,2022,5,7.3,1.46
00-0036543,Spencer Brown,RB,2022,2,7.3,3.65
00-0037272,Montrell Washington,WR,2022,15,7.2,0.48000000000000004
00-0038040,Zamir White,RB,2022,11,7.000000000000001,0.6363636363636365
00-0037456,Troy Hairston,RB,2022,12,6.9,0.5750000000000001
00-0035259,Trevon Wesco,TE,2022,6,6.6000000000000005,1.1
00-0036438,Stephen Sullivan,TE,2022,8,6.6000000000000005,0.8250000000000001
00-0036250,Tyler Davis,TE,2022,11,6.6,0.6
00-0030108,Ryan Griffin,TE,2022,10,6.6,0.6599999999999999
00-0037093,Dareke Young,WR,2022,7,6.5,0.9285714285714286
00-0036652,Racey McMath,WR,2022,4,6.4,1.6
00-0037087,Trestan Ebner,RB,2022,11,6.2,0.5636363636363636
00-0036336,Anthony McFarland,RB,2022,1,6.1,6.1
00-0036497,Tim Jones,WR,2022,8,6.0,0.75
00-0035726,Jakob Johnson,RB,2022,11,6.0,0.5454545454545454
00-0035973,Patrick Taylor,RB,2022,6,5.800000000000001,0.9666666666666668
00-0037475,Stone Smartt,TE,2022,3,5.7,1.9000000000000001
00-0035823,Ben Ellefson,TE,2022,2,5.6000000000000005,2.8000000000000003
00-0037175,Anthony Brown,QB,2022,2,5.579999999999999,2.7899999999999996
00-0036842,Kene Nwangwu,RB,2022,15,5.5,0.36666666666666664
00-0035603,Kendall Blanton,TE,2022,2,5.5,2.75
00-0032450,Dwayne Washington,RB,2022,7,5.5,0.7857142857142857
00-0035628,D'Ernest Johnson,RB,2022,9,5.4,0.6000000000000001
00-0037801,KaVontae Turpin,WR,2022,19,5.4,0.28421052631578947
00-0036646,Simi Fehoko,WR,2022,3,5.4,1.8
00-0036650,Larry Rountree III,RB,2022,2,5.3,2.65
00-0035924,Jonathan Ward,RB,2022,4,5.2,1.3
00-0027948,Blaine Gabbert,QB,2022,1,5.16,5.16
00-0035022,Penny Hart,WR,2022,4,5.0,1.25
00-0035562,Jesper Horsted,TE,2022,5,4.9,0.9800000000000001
00-0036877,Jaelon Darden,WR,2022,14,4.800000000000001,0.3428571428571429
00-0031558,Maxx Williams,TE,2022,3,4.800000000000001,1.6000000000000003
00-0036439,Tyrie Cleveland,WR,2022,5,4.800000000000001,0.9600000000000002
00-0030456,Giovani Bernard,RB,2022,5,4.700000000000001,0.9400000000000002
00-0036365,Bryan Edwards,WR,2022,4,4.5,1.125
00-0038147,Daylen Baldwin,WR,2022,1,4.5,4.5
00-0036228,Dezmon Patmon,WR,2022,1,4.4,4.4
00-0026197,Chad Henne,QB,2022,4,4.32,1.08
00-0037078,Cole Turner,TE,2022,7,4.300000000000001,0.6142857142857144
00-0032063,Mike Davis,RB,2022,5,4.2,0.8400000000000001
00-0035527,Andy Isabella,WR,2022,4,4.2,1.05
00-0033111,Pharoh Cooper,WR,2022,5,4.1000000000000005,0.8200000000000001
00-0035406,Lil'Jordan Humphrey,WR,2022,4,4.0,1.0
00-0032725,Stephen Anderson,TE,2022,9,3.9000000000000004,0.43333333333333335
00-0034317,Keith Kirkwood,WR,2022,3,3.8000000000000003,1.2666666666666668
00-0037570,Dennis Houston,WR,2022,2,3.6,1.8
00-0036277,Quintez Cephus,WR,2022,3,3.5,1.1666666666666667
00-0035621,Nsimba Webster,WR,2022,1,3.4000000000000004,3.4000000000000004
00-0036841,Austin Trammell,WR,2022,2,3.3,1.65
00-0035215,Deonte Harty,WR,2022,4,3.3,0.825
00-0037666,Jalen Tolbert,WR,2022,3,3.2,1.0666666666666667
00-0035703,Miles Boykin,WR,2022,10,3.1,0.31
00-0036032,Sean McKeon,TE,2022,4,3.1,0.775
00-0037828,Danny Gray,WR,2022,8,2.9,0.3625
00-0035593,Juwann Winfree,WR,2022,3,2.7,0.9
00-0036096,J.J. Taylor,RB,2022,1,2.7,2.7
00-0036527,DJ Turner,WR,2022,5,2.6,0.52
00-0033798,Mason Schreck,TE,2022,2,2.6,1.3
00-0036951,Frank Darby,WR,2022,1,2.5,2.5
00-0036194,Devin Asiasi,TE,2022,5,2.5,0.5
00-0036654,Demetric Felton,RB,2022,6,2.4,0.39999999999999997
00-0033481,Marcus Kemp,WR,2022,3,2.3,0.7666666666666666
00-0037276,Ty Chandler,RB,2022,2,2.0,1.0
00-0036984,Trey Sermon,RB,2022,1,1.9000000000000001,1.9000000000000001
00-0026300,Josh Johnson,QB,2022,2,1.8600000000000003,0.9300000000000002
00-0035457,Tyron Johnson,WR,2022,2,1.8,0.9
00-0037805,Jeremy Ruckert,TE,2022,2,1.8,0.9
00-0035631,Drew Sample,TE,2022,2,1.7999999999999998,0.8999999999999999
00-0029567,Nick Foles,QB,2022,2,1.7999999999999998,0.8999999999999999
00-0037355,Braylon Sanders,WR,2022,2,1.7000000000000002,0.8500000000000001
00-0036858,Jalen Camp,WR,2022,1,1.7000000000000002,1.7000000000000002
00-0035308,Tommy Sweeney,TE,2022,2,1.7000000000000002,0.8500000000000001
00-0037708,Maurice Alexander,WR,2022,3,1.7000000000000002,0.5666666666666668
00-0035184,Devine Ozigbo,RB,2022,3,1.7,0.5666666666666667
00-0034614,Godwin Igwebuike,RB,2022,6,1.7,0.2833333333333333
00-0036918,Jacob Harris,WR,2022,3,1.6,0.5333333333333333
00-0033367,C.J. Board,WR,2022,4,1.6,0.4
00-0036457,Ty'Son Williams,RB,2022,1,1.5,1.5
00-0035432,Jason Moore,WR,2022,1,1.5,1.5
00-0026625,Brian Hoyer,QB,2022,1,1.48,1.48
00-0031384,Richard Rodgers,TE,2022,3,1.4,0.4666666666666666
00-0036176,Mason Kinsey,WR,2022,2,1.3,0.65
00-0038092,Erik Ezukanma,WR,2022,1,1.3,1.3
00-0037267,Jerome Ford,RB,2022,13,1.2000000000000002,0.09230769230769233
00-0035891,Cody White,WR,2022,1,1.2,1.2
00-0034366,Keke Coutee,WR,2022,7,1.0,0.14285714285714285
00-0036928,Kyle Trask,QB,2022,1,0.92,0.92
00-0034578,Reggie Bonnafon,RB,2022,1,0.8,0.8
00-0032434,Brandon Allen,QB,2022,1,0.78,0.78
00-0036669,Kylin Hill,RB,2022,1,0.7000000000000001,0.7000000000000001
00-0036635,Ihmir Smith-Marsette,WR,2022,4,0.4,0.1
00-0032257,Duke Johnson,RB,2022,1,0.4,0.4
00-0036226,Jacob Eason,QB,2022,1,0.3599999999999999,0.3599999999999999
00-0028986,Case Keenum,QB,2022,2,0.32,0.16
00-0030874,Damien Williams,RB,2022,1,0.2,0.2
00-0032780,Jordan Howard,RB,2022,1,0.1,0.1
00-0028063,Taiwan Jones,RB,2022,9,0.0,0.0
00-0034930,Trinity Benson,WR,2022,1,0.0,0.0
00-0036692,Miller Forristall,TE,2022,1,0.0,0.0
00-0037185,Raleigh Webb,WR,2022,3,0.0,0.0
00-0033633,Tanner Gentry,WR,2022,1,0.0,0.0
00-0029664,Josh Gordon,WR,2022,1,0.0,0.0
00-0037581,Stanley Berryhill,WR,2022,1,0.0,0.0
00-0035399,Stanley Morgan,WR,2022,10,0.0,0.0
00-0031598,Nick Boyle,TE,2022,3,0.0,0.0
00-0035273,Qadree Ollison,RB,2022,2,0.0,0.0
00-0037112,Jake Tonges,TE,2022,1,0.0,0.0
00-0035356,Tyree Jackson,TE,2022,2,0.0,0.0
00-0037329,Brittain Brown,RB,2022,1,0.0,0.0
00-0036825,Feleipe Franks,TE,2022,5,0.0,0.0
00-0038149,Josh Ali,WR,2022,1,0.0,0.0
00-0035304,Cullen Gillaspia,RB,2022,4,0.0,0.0
00-0036860,Jake Funk,RB,2022,1,0.0,0.0
00-0035819,Ben Victor,WR,2022,1,0.0,0.0
00-0035787,Jared Pinkney,TE,2022,1,0.0,0.0
00-0036627,Dez Fitzpatrick,WR,2022,1,0.0,0.0
00-0032986,J.P. Holtz,TE,2022,1,0.0,0.0
00-0036429,Charlie Woerner,TE,2022,7,0.0,0.0
00-0032355,Chester Rogers,WR,2022,3,0.0,0.0
00-0036005,Noah Togiai,TE,2022,1,0.0,0.0
00-0036139,Rico Dowdle,RB,2022,2,0.0,0.0
00-0032543,Alex Erickson,WR,2022,2,0.0,0.0
00-0037524,Tay Martin,WR,2022,1,0.0,0.0
00-0037055,Lance McCutcheon,WR,2022,4,0.0,0.0
00-0037031,Nikola Kalinic,TE,2022,1,0.0,0.0
00-0035976,Dan Chisena,WR,2022,2,0.0,0.0
00-0037132,Britain Covey,WR,2022,20,0.0,0.0
00-0037004,Hunter Long,TE,2022,2,0.0,0.0
00-0034193,Kevin Rader,TE,2022,6,0.0,0.0
00-0037348,Tanner Conner,TE,2022,2,0.0,0.0
00-0026293,Matthew Slater,WR,2022,8,0.0,0.0
00-0034164,Trenton Cannon,RB,2022,1,0.0,0.0
00-0034052,Brandon Zylstra,WR,2022,1,0.0,0.0
00-0027691,Andre Roberts,WR,2022,3,0.0,0.0
00-0034676,James Washington,WR,2022,1,0.0,0.0
00-0036510,Kenny Yeboah,TE,2022,3,0.0,0.0
00-0034867,Malik Turner,WR,2022,2,0.0,0.0
00-0032792,Nate Sudfeld,QB,2022,2,-0.4,-0.2
00-0033936,C.J. Beathard,QB,2022,4,-1.0000000000000002,-0.25000000000000006
00-0034177,Tim Boyle,QB,2022,1,-2.88,-2.88
00-0033908,Cooper Kupp,WR,2021,21,554.8,26.419047619047618
00-0034857,Josh Allen,QB,2021,19,479.46000000000004,25.234736842105264
00-0033873,Patrick Mahomes,QB,2021,20,459.64,22.982
00-0026498,Matthew Stafford,QB,2021,21,423.46,20.164761904761903
00-0019596,Tom Brady,QB,2021,19,406.74,21.40736842105263
00-0035719,Deebo Samuel Sr.,WR,2021,19,390.06,20.529473684210526
00-0036355,Justin Herbert,QB,2021,17,380.76,22.39764705882353
00-0036442,Joe Burrow,QB,2021,20,379.54,18.977
00-0036900,Ja'Marr Chase,WR,2021,21,375.6,17.885714285714286
00-0036223,Jonathan Taylor,RB,2021,17,373.1,21.947058823529414
00-0033040,Tyreek Hill,WR,2021,20,365.8,18.29
00-0031381,Davante Adams,WR,2021,17,362.3,21.311764705882354
00-0033897,Joe Mixon,RB,2021,20,353.04,17.652
00-0033699,Austin Ekeler,RB,2021,16,343.8,21.4875
00-0023459,Aaron Rodgers,QB,2021,17,342.3,20.13529411764706
00-0033077,Dak Prescott,QB,2021,17,341.42,20.083529411764708
00-0030506,Travis Kelce,TE,2021,19,337.78000000000003,17.777894736842107
00-0036322,Justin Jefferson,WR,2021,17,330.4,19.435294117647057
00-0036389,Jalen Hurts,QB,2021,16,328.38,20.52375
00-0031408,Mike Evans,WR,2021,18,315.1,17.505555555555556
00-0035228,Kyler Murray,QB,2021,15,304.56,20.304
00-0036893,Najee Harris,RB,2021,18,303.5,16.86111111111111
00-0034753,Mark Andrews,TE,2021,17,301.1,17.711764705882356
00-0029604,Kirk Cousins,QB,2021,16,300.34000000000003,18.771250000000002
00-0031588,Stefon Diggs,WR,2021,19,300.2,15.799999999999999
00-0035216,Diontae Johnson,WR,2021,17,288.8,16.988235294117647
00-0033856,Leonard Fournette,RB,2021,15,287.3,19.153333333333332
00-0036410,Tee Higgins,WR,2021,18,280.0,15.555555555555555
00-0029701,Ryan Tannehill,QB,2021,18,276.36,15.353333333333333
00-0034983,Hunter Renfrow,WR,2021,18,272.9,15.16111111111111
00-0031280,Derek Carr,QB,2021,18,271.36,15.075555555555557
00-0033553,James Conner,RB,2021,16,267.1,16.69375
00-0032950,Carson Wentz,QB,2021,17,258.02000000000004,15.177647058823531
00-0030279,Keenan Allen,WR,2021,16,257.8,16.1125
00-0033045,Ezekiel Elliott,RB,2021,18,256.16,14.231111111111112
00-0033293,Aaron Jones,RB,2021,16,255.0,15.9375
00-0031345,Jimmy Garoppolo,QB,2021,18,251.4,13.966666666666667
00-0036613,Jaylen Waddle,WR,2021,16,247.8,15.4875
00-0033536,Mike Williams,WR,2021,16,246.60000000000002,15.412500000000001
00-0035640,DK Metcalf,WR,2021,17,244.3,14.370588235294118
00-0029263,Russell Wilson,QB,2021,14,242.82,17.344285714285714
00-0035700,Josh Jacobs,RB,2021,16,242.70000000000002,15.168750000000001
00-0033921,Chris Godwin Jr.,WR,2021,14,242.4,17.314285714285713
00-0032211,Tyler Lockett,WR,2021,16,241.4,15.0875
00-0036972,Mac Jones,QB,2021,18,240.02,13.334444444444445
00-0034796,Lamar Jackson,QB,2021,12,239.98000000000002,19.998333333333335
00-0036252,Michael Pittman,WR,2021,17,238.6,14.035294117647059
00-0034827,DJ Moore,WR,2021,17,237.5,13.970588235294118
00-0035250,Devin Singletary,RB,2021,19,237.3,12.489473684210527
00-0036358,CeeDee Lamb,WR,2021,17,236.4,13.905882352941177
00-0033906,Alvin Kamara,RB,2021,13,234.70000000000002,18.053846153846155
00-0030578,Cordarrelle Patterson,RB,2021,16,234.6,14.6625
00-0022924,Ben Roethlisberger,QB,2021,17,234.6,13.799999999999999
00-0031236,Brandin Cooks,WR,2021,16,231.8,14.4875
00-0036328,Antonio Gibson,RB,2021,16,229.1,14.31875
00-0035662,Marquise Brown,WR,2021,16,228.3,14.26875
00-0036963,Amon-Ra St. Brown,WR,2021,16,227.3,14.20625
00-0034383,Dalton Schultz,TE,2021,18,224.70000000000002,12.483333333333334
00-0026143,Matt Ryan,QB,2021,17,222.92,13.112941176470587
00-0031800,Taylor Heinicke,QB,2021,16,222.86,13.92875
00-0033288,George Kittle,TE,2021,17,221.8,13.047058823529412
00-0031544,Amari Cooper,WR,2021,16,220.9,13.80625
00-0036309,Darnell Mooney,WR,2021,17,219.70000000000002,12.923529411764706
00-0034775,Christian Kirk,WR,2021,18,218.72,12.151111111111112
00-0033009,Tyler Boyd,WR,2021,20,216.14000000000001,10.807
00-0034791,Nick Chubb,RB,2021,14,215.3,15.37857142857143
00-0035657,Damien Harris,RB,2021,16,214.8,13.425
00-0035659,Terry McLaurin,WR,2021,17,213.5,12.558823529411764
00-0036275,D'Andre Swift,RB,2021,13,208.9,16.06923076923077
00-0033307,Kendrick Bourne,WR,2021,18,208.60000000000002,11.58888888888889
00-0033893,Dalvin Cook,RB,2021,13,206.3,15.86923076923077
00-0035676,A.J. Brown,WR,2021,14,206.10000000000002,14.721428571428573
00-0032764,Derrick Henry,RB,2021,9,205.5,22.833333333333332
00-0036997,Javonte Williams,RB,2021,17,204.9,12.052941176470588
00-0031237,Teddy Bridgewater,QB,2021,14,202.68,14.477142857142857
00-0036567,Elijah Mitchell,RB,2021,14,200.6,14.328571428571427
00-0030035,Adam Thielen,WR,2021,13,199.8,15.36923076923077
00-0036971,Trevor Lawrence,QB,2021,17,199.04,11.708235294117646
00-0027656,Rob Gronkowski,TE,2021,14,197.8,14.12857142857143
00-0036912,DeVonta Smith,WR,2021,18,197.6,10.977777777777778
00-0034301,Darrel Williams,RB,2021,18,196.4,10.911111111111111
00-0034960,Jakobi Meyers,WR,2021,17,196.3,11.547058823529412
00-0032144,Melvin Gordon,RB,2021,16,195.1,12.19375
00-0035685,David Montgomery,RB,2021,13,195.0,15.0
00-0033106,Jared Goff,QB,2021,14,194.5,13.892857142857142
00-0036265,AJ Dillon,RB,2021,18,194.10000000000002,10.783333333333335
00-0035689,Dawson Knox,TE,2021,17,192.9,11.347058823529412
00-0036261,Brandon Aiyuk,WR,2021,20,192.8,9.64
00-0031235,Odell Beckham Jr.,WR,2021,18,192.5,10.694444444444445
00-0036196,Gabe Davis,WR,2021,17,190.1,11.18235294117647
00-0036415,Van Jefferson,WR,2021,21,188.9,8.995238095238095
00-0030061,Zach Ertz,TE,2021,18,185.8,10.322222222222223
00-0036212,Tua Tagovailoa,QB,2021,13,180.92000000000002,13.916923076923078
00-0034855,Baker Mayfield,QB,2021,14,180.9,12.921428571428573
00-0034351,Dallas Goedert,TE,2021,16,180.20000000000002,11.262500000000001
00-0029293,Marvin Jones,WR,2021,17,180.2,10.6
00-0035140,Mecole Hardman,WR,2021,20,178.5,8.925
00-0036970,Kyle Pitts,TE,2021,17,176.6,10.388235294117647
00-0029000,Cole Beasley,WR,2021,18,174.2,9.677777777777777
00-0035831,James Robinson,RB,2021,14,173.9,12.421428571428573
00-0035311,Myles Gaskin,RB,2021,17,173.6,10.211764705882352
00-0036326,Chase Claypool,WR,2021,16,172.1,10.75625
00-0035664,Darrell Henderson,RB,2021,13,171.4,13.184615384615386
00-0033090,Hunter Henry,TE,2021,17,168.3,9.9
00-0035710,Daniel Jones,QB,2021,11,167.52,15.22909090909091
00-0033110,Tyler Higbee,TE,2021,18,167.5,9.305555555555555
00-0034297,Byron Pringle,WR,2021,19,167.0,8.789473684210526
00-0034829,Mike Gesicki,TE,2021,17,165.0,9.705882352941176
00-0032134,C.J. Uzomah,TE,2021,20,163.9,8.195
00-0034411,Russell Gage,WR,2021,13,163.0,12.538461538461538
00-0035261,Tony Pollard,RB,2021,16,161.20000000000002,10.075000000000001
00-0034418,Cedrick Wilson Jr.,WR,2021,15,159.01999999999998,10.601333333333333
00-0035644,Noah Fant,TE,2021,16,159.0,9.9375
00-0036345,K.J. Osborn,WR,2021,17,158.5,9.323529411764707
00-0036894,Pat Freiermuth,TE,2021,17,158.2,9.305882352941175
00-0034869,Sam Darnold,QB,2021,12,157.28,13.106666666666667
00-0036898,Davis Mills,QB,2021,13,156.95999999999998,12.073846153846151
00-0027942,A.J. Green,WR,2021,17,156.8,9.223529411764707
00-0034845,Sony Michel,RB,2021,21,156.5,7.4523809523809526
00-0033375,Tim Patrick,WR,2021,16,156.4,9.775
00-0036924,Michael Carter,RB,2021,14,154.4,11.028571428571428
00-0037013,Zach Wilson,QB,2021,13,151.86,11.681538461538462
00-0036219,Marquez Callaway,WR,2021,17,151.8,8.929411764705883
00-0034348,Courtland Sutton,WR,2021,17,150.24,8.83764705882353
00-0034844,Saquon Barkley,RB,2021,13,148.6,11.430769230769231
00-0031610,Darren Waller,TE,2021,12,148.10000000000002,12.341666666666669
00-0030564,DeAndre Hopkins,WR,2021,10,147.20000000000002,14.720000000000002
00-0031285,Devonta Freeman,RB,2021,16,146.6,9.1625
00-0034681,Chase Edmonds,RB,2021,13,146.1,11.238461538461538
00-0027685,Emmanuel Sanders,WR,2021,16,145.9,9.11875
00-0035229,T.J. Hockenson,TE,2021,12,145.3,12.108333333333334
00-0034521,Allen Lazard,WR,2021,15,144.1,9.606666666666666
00-0032972,Devontae Booker,RB,2021,16,144.1,9.00625
00-0036919,Kenny Gainwell,RB,2021,17,139.9,8.229411764705883
00-0032688,Robbie Chosen,WR,2021,17,138.5,8.147058823529411
00-0034270,Tyler Conklin,TE,2021,17,138.3,8.13529411764706
00-0032063,Mike Davis,RB,2021,17,138.20000000000002,8.129411764705884
00-0036980,Elijah Moore,WR,2021,11,138.20000000000002,12.563636363636364
00-0036555,Chuba Hubbard,RB,2021,16,137.6,8.6
00-0030431,Robert Woods,WR,2021,9,137.2,15.244444444444444
00-0031382,Jarvis Landry,WR,2021,12,133.0,11.083333333333334
00-0032464,Kalif Raymond,WR,2021,16,132.4,8.275
00-0027061,Jared Cook,TE,2021,16,132.4,8.275
00-0029239,Brandon Bolden,RB,2021,17,130.8,7.694117647058825
00-0036360,Clyde Edwards-Helaire,RB,2021,12,130.5,10.875
00-0032602,J.D. McKissic,RB,2021,11,127.9,11.627272727272727
00-0033280,Christian McCaffrey,RB,2021,7,127.5,18.214285714285715
00-0036268,Laviska Shenault Jr.,WR,2021,16,127.0,7.9375
00-0036945,Justin Fields,QB,2021,12,126.80000000000001,10.566666666666668
00-0034972,Alexander Mattison,RB,2021,16,125.89999999999999,7.8687499999999995
00-0036875,Rhamondre Stevenson,RB,2021,13,124.9,9.607692307692307
00-0035243,Miles Sanders,RB,2021,13,123.0,9.461538461538462
00-0033891,Zay Jones,WR,2021,16,123.0,7.6875
00-0033357,Taysom Hill,TE,2021,12,121.72000000000001,10.143333333333334
00-0034750,Rashaad Penny,RB,2021,10,121.7,12.17
00-0036271,Quez Watkins,WR,2021,18,121.5,6.75
00-0036290,Cole Kmet,TE,2021,17,121.2,7.129411764705883
00-0027793,Antonio Brown,WR,2021,7,121.10000000000001,17.3
00-0033948,Jamaal Williams,RB,2021,13,119.8,9.215384615384615
00-0036936,Rondale Moore,WR,2021,15,119.3,7.953333333333333
00-0033895,Gerald Everett,TE,2021,15,117.8,7.8533333333333335
00-0031503,Jameis Winston,QB,2021,7,117.4,16.771428571428572
00-0035537,Ty Johnson,RB,2021,15,117.0,7.8
00-0034367,Nyheim Hines,RB,2021,17,116.6,6.858823529411764
00-0036365,Bryan Edwards,WR,2021,17,116.2,6.835294117647059
00-0034419,Braxton Berrios,WR,2021,16,115.1,7.19375
00-0035215,Deonte Harty,WR,2021,13,115.1,8.853846153846153
00-0033923,Kareem Hunt,RB,2021,8,110.0,13.75
00-0031941,Jamison Crowder,WR,2021,12,109.7,9.141666666666667
00-0036233,Donovan Peoples-Jones,WR,2021,13,109.7,8.438461538461539
00-0034414,Boston Scott,RB,2021,12,109.1,9.091666666666667
00-0027966,Mark Ingram,RB,2021,14,108.60000000000001,7.757142857142858
00-0033885,David Njoku,TE,2021,15,107.60000000000001,7.173333333333334
00-0036182,Nick Westbrook-Ikhine,WR,2021,16,107.60000000000001,6.7250000000000005
00-0031549,Nelson Agholor,WR,2021,15,106.2,7.08
00-0036251,Zack Moss,RB,2021,14,105.2,7.514285714285714
00-0033871,Corey Davis,WR,2021,9,105.2,11.68888888888889
00-0030288,Rex Burkhead,RB,2021,15,104.3,6.953333333333333
00-0035628,D'Ernest Johnson,RB,2021,13,104.1,8.007692307692308
00-0030513,Latavius Murray,RB,2021,14,103.60000000000001,7.4
00-0031547,DeVante Parker,WR,2021,9,103.5,11.5
00-0036550,Rashod Bateman,WR,2021,12,103.5,8.625
00-0033118,Kenyan Drake,RB,2021,12,102.5,8.541666666666666
00-0033881,Evan Engram,TE,2021,15,102.5,6.833333333333333
00-0033925,D'Onta Foreman,RB,2021,10,100.5,10.05
00-0033526,Samaje Perine,RB,2021,19,98.1,5.163157894736842
00-0035414,Jalen Guyton,WR,2021,16,97.2,6.075
00-0028002,Randall Cobb,WR,2021,12,95.6,7.966666666666666
00-0033251,Zach Pascal,WR,2021,16,94.5,5.90625
00-0036988,Josh Palmer,WR,2021,15,92.9,6.193333333333333
00-0027944,Julio Jones,WR,2021,11,92.6,8.418181818181818
00-0032392,Austin Hooper,TE,2021,15,92.5,6.166666666666667
00-0036259,Jauan Jennings,WR,2021,16,92.5,5.78125
00-0034764,Michael Gallup,WR,2021,9,91.5,10.166666666666666
00-0032156,Trevor Siemian,QB,2021,6,90.16000000000001,15.026666666666669
00-0035208,Olamide Zaccheaus,WR,2021,15,89.8,5.986666666666666
00-0032104,Ameer Abdullah,RB,2021,17,89.5,5.264705882352941
00-0033932,Kenny Golladay,WR,2021,14,89.10000000000001,6.364285714285715
00-0034765,Tre'Quan Smith,WR,2021,10,87.7,8.77
00-0031376,Jerick McKinnon,RB,2021,12,87.4,7.283333333333334
00-0031428,Allen Robinson,WR,2021,12,87.0,7.25
00-0034272,Marquez Valdes-Scantling,WR,2021,11,87.0,7.909090909090909
00-0036247,Freddie Swain,WR,2021,17,86.5,5.088235294117647
00-0027939,Cam Newton,QB,2021,7,86.36,12.337142857142856
00-0031273,Cameron Brate,TE,2021,18,86.3,4.794444444444444
00-0034440,Justin Jackson,RB,2021,14,86.20000000000002,6.157142857142858
00-0034981,Foster Moreau,TE,2021,16,85.3,5.33125
00-0036407,Jerry Jeudy,WR,2021,10,85.0,8.5
00-0036357,Henry Ruggs III,WR,2021,7,84.5,12.071428571428571
00-0027973,Andy Dalton,QB,2021,8,84.2,10.525
00-0036554,Nico Collins,WR,2021,14,83.60000000000001,5.971428571428572
00-0035993,Tyler Huntley,QB,2021,7,82.64000000000001,11.805714285714288
00-0032951,Laquon Treadwell,WR,2021,12,82.4,6.866666666666667
00-0036913,Kadarius Toney,WR,2021,9,82.36,9.151111111111112
00-0028118,Tyrod Taylor,QB,2021,6,81.74,13.623333333333333
00-0036427,Tyler Johnson,WR,2021,18,81.5,4.527777777777778
00-0032187,David Johnson,RB,2021,13,81.3,6.253846153846154
00-0032775,Demarcus Robinson,WR,2021,17,81.0,4.764705882352941
00-0033943,Josh Reynolds,WR,2021,11,80.6,7.327272727272727
00-0031763,DeAndre Carter,WR,2021,17,80.50000000000001,4.73529411764706
00-0033217,Mo Alie-Cox,TE,2021,17,79.6,4.68235294117647
00-0026189,DeSean Jackson,WR,2021,15,79.4,5.293333333333334
00-0032009,Adam Humphries,WR,2021,17,79.3,4.664705882352941
00-0036387,Jalen Reagor,WR,2021,18,79.3,4.405555555555555
00-0030181,Jack Doyle,TE,2021,15,79.2,5.28
00-0034816,Ronald Jones,RB,2021,15,79.2,5.28
00-0033681,Keelan Cole,WR,2021,14,78.9,5.635714285714286
00-0036906,Khalil Herbert,RB,2021,16,78.9,4.93125
00-0030456,Giovani Bernard,RB,2021,12,78.4,6.533333333333334
00-0032385,Sterling Shepard,WR,2021,7,77.7,11.1
00-0034676,James Washington,WR,2021,16,77.5,4.84375
00-0036331,Devin Duvernay,WR,2021,16,77.2,4.825
00-0034253,Dontrell Hilliard,RB,2021,9,77.0,8.555555555555555
00-0036423,Albert Okwuegbunam,TE,2021,14,76.0,5.428571428571429
00-0034011,Dan Arnold,TE,2021,11,75.8,6.890909090909091
00-0029608,T.Y. Hilton,WR,2021,10,74.10000000000001,7.410000000000001
00-0033955,Jeremy McNichols,RB,2021,13,73.60000000000001,5.661538461538462
00-0033455,Anthony Firkser,TE,2021,16,73.10000000000001,4.5687500000000005
00-0033119,Jacoby Brissett,QB,2021,10,72.32000000000001,7.232000000000001
00-0034407,Ray-Ray McCloud,WR,2021,17,72.2,4.247058823529412
00-0034837,Calvin Ridley,WR,2021,5,71.10000000000001,14.220000000000002
00-0031325,Sammy Watkins,WR,2021,11,70.4,6.4
00-0032141,Geoff Swaim,TE,2021,16,70.0,4.375
00-0034798,Durham Smythe,TE,2021,16,70.0,4.375
00-0033572,Jamal Agnew,WR,2021,10,70.0,7.0
00-0033611,Ricky Seals-Jones,TE,2021,11,69.10000000000001,6.281818181818182
00-0032426,Alex Collins,RB,2021,11,68.8,6.254545454545454
00-0026035,Danny Amendola,WR,2021,8,68.8,8.6
00-0035535,Darius Slayton,WR,2021,13,68.60000000000001,5.276923076923078
00-0032355,Chester Rogers,WR,2021,17,68.3,4.017647058823529
00-0033466,Isaiah McKenzie,WR,2021,17,67.69999999999999,3.9823529411764698
00-0033858,Jonnu Smith,TE,2021,16,67.4,4.2125
00-0031868,Damiere Byrd,WR,2021,11,66.9,6.081818181818182
00-0030108,Ryan Griffin,TE,2021,14,65.10000000000001,4.65
00-0037012,Trey Lance,QB,2021,6,64.92,10.82
00-0032128,Chris Conley,WR,2021,14,64.6,4.614285714285714
00-0032780,Jordan Howard,RB,2021,8,64.2,8.025
00-0034830,Hayden Hurst,TE,2021,12,64.1,5.341666666666666
00-0036422,Adam Trautman,TE,2021,11,63.3,5.754545454545454
00-0036232,Harrison Bryant,TE,2021,15,62.3,4.153333333333333
00-0036332,Josiah Deguara,TE,2021,15,61.5,4.1
00-0030874,Damien Williams,RB,2021,12,60.699999999999996,5.058333333333333
00-0033555,Mack Hollins,WR,2021,15,60.3,4.02
00-0036425,DeeJay Dallas,RB,2021,17,60.1,3.5352941176470587
00-0035126,Antoine Wesley,WR,2021,9,59.800000000000004,6.644444444444445
00-0027981,Kyle Rudolph,TE,2021,15,59.7,3.98
00-0032257,Duke Johnson,RB,2021,5,59.10000000000001,11.820000000000002
00-0035329,Donald Parham,TE,2021,13,59.0,4.538461538461538
00-0032977,Rashard Higgins,WR,2021,12,57.5,4.791666666666667
00-0030068,Marquise Goodwin,WR,2021,14,57.2,4.085714285714286
00-0035715,Derrick Gore,RB,2021,9,56.400000000000006,6.2666666666666675
00-0036755,Jaret Patterson,RB,2021,15,55.900000000000006,3.726666666666667
00-0036556,Brevin Jordan,TE,2021,8,55.800000000000004,6.9750000000000005
00-0035594,Travis Homer,RB,2021,14,55.800000000000004,3.985714285714286
00-0032398,Chris Moore,WR,2021,10,55.7,5.57
00-0030565,Geno Smith,QB,2021,4,54.28,13.57
00-0031260,Logan Thomas,TE,2021,5,53.6,10.72
00-0030525,Tavon Austin,WR,2021,11,53.4,4.8545454545454545
00-0035806,JaMycal Hasty,RB,2021,14,53.1,3.792857142857143
00-0037005,Tommy Tremble,TE,2021,15,53.1,3.54
00-0036040,Juwan Johnson,TE,2021,13,52.900000000000006,4.06923076923077
00-0036857,Chris Evans,RB,2021,13,52.4,4.030769230769231
00-0035704,Drew Lock,QB,2021,6,51.88,8.646666666666667
00-0032058,Tevin Coleman,RB,2021,11,51.50000000000001,4.6818181818181825
00-0034115,Jeff Wilson,RB,2021,8,51.5,6.4375
00-0036628,John Bates,TE,2021,12,50.900000000000006,4.241666666666667
00-0036450,Ke'Shawn Vaughn,RB,2021,7,50.800000000000004,7.257142857142858
00-0027696,Jimmy Graham,TE,2021,11,50.7,4.609090909090909
00-0036654,Demetric Felton,RB,2021,15,50.5,3.3666666666666667
00-0031951,James O'Shaughnessy,TE,2021,7,50.4,7.2
00-0033757,Robert Tonyan,TE,2021,8,50.4,6.3
00-0033854,Dare Ogunbowale,RB,2021,13,50.1,3.853846153846154
00-0034159,Will Dissly,TE,2021,13,50.1,3.853846153846154
00-0032741,Peyton Barber,RB,2021,10,49.900000000000006,4.99
00-0035406,Lil'Jordan Humphrey,WR,2021,8,49.9,6.2375
00-0036277,Quintez Cephus,WR,2021,5,49.400000000000006,9.88
00-0034052,Brandon Zylstra,WR,2021,12,49.0,4.083333333333333
00-0034104,Cam Sims,WR,2021,12,48.8,4.066666666666666
00-0031585,MyCole Pruitt,TE,2021,10,48.5,4.85
00-0033594,Chris Carson,RB,2021,4,48.1,12.025
00-0030669,Albert Wilson,WR,2021,10,48.0,4.8
00-0032778,Tajae Sharpe,WR,2021,14,48.0,3.4285714285714284
00-0034867,Malik Turner,WR,2021,8,46.50000000000001,5.812500000000001
00-0026300,Josh Johnson,QB,2021,4,46.32,11.58
00-0031045,Carlos Hyde,RB,2021,11,45.800000000000004,4.163636363636364
00-0035021,Ashton Dulin,WR,2021,16,45.5,2.84375
00-0034109,Phillip Lindsay,RB,2021,14,45.4,3.242857142857143
00-0033215,Cyril Grayson,WR,2021,3,44.6,14.866666666666667
00-0034401,Mike White,QB,2021,4,44.019999999999996,11.004999999999999
00-0024243,Marcedes Lewis,TE,2021,14,43.400000000000006,3.1000000000000005
00-0035222,Zach Gentry,TE,2021,11,43.0,3.909090909090909
00-0033308,Matt Breida,RB,2021,7,42.7,6.1000000000000005
00-0033857,JuJu Smith-Schuster,WR,2021,6,42.4,7.066666666666666
00-0036457,Ty'Son Williams,RB,2021,7,41.9,5.985714285714286
00-0034364,Jordan Akins,TE,2021,12,41.7,3.475
00-0027688,Colt McCoy,QB,2021,7,41.300000000000004,5.9
00-0031558,Maxx Williams,TE,2021,5,41.3,8.26
00-0033460,John Ross,WR,2021,9,41.0,4.555555555555555
00-0033471,Isaiah Ford,WR,2021,10,40.1,4.01
00-0032214,Tyler Kroft,TE,2021,9,39.3,4.366666666666666
00-0036020,Salvon Ahmed,RB,2021,11,38.6,3.5090909090909093
00-0035864,Kendall Hinton,WR,2021,11,38.54,3.5036363636363634
00-0032725,Stephen Anderson,TE,2021,14,38.5,2.75
00-0033439,Pharaoh Brown,TE,2021,13,38.1,2.930769230769231
00-0030496,Le'Veon Bell,RB,2021,8,38.1,4.7625
00-0032791,Jakeem Grant,WR,2021,15,37.5,2.5
00-0034365,Ian Thomas,TE,2021,14,36.800000000000004,2.628571428571429
00-0033879,O.J. Howard,TE,2021,12,36.5,3.0416666666666665
00-0036133,James Proche,WR,2021,7,36.2,5.171428571428572
00-0036754,Brock Wright,TE,2021,8,35.7,4.4625
00-0035567,Craig Reynolds,RB,2021,5,35.2,7.040000000000001
00-0032054,Breshad Perriman,WR,2021,6,34.900000000000006,5.816666666666667
00-0034838,Royce Freeman,RB,2021,12,34.6,2.8833333333333333
00-0033733,Greg Ward,WR,2021,10,34.58,3.4579999999999997
00-0034777,DJ Chark,WR,2021,3,34.400000000000006,11.466666666666669
00-0033591,Noah Brown,WR,2021,9,34.4,3.822222222222222
00-0035289,Gardner Minshew,QB,2021,3,33.660000000000004,11.22
00-0036383,Eno Benjamin,RB,2021,9,33.4,3.711111111111111
00-0036999,Anthony Schwartz,WR,2021,13,33.4,2.569230769230769
00-0036414,Cam Akers,RB,2021,5,33.1,6.62
00-0036955,Terrace Marshall Jr.,WR,2021,12,32.800000000000004,2.733333333333334
00-0029632,Mohamed Sanu,WR,2021,8,32.7,4.0875
00-0033658,Blake Jarwin,TE,2021,9,32.6,3.6222222222222222
00-0031387,Eric Ebron,TE,2021,8,32.5,4.0625
00-0035639,Parris Campbell,WR,2021,6,32.2,5.366666666666667
00-0031062,James White,RB,2021,3,31.200000000000003,10.4
00-0030520,Mike Glennon,QB,2021,6,30.9,5.1499999999999995
00-0034854,KhaDarel Hodge,WR,2021,12,30.700000000000003,2.5583333333333336
00-0035624,N'Keal Harry,TE,2021,10,30.4,3.04
00-0032200,Ty Montgomery,WR,2021,14,29.9,2.1357142857142857
00-0035298,Scott Miller,WR,2021,8,29.6,3.7
00-0033725,Corey Clement,RB,2021,11,28.9,2.627272727272727
00-0028986,Case Keenum,QB,2021,5,28.68,5.736
00-0036635,Ihmir Smith-Marsette,WR,2021,6,28.6,4.766666666666667
00-0032394,Nick Vannett,TE,2021,7,28.3,4.042857142857143
00-0036984,Trey Sermon,RB,2021,7,28.3,4.042857142857143
00-0036620,Dee Eskridge,WR,2021,8,28.3,3.5375
00-0035603,Kendall Blanton,TE,2021,7,28.2,4.0285714285714285
00-0036626,Dyami Brown,WR,2021,10,28.1,2.81
00-0036862,Ben Skowronek,WR,2021,15,27.5,1.8333333333333333
00-0034614,Godwin Igwebuike,RB,2021,15,26.800000000000004,1.7866666666666668
00-0025394,Adrian Peterson,RB,2021,4,26.6,6.65
00-0036670,Jermar Jefferson,RB,2021,4,25.700000000000003,6.425000000000001
00-0034860,Dante Pettis,WR,2021,3,25.34,8.446666666666667
00-0032980,Marcus Johnson,WR,2021,7,24.799999999999997,3.5428571428571423
00-0033025,Jalen Richard,RB,2021,10,24.6,2.46
00-0034177,Tim Boyle,QB,2021,4,24.34,6.085
00-0033662,Cooper Rush,QB,2021,4,24.08,6.02
00-0026158,Joe Flacco,QB,2021,2,23.82,11.91
00-0034487,Trent Sherfield,WR,2021,14,23.7,1.6928571428571428
00-0033896,Adam Shaheen,TE,2021,7,23.0,3.2857142857142856
00-0031806,Malcolm Brown,RB,2021,6,22.5,3.75
00-0035860,Tony Jones,RB,2021,10,22.1,2.21
00-0035547,Joseph Fortson,TE,2021,4,21.7,5.425
00-0036876,Kylen Granson,TE,2021,10,21.6,2.16
00-0028097,Lee Smith,TE,2021,10,21.5,2.15
00-0036254,Collin Johnson,WR,2021,8,21.5,2.6875
00-0036255,Denzel Mims,WR,2021,10,21.3,2.13
00-0036264,Jordan Love,QB,2021,6,21.14,3.5233333333333334
00-0032975,Jonathan Williams,RB,2021,5,20.7,4.14
00-0033376,Patrick Ricard,RB,2021,8,20.7,2.5875
00-0035631,Drew Sample,TE,2021,11,20.5,1.8636363636363635
00-0033387,Jacob Hollister,TE,2021,7,20.5,2.9285714285714284
00-0034930,Trinity Benson,WR,2021,7,20.3,2.9
00-0034279,Equanimeous St. Brown,WR,2021,13,20.3,1.5615384615384615
00-0036183,Kristian Wilkerson,WR,2021,1,20.2,20.2
00-0036637,Noah Gray,TE,2021,9,20.0,2.2222222222222223
00-0032062,Blake Bell,TE,2021,12,20.0,1.6666666666666667
00-0035273,Qadree Ollison,RB,2021,6,19.700000000000003,3.2833333333333337
00-0035308,Tommy Sweeney,TE,2021,7,19.4,2.7714285714285714
00-0032135,Jesse James,TE,2021,5,19.2,3.84
00-0035510,Jeff Smith,WR,2021,9,19.2,2.1333333333333333
00-0031484,Chris Manhertz,TE,2021,10,19.1,1.9100000000000001
00-0035187,Austin Walter,RB,2021,4,19.0,4.75
00-0030085,Kenny Stills,WR,2021,7,18.9,2.6999999999999997
00-0033576,Eric Saubert,TE,2021,10,18.700000000000003,1.8700000000000003
00-0036096,J.J. Taylor,RB,2021,5,18.5,3.7
00-0035544,Tom Kennedy,WR,2021,6,18.4,3.0666666666666664
00-0034771,Mason Rudolph,QB,2021,2,18.38,9.19
00-0035217,Benny Snell,RB,2021,17,18.200000000000003,1.0705882352941178
00-0032208,Phillip Dorsett,WR,2021,5,18.0,3.6
00-0035973,Patrick Taylor,RB,2021,5,17.200000000000003,3.4400000000000004
00-0036370,Joshua Kelley,RB,2021,8,17.0,2.125
00-0029567,Nick Foles,QB,2021,1,16.8,16.8
00-0033839,Dede Westbrook,WR,2021,15,16.8,1.12
00-0036572,Shi Smith,WR,2021,5,16.1,3.22
00-0035562,Jesper Horsted,TE,2021,4,16.1,4.025
00-0036627,Dez Fitzpatrick,WR,2021,3,15.9,5.3
00-0033421,Antony Auclair,TE,2021,4,15.700000000000001,3.9250000000000003
00-0036650,Larry Rountree III,RB,2021,9,15.600000000000001,1.7333333333333334
00-0035249,Josh Oliver,TE,2021,11,15.600000000000001,1.4181818181818182
00-0036671,Dax Milne,WR,2021,9,15.4,1.7111111111111112
00-0034073,Ross Dwelley,TE,2021,4,15.1,3.775
00-0032268,Marcus Mariota,QB,2021,7,14.860000000000001,2.122857142857143
00-0034353,Anthony Miller,WR,2021,3,14.5,4.833333333333333
00-0029664,Josh Gordon,WR,2021,9,14.200000000000001,1.577777777777778
00-0028237,Chris Hogan,WR,2021,5,14.1,2.82
00-0034766,Chris Herndon,TE,2021,6,14.0,2.3333333333333335
00-0032434,Brandon Allen,QB,2021,5,13.860000000000003,2.7720000000000007
00-0035350,Preston Williams,WR,2021,6,13.799999999999999,2.3
00-0033275,PJ Walker,QB,2021,5,13.78,2.756
00-0033950,Wayne Gallman,RB,2021,7,13.5,1.9285714285714286
00-0032245,Sean Mannion,QB,2021,1,12.96,12.96
00-0035022,Penny Hart,WR,2021,11,12.9,1.1727272727272728
00-0033951,Marlon Mack,RB,2021,5,12.9,2.58
00-0034686,Auden Tate,WR,2021,4,12.9,3.225
00-0033114,Mike Thomas,WR,2021,9,12.9,1.4333333333333333
00-0036032,Sean McKeon,TE,2021,5,12.7,2.54
00-0036887,Luke Farrell,TE,2021,8,12.6,1.575
00-0035268,Ryquell Armstead,RB,2021,2,12.6,6.3
00-0036412,KJ Hamler,WR,2021,3,12.4,4.133333333333334
00-0026625,Brian Hoyer,QB,2021,5,12.280000000000001,2.4560000000000004
00-0035593,Juwann Winfree,WR,2021,5,11.8,2.3600000000000003
00-0036877,Jaelon Darden,WR,2021,11,11.4,1.0363636363636364
00-0035356,Tyree Jackson,TE,2021,3,11.2,3.733333333333333
00-0036842,Kene Nwangwu,RB,2021,9,11.0,1.2222222222222223
00-0034652,Cameron Batson,WR,2021,4,11.0,2.75
00-0036197,Jake Fromm,QB,2021,3,10.900000000000002,3.633333333333334
00-0035345,Chris Myarick,TE,2021,4,10.7,2.675
00-0036424,Brycen Hopkins,TE,2021,2,10.6,5.3
00-0037011,Tre' McKitty,TE,2021,6,10.5,1.75
00-0036110,Ja'Marcus Bradley,WR,2021,4,10.4,2.6
00-0036429,Charlie Woerner,TE,2021,9,10.200000000000001,1.1333333333333335
00-0036228,Dezmon Patmon,WR,2021,4,10.1,2.525
00-0033319,Nick Mullens,QB,2021,1,9.879999999999999,9.879999999999999
00-0033282,Curtis Samuel,WR,2021,5,9.8,1.9600000000000002
00-0035957,Rodney Smith,RB,2021,1,9.8,9.8
00-0036187,Reggie Gilliam,RB,2021,10,9.8,0.9800000000000001
00-0035924,Jonathan Ward,RB,2021,9,9.700000000000001,1.077777777777778
00-0033367,C.J. Board,WR,2021,6,9.700000000000001,1.616666666666667
00-0036991,Amari Rodgers,WR,2021,17,9.600000000000001,0.5647058823529413
00-0035572,Parker Hesse,TE,2021,4,9.3,2.325
00-0034311,Johnny Stanton,RB,2021,3,9.2,3.0666666666666664
00-0033296,Alex Armah,RB,2021,9,9.2,1.0222222222222221
00-0036493,Deon Jackson,RB,2021,3,9.100000000000001,3.0333333333333337
00-0036768,JaQuan Hardy,RB,2021,2,8.9,4.45
00-0032782,Wendell Smallwood,RB,2021,2,8.7,4.35
00-0035432,Jason Moore,WR,2021,1,8.600000000000001,8.600000000000001
00-0033127,Will Fuller,WR,2021,2,8.6,4.3
00-0032543,Alex Erickson,WR,2021,17,8.5,0.5
00-0035726,Jakob Johnson,RB,2021,7,8.3,1.1857142857142857
00-0035891,Cody White,WR,2021,6,8.3,1.3833333333333335
00-0029738,Darren Fells,TE,2021,3,8.3,2.766666666666667
00-0036244,Colby Parkinson,TE,2021,5,8.3,1.6600000000000001
00-0033292,Trent Taylor,WR,2021,8,8.100000000000001,1.0125000000000002
00-0033869,Mitchell Trubisky,QB,2021,6,7.920000000000001,1.32
00-0033095,Garrett Griffin,TE,2021,5,7.9,1.58
00-0034577,Kyle Allen,QB,2021,2,7.9,3.95
00-0030663,Willie Snead,WR,2021,7,7.800000000000001,1.1142857142857143
00-0031395,Garrett Gilbert,QB,2021,1,7.76,7.76
00-0034208,Mike Boone,RB,2021,3,7.7,2.566666666666667
00-0034799,Kalen Ballage,RB,2021,9,7.7,0.8555555555555556
00-0033111,Pharoh Cooper,WR,2021,8,7.6,0.95
00-0036250,Tyler Davis,TE,2021,8,7.5,0.9375
00-0033386,Cody Hollister,WR,2021,3,7.300000000000001,2.4333333333333336
00-0035500,Greg Dortch,WR,2021,5,6.9,1.3800000000000001
00-0035045,D.J. Montgomery,WR,2021,2,6.6,3.3
00-0035291,Trayveon Williams,RB,2021,4,6.500000000000001,1.6250000000000002
00-0035259,Trevon Wesco,TE,2021,8,6.5,0.8125
00-0034132,Christian Blake,WR,2021,9,6.5,0.7222222222222222
00-0027691,Andre Roberts,WR,2021,16,6.4,0.4
00-0034378,Ito Smith,RB,2021,1,6.4,6.4
00-0036534,Shane Zylstra,TE,2021,3,6.4,2.1333333333333333
00-0034988,Kaden Smith,TE,2021,4,6.300000000000001,1.5750000000000002
00-0036741,Jack Stoll,TE,2021,7,6.2,0.8857142857142858
00-0036173,Tommy Hudson,TE,2021,4,6.1000000000000005,1.5250000000000001
00-0033528,Jeremy Sprinkle,TE,2021,6,6.1,1.0166666666666666
00-0036382,K.J. Hill,WR,2021,6,6.0,1.0
00-0035645,Gunner Olszewski,WR,2021,17,6.0,0.35294117647058826
00-0036510,Kenny Yeboah,TE,2021,3,5.6,1.8666666666666665
00-0035246,J.J. Arcega-Whiteside,WR,2021,7,5.6,0.7999999999999999
00-0036456,Dominique Dafney,TE,2021,7,5.4,0.7714285714285715
00-0035341,Trenton Irwin,WR,2021,5,5.4,1.08
00-0034331,Jaylen Samuels,RB,2021,3,5.300000000000001,1.7666666666666668
00-0036278,Jason Huntley,RB,2021,1,5.1000000000000005,5.1000000000000005
00-0035342,Patrick Laird,RB,2021,3,5.1,1.7
00-0032098,Daniel Brown,TE,2021,3,4.9,1.6333333333333335
00-0031545,Kevin White,WR,2021,4,4.800000000000001,1.2000000000000002
00-0032450,Dwayne Washington,RB,2021,8,4.800000000000001,0.6000000000000001
00-0031787,Jake Kumerow,WR,2021,9,4.8,0.5333333333333333
00-0034317,Keith Kirkwood,WR,2021,3,4.7,1.5666666666666667
00-0035771,Mitchell Wilcox,TE,2021,4,4.6,1.15
00-0036482,Mike Strachan,WR,2021,2,4.6,2.3
00-0033481,Marcus Kemp,WR,2021,14,4.4,0.31428571428571433
00-0036657,Seth Williams,WR,2021,1,4.4,4.4
00-0036630,Tylan Wallace,WR,2021,10,4.3,0.43
00-0036907,Dazz Newsome,WR,2021,3,4.3,1.4333333333333333
00-0036069,Scottie Phillips,RB,2021,2,4.2,2.1
00-0030155,Demetrius Harris,TE,2021,10,4.0,0.4
00-0036669,Kylin Hill,RB,2021,8,3.9000000000000004,0.48750000000000004
00-0036297,Darrynton Evans,RB,2021,1,3.8000000000000003,3.8000000000000003
00-0035359,David Sills,WR,2021,4,3.7,0.925
00-0034578,Reggie Bonnafon,RB,2021,1,3.6,3.6
00-0033338,Cethan Carter,TE,2021,8,3.6,0.45
00-0035457,Tyron Johnson,WR,2021,8,3.6,0.45
00-0036523,Trey Ragas,RB,2021,1,3.5,3.5
00-0032160,Tyrell Williams,WR,2021,1,3.4000000000000004,3.4000000000000004
00-0035399,Stanley Morgan,WR,2021,11,3.4000000000000004,0.30909090909090914
00-0035480,Malik Taylor,WR,2021,7,3.4000000000000004,0.48571428571428577
00-0029119,Derek Carrier,TE,2021,2,3.3,1.65
00-0026197,Chad Henne,QB,2021,4,3.2800000000000002,0.8200000000000001
00-0028042,Luke Stocker,TE,2021,6,3.2,0.5333333333333333
00-0033258,Darrell Daniels,TE,2021,11,3.2,0.29090909090909095
00-0036269,La'Mical Perine,RB,2021,2,3.1000000000000005,1.5500000000000003
00-0031384,Richard Rodgers,TE,2021,1,3.1,3.1
00-0036910,C.J. Saunders,WR,2021,1,3.1,3.1
00-0034433,Nick Bawden,RB,2021,1,3.0,3.0
00-0033006,Jaydon Mickens,WR,2021,11,3.0,0.2727272727272727
00-0034193,Kevin Rader,TE,2021,3,2.8000000000000003,0.9333333333333335
00-0034672,Ethan Wolf,TE,2021,1,2.8,2.8
00-0035101,Davion Davis,WR,2021,2,2.7,1.35
00-0029269,Travis Benjamin,WR,2021,8,2.7,0.3375
00-0036951,Frank Darby,WR,2021,4,2.4000000000000004,0.6000000000000001
00-0036336,Anthony McFarland,RB,2021,2,2.4,1.2
00-0035527,Andy Isabella,WR,2021,3,2.3,0.7666666666666666
00-0035844,Kirk Merritt,WR,2021,1,2.3,2.3
00-0035752,Chris Streveler,QB,2021,2,2.04,1.02
00-0036929,Ian Book,QB,2021,1,2.0000000000000004,2.0000000000000004
00-0033094,Marvin Hall,WR,2021,1,2.0,2.0
00-0036491,Tarik Black,WR,2021,1,2.0,2.0
00-0036569,Gary Brightwell,RB,2021,7,2.0,0.2857142857142857
00-0031687,Raheem Mostert,RB,2021,1,2.0,2.0
00-0027948,Blaine Gabbert,QB,2021,6,1.98,0.33
00-0033246,Johnny Mundt,TE,2021,3,1.9,0.6333333333333333
00-0037004,Hunter Long,TE,2021,3,1.8,0.6
00-0034597,Ryan Nall,RB,2021,5,1.7999999999999998,0.36
00-0032881,Tommylee Lewis,WR,2021,2,1.7000000000000002,0.8500000000000001
00-0031690,Eric Tomlinson,TE,2021,7,1.7000000000000002,0.24285714285714288
00-0035703,Miles Boykin,WR,2021,1,1.6,1.6
00-0033936,C.J. Beathard,QB,2021,2,1.52,0.76
00-0034366,Keke Coutee,WR,2021,1,1.5,1.5
00-0036080,Easop Winston,WR,2021,3,1.5,0.5
00-0035184,Devine Ozigbo,RB,2021,1,1.4,1.4
00-0034808,John Kelly,RB,2021,1,1.3,1.3
00-0035760,Jacques Patrick,RB,2021,1,1.2000000000000002,1.2000000000000002
00-0031598,Nick Boyle,TE,2021,2,1.2,0.6
00-0034449,Buddy Howell,RB,2021,7,1.1,0.15714285714285717
00-0036698,Mekhi Sargent,RB,2021,4,1.1,0.275
00-0034319,Deon Yelder,TE,2021,1,1.0,1.0
00-0036860,Jake Funk,RB,2021,6,1.0,0.16666666666666666
00-0036879,Sam Ehlinger,QB,2021,3,0.9,0.3
00-0035428,Daniel Helm,TE,2021,3,0.9,0.3
00-0036652,Racey McMath,WR,2021,7,0.7999999999999998,0.11428571428571425
00-0023682,Ryan Fitzpatrick,QB,2021,1,0.72,0.72
00-0035448,Damarea Crockett,RB,2021,1,0.7000000000000001,0.7000000000000001
00-0031319,Diontae Spencer,WR,2021,15,0.7,0.04666666666666666
00-0035040,David Blough,QB,2021,1,0.6000000000000001,0.6000000000000001
00-0034164,Trenton Cannon,RB,2021,10,0.4,0.04
00-0035883,Maurice Ffrench,WR,2021,2,0.30000000000000004,0.15000000000000002
00-0035835,Nathan Cottrell,RB,2021,3,0.30000000000000004,0.10000000000000002
00-0036946,Kellen Mond,QB,2021,1,0.2,0.2
00-0033958,Nathan Peterman,QB,2021,1,0.2,0.2
00-0036918,Jacob Harris,WR,2021,2,0.0,0.0
00-0036858,Jalen Camp,WR,2021,1,0.0,0.0
00-0035823,Ben Ellefson,TE,2021,3,0.0,0.0
00-0028063,Taiwan Jones,RB,2021,9,0.0,0.0
00-0036799,Josh Johnson,RB,2021,1,0.0,0.0
00-0036598,Landen Akers,WR,2021,1,0.0,0.0
00-0036398,John Hightower,WR,2021,1,0.0,0.0
00-0036959,Michael Bandy,WR,2021,1,0.0,0.0
00-0036176,Mason Kinsey,WR,2021,1,0.0,0.0
00-0036208,Artavis Pierce,RB,2021,1,0.0,0.0
00-0034669,Jordan Veasy,WR,2021,1,0.0,0.0
00-0032626,Geronimo Allison,WR,2021,1,0.0,0.0
00-0034646,Brandon Powell,WR,2021,10,0.0,0.0
00-0036849,Tutu Atwell,WR,2021,6,0.0,0.0
00-0036939,Kawaan Baker,WR,2021,1,0.0,0.0
00-0033720,Colin Thompson,TE,2021,3,0.0,0.0
00-0033589,David Moore,WR,2021,2,0.0,0.0
00-0035304,Cullen Gillaspia,RB,2021,4,0.0,0.0
00-0035935,J.J. Koski,WR,2021,3,0.0,0.0
00-0035976,Dan Chisena,WR,2021,2,0.0,0.0
00-0034054,River Cracraft,WR,2021,3,0.0,0.0
00-0035218,Sutton Smith,RB,2021,1,0.0,0.0
00-0035956,Giovanni Ricci,TE,2021,8,0.0,0.0
00-0030465,Kenjon Barner,RB,2021,3,0.0,0.0
00-0035164,Cody Thompson,WR,2021,2,0.0,0.0
00-0033957,Rodney Adams,WR,2021,1,0.0,0.0
00-0034395,Daurice Fountain,WR,2021,2,0.0,0.0
00-0036340,Antonio Gandy-Golden,WR,2021,1,0.0,0.0
00-0035838,Matt Cole,WR,2021,1,0.0,0.0
00-0036439,Tyrie Cleveland,WR,2021,4,0.0,0.0
00-0034955,Brett Rypien,QB,2021,1,0.0,0.0
00-0036474,Sammis Reyes,TE,2021,2,0.0,0.0
00-0034631,Vyncint Smith,WR,2021,1,0.0,0.0
00-0036571,Marquez Stevenson,WR,2021,5,0.0,0.0
00-0036526,Dillon Stoner,WR,2021,2,0.0,0.0
00-0036005,Noah Togiai,TE,2021,1,0.0,0.0
00-0033567,Brian Hill,RB,2021,1,0.0,0.0
00-0036308,Isaiah Coulter,WR,2021,1,0.0,0.0
00-0033266,JoJo Natson,WR,2021,3,0.0,0.0
00-0031051,John Brown,WR,2021,3,0.0,0.0
00-0026293,Matthew Slater,WR,2021,11,0.0,0.0
00-0032986,J.P. Holtz,TE,2021,5,0.0,0.0
00-0036438,Stephen Sullivan,TE,2021,1,0.0,0.0
00-0036950,Avery Williams,RB,2021,15,0.0,0.0
00-0036734,Pooka Williams Jr.,RB,2021,1,0.0,0.0
00-0035621,Nsimba Webster,WR,2021,6,0.0,0.0
00-0034400,Jordan Wilkins,RB,2021,2,0.0,0.0
00-0031934,Devin Smith,WR,2021,1,0.0,0.0
00-0034735,Codey McElroy,TE,2021,1,0.0,0.0
00-0035898,Darius Bradwell,RB,2021,1,0.0,0.0
00-0036692,Miller Forristall,TE,2021,1,0.0,0.0
00-0036582,Nate McCrary,RB,2021,1,-0.1,-0.1
00-0034131,Kurt Benkert,QB,2021,1,-0.1,-0.1
00-0026544,Chase Daniel,QB,2021,1,-0.2,-0.2
00-0033550,Davis Webb,QB,2021,1,-0.30000000000000004,-0.30000000000000004
00-0035602,Alex Bachman,WR,2021,2,-0.30000000000000004,-0.15000000000000002
00-0034438,Logan Woodside,QB,2021,4,-0.6000000000000001,-0.15000000000000002
00-0036226,Jacob Eason,QB,2021,1,-1.0,-1.0
00-0036825,Feleipe Franks,TE,2021,4,-1.4,-0.35
00-0034899,John Wolford,QB,2021,2,-1.9000000000000001,-0.9500000000000001
00-0034343,Josh Rosen,QB,2021,3,-3.24,-1.08
00-0034857,Josh Allen,QB,2020,19,467.24,24.591578947368422
00-0023459,Aaron Rodgers,QB,2020,18,432.64,24.035555555555554
00-0033873,Patrick Mahomes,QB,2020,18,431.6,23.977777777777778
00-0019596,Tom Brady,QB,2020,20,420.06,21.003
00-0033906,Alvin Kamara,RB,2020,17,410.9,24.170588235294115
00-0031381,Davante Adams,WR,2020,16,401.7,25.10625
00-0030506,Travis Kelce,TE,2020,18,397.76,22.09777777777778
00-0031588,Stefon Diggs,WR,2020,19,391.70000000000005,20.615789473684213
00-0033040,Tyreek Hill,WR,2020,18,389.8,21.655555555555555
00-0035228,Kyler Murray,QB,2020,16,378.74,23.67125
00-0029263,Russell Wilson,QB,2020,17,377.74,22.22
00-0033537,Deshaun Watson,QB,2020,16,369.32,23.0825
00-0034796,Lamar Jackson,QB,2020,17,365.42,21.49529411764706
00-0029701,Ryan Tannehill,QB,2020,17,353.56,20.79764705882353
00-0032764,Derrick Henry,RB,2020,17,341.2,20.070588235294117
00-0033893,Dalvin Cook,RB,2020,14,337.8,24.12857142857143
00-0036355,Justin Herbert,QB,2020,15,332.84000000000003,22.189333333333334
00-0029604,Kirk Cousins,QB,2020,16,306.2,19.1375
00-0035640,DK Metcalf,WR,2020,17,297.90000000000003,17.52352941176471
00-0022924,Ben Roethlisberger,QB,2020,16,297.26,18.57875
00-0031408,Mike Evans,WR,2020,20,292.0,14.6
00-0030564,DeAndre Hopkins,WR,2020,16,287.8,17.9875
00-0034855,Baker Mayfield,QB,2020,18,282.90000000000003,15.716666666666669
00-0033293,Aaron Jones,RB,2020,16,282.6,17.6625
00-0026143,Matt Ryan,QB,2020,16,282.44,17.6525
00-0034837,Calvin Ridley,WR,2020,15,281.5,18.766666666666666
00-0031610,Darren Waller,TE,2020,16,278.6,17.4125
00-0031428,Allen Robinson,WR,2020,17,274.4,16.141176470588235
00-0036322,Justin Jefferson,WR,2020,16,274.2,17.1375
00-0030431,Robert Woods,WR,2020,18,272.4,15.133333333333333
00-0031280,Derek Carr,QB,2020,16,272.12,17.0075
00-0032211,Tyler Lockett,WR,2020,17,271.7,15.98235294117647
00-0036223,Jonathan Taylor,RB,2020,16,269.2,16.825
00-0033857,JuJu Smith-Schuster,WR,2020,17,268.8,15.811764705882354
00-0035685,David Montgomery,RB,2020,16,267.90000000000003,16.743750000000002
00-0033106,Jared Goff,QB,2020,17,264.14,15.537647058823529
00-0022942,Philip Rivers,QB,2020,17,262.22,15.424705882352942
00-0035676,A.J. Brown,WR,2020,15,261.8,17.453333333333333
00-0027939,Cam Newton,QB,2020,15,260.98,17.398666666666667
00-0026498,Matthew Stafford,QB,2020,16,260.56,16.285
00-0030035,Adam Thielen,WR,2020,15,254.0,16.933333333333334
00-0035831,James Robinson,RB,2020,14,250.4,17.885714285714286
00-0033923,Kareem Hunt,RB,2020,18,248.0,13.777777777777779
00-0035216,Diontae Johnson,WR,2020,16,246.5,15.40625
00-0030279,Keenan Allen,WR,2020,14,245.1,17.507142857142856
00-0034791,Nick Chubb,RB,2020,14,241.5,17.25
00-0031237,Teddy Bridgewater,QB,2020,15,241.22,16.081333333333333
00-0036326,Chase Claypool,WR,2020,17,237.8,13.988235294117647
00-0035659,Terry McLaurin,WR,2020,16,237.3,14.83125
00-0033921,Chris Godwin Jr.,WR,2020,16,236.8,14.8
00-0031544,Amari Cooper,WR,2020,16,236.8,14.8
00-0029000,Cole Beasley,WR,2020,18,236.0,13.11111111111111
00-0031236,Brandin Cooks,WR,2020,15,232.0,15.466666666666667
00-0020531,Drew Brees,QB,2020,14,231.94,16.56714285714286
00-0035700,Josh Jacobs,RB,2020,15,231.3,15.42
00-0029293,Marvin Jones,WR,2020,16,227.8,14.2375
00-0032688,Robbie Chosen,WR,2020,16,224.1,14.00625
00-0033045,Ezekiel Elliott,RB,2020,15,223.7,14.913333333333332
00-0031382,Jarvis Landry,WR,2020,17,223.16000000000003,13.127058823529413
00-0033908,Cooper Kupp,WR,2020,16,222.5,13.90625
00-0033856,Leonard Fournette,RB,2020,16,218.8,13.675
00-0035662,Marquise Brown,WR,2020,18,215.5,11.972222222222221
00-0033282,Curtis Samuel,WR,2020,15,212.1,14.139999999999999
00-0036358,CeeDee Lamb,WR,2020,16,211.7,13.23125
00-0034827,DJ Moore,WR,2020,15,211.5,14.1
00-0036328,Antonio Gibson,RB,2020,15,207.70000000000002,13.846666666666668
00-0032063,Mike Davis,RB,2020,15,206.5,13.766666666666667
00-0034367,Nyheim Hines,RB,2020,17,202.5,11.911764705882353
00-0032602,J.D. McKissic,RB,2020,17,200.70000000000002,11.805882352941177
00-0034816,Ronald Jones,RB,2020,17,200.20000000000002,11.776470588235295
00-0033757,Robert Tonyan,TE,2020,17,198.8,11.694117647058825
00-0032950,Carson Wentz,QB,2020,12,198.4,16.533333333333335
00-0032144,Melvin Gordon,RB,2020,15,198.4,13.226666666666667
00-0033594,Chris Carson,RB,2020,13,197.0,15.153846153846153
00-0036410,Tee Higgins,WR,2020,15,194.6,12.973333333333333
00-0036360,Clyde Edwards-Helaire,RB,2020,15,194.4,12.96
00-0033009,Tyler Boyd,WR,2020,15,192.64000000000001,12.842666666666668
00-0033118,Kenyan Drake,RB,2020,15,192.2,12.813333333333333
00-0036158,J.K. Dobbins,RB,2020,17,191.5,11.264705882352942
00-0033871,Corey Davis,WR,2020,15,191.4,12.76
00-0036275,D'Andre Swift,RB,2020,13,189.8,14.600000000000001
00-0031260,Logan Thomas,TE,2020,17,189.02,11.118823529411765
00-0033127,Will Fuller,WR,2020,11,188.9,17.172727272727272
00-0031549,Nelson Agholor,WR,2020,16,185.6,11.6
00-0034753,Mark Andrews,TE,2020,16,185.0,11.5625
00-0036261,Brandon Aiyuk,WR,2020,12,184.5,15.375
00-0033553,James Conner,RB,2020,14,184.3,13.164285714285715
00-0035704,Drew Lock,QB,2020,13,181.32,13.947692307692307
00-0034411,Russell Gage,WR,2020,16,181.06,11.31625
00-0027656,Rob Gronkowski,TE,2020,20,180.3,9.015
00-0035710,Daniel Jones,QB,2020,14,180.02,12.858571428571429
00-0032187,David Johnson,RB,2020,12,179.5,14.958333333333334
00-0027685,Emmanuel Sanders,WR,2020,16,177.9,11.11875
00-0035229,T.J. Hockenson,TE,2020,16,175.3,10.95625
00-0036442,Joe Burrow,QB,2020,10,173.72,17.372
00-0034764,Michael Gallup,WR,2020,16,173.3,10.83125
00-0031941,Jamison Crowder,WR,2020,12,172.02,14.335
00-0035243,Miles Sanders,RB,2020,12,170.4,14.200000000000001
00-0029608,T.Y. Hilton,WR,2020,16,169.4,10.5875
00-0034681,Chase Edmonds,RB,2020,16,168.0,10.5
00-0033869,Mitchell Trubisky,QB,2020,11,166.66,15.15090909090909
00-0031547,DeVante Parker,WR,2020,14,166.3,11.87857142857143
00-0034272,Marquez Valdes-Scantling,WR,2020,16,166.1,10.38125
00-0033699,Austin Ekeler,RB,2020,10,165.3,16.53
00-0035311,Myles Gaskin,RB,2020,10,164.20000000000002,16.42
00-0032241,Todd Gurley,RB,2020,15,163.2,10.879999999999999
00-0032385,Sterling Shepard,WR,2020,12,162.5,13.541666666666666
00-0035250,Devin Singletary,RB,2020,19,162.3,8.542105263157895
00-0033375,Tim Patrick,WR,2020,15,161.20000000000002,10.746666666666668
00-0031387,Eric Ebron,TE,2020,16,161.0,10.0625
00-0035289,Gardner Minshew,QB,2020,9,160.66,17.85111111111111
00-0034829,Mike Gesicki,TE,2020,15,159.3,10.620000000000001
00-0033357,Taysom Hill,TE,2020,17,158.62,9.330588235294117
00-0030456,Giovani Bernard,RB,2020,16,158.1,9.88125
00-0036407,Jerry Jeudy,WR,2020,16,157.6,9.85
00-0036268,Laviska Shenault Jr.,WR,2020,14,157.1,11.221428571428572
00-0027696,Jimmy Graham,TE,2020,17,154.1,9.064705882352941
00-0023682,Ryan Fitzpatrick,QB,2020,9,153.74,17.082222222222224
00-0033536,Mike Williams,WR,2020,14,153.7,10.978571428571428
00-0034777,DJ Chark,WR,2020,13,153.6,11.815384615384614
00-0036309,Darnell Mooney,WR,2020,16,152.1,9.50625
00-0035140,Mecole Hardman,WR,2020,19,150.1,7.8999999999999995
00-0033251,Zach Pascal,WR,2020,17,149.6,8.799999999999999
00-0033681,Keelan Cole,WR,2020,16,149.4,9.3375
00-0036196,Gabe Davis,WR,2020,19,149.4,7.863157894736842
00-0035644,Noah Fant,TE,2020,14,149.3,10.664285714285715
00-0034830,Hayden Hurst,TE,2020,16,149.1,9.31875
00-0027793,Antonio Brown,WR,2020,11,147.4,13.4
00-0034383,Dalton Schultz,TE,2020,16,146.5,9.15625
00-0034775,Christian Kirk,WR,2020,14,146.4,10.457142857142857
00-0030513,Latavius Murray,RB,2020,16,146.2,9.1375
00-0027944,Julio Jones,WR,2020,9,146.10000000000002,16.233333333333334
00-0036414,Cam Akers,RB,2020,13,146.0,11.23076923076923
00-0033090,Hunter Henry,TE,2020,14,145.3,10.37857142857143
00-0033858,Jonnu Smith,TE,2020,15,143.1,9.54
00-0034960,Jakobi Meyers,WR,2020,12,142.52,11.876666666666667
00-0034115,Jeff Wilson,RB,2020,11,142.3,12.936363636363637
00-0033948,Jamaal Williams,RB,2020,16,142.1,8.88125
00-0027061,Jared Cook,TE,2020,17,141.2,8.305882352941175
00-0033881,Evan Engram,TE,2020,16,141.0,8.8125
00-0035535,Darius Slayton,WR,2020,16,141.0,8.8125
00-0032977,Rashard Higgins,WR,2020,14,137.5,9.821428571428571
00-0027973,Andy Dalton,QB,2020,11,136.9,12.445454545454545
00-0033950,Wayne Gallman,RB,2020,14,136.6,9.757142857142856
00-0034184,Gus Edwards,RB,2020,18,136.2,7.566666666666666
00-0033943,Josh Reynolds,WR,2020,17,135.8,7.988235294117648
00-0033077,Dak Prescott,QB,2020,5,135.64000000000001,27.128000000000004
00-0036212,Tua Tagovailoa,QB,2020,10,135.46,13.546000000000001
00-0032392,Austin Hooper,TE,2020,15,134.70000000000002,8.98
00-0034869,Sam Darnold,QB,2020,12,134.02,11.168333333333335
00-0033733,Greg Ward,WR,2020,16,133.1,8.31875
00-0033110,Tyler Higbee,TE,2020,17,132.1,7.770588235294118
00-0034983,Hunter Renfrow,WR,2020,16,131.6,8.225
00-0035664,Darrell Henderson,RB,2020,15,130.3,8.686666666666667
00-0033307,Kendrick Bourne,WR,2020,15,129.70000000000002,8.646666666666668
00-0034521,Allen Lazard,WR,2020,12,126.60000000000001,10.55
00-0034765,Tre'Quan Smith,WR,2020,14,126.6,9.042857142857143
00-0031376,Jerick McKinnon,RB,2020,14,126.2,9.014285714285714
00-0033288,George Kittle,TE,2020,8,125.1,15.6375
00-0025394,Adrian Peterson,RB,2020,16,124.5,7.78125
00-0035298,Scott Miller,WR,2020,18,121.0,6.722222222222222
00-0035261,Tony Pollard,RB,2020,16,120.8,7.55
00-0033589,David Moore,WR,2020,17,120.30000000000001,7.076470588235295
00-0031062,James White,RB,2020,14,116.60000000000001,8.32857142857143
00-0034351,Dallas Goedert,TE,2020,11,116.4,10.581818181818182
00-0033319,Nick Mullens,QB,2020,10,116.28,11.628
00-0035592,Travis Fulgham,WR,2020,12,115.9,9.658333333333333
00-0031051,John Brown,WR,2020,12,115.4,9.616666666666667
00-0031806,Malcolm Brown,RB,2020,18,115.4,6.411111111111111
00-0031868,Damiere Byrd,WR,2020,15,114.9,7.66
00-0036252,Michael Pittman,WR,2020,14,114.0,8.142857142857142
00-0034353,Anthony Miller,WR,2020,17,113.10000000000001,6.652941176470589
00-0032775,Demarcus Robinson,WR,2020,17,112.10000000000001,6.594117647058824
00-0034676,James Washington,WR,2020,17,111.4,6.552941176470589
00-0027942,A.J. Green,WR,2020,16,111.30000000000001,6.956250000000001
00-0036251,Zack Moss,RB,2020,14,110.3,7.878571428571428
00-0036389,Jalen Hurts,QB,2020,14,109.14,7.795714285714285
00-0030288,Rex Burkhead,RB,2020,10,107.60000000000001,10.760000000000002
00-0026035,Danny Amendola,WR,2020,14,106.4,7.6000000000000005
00-0031273,Cameron Brate,TE,2020,17,105.7,6.2176470588235295
00-0033466,Isaiah McKenzie,WR,2020,17,104.88,6.169411764705882
00-0030663,Willie Snead,WR,2020,15,104.6,6.973333333333333
00-0029567,Nick Foles,QB,2020,9,104.18,11.575555555555557
00-0034104,Cam Sims,WR,2020,14,103.6,7.3999999999999995
00-0032765,Michael Thomas,WR,2020,9,102.2,11.355555555555556
00-0022921,Larry Fitzgerald,WR,2020,13,100.9,7.761538461538462
00-0023500,Frank Gore,RB,2020,15,100.2,6.680000000000001
00-0028002,Randall Cobb,WR,2020,10,100.1,10.01
00-0031687,Raheem Mostert,RB,2020,8,99.7,12.4625
00-0033897,Joe Mixon,RB,2020,6,99.60000000000001,16.6
00-0032054,Breshad Perriman,WR,2020,12,99.10000000000001,8.258333333333335
00-0034970,Irv Smith,TE,2020,13,98.5,7.576923076923077
00-0034419,Braxton Berrios,WR,2020,16,97.3,6.08125
00-0032128,Chris Conley,WR,2020,14,97.10000000000001,6.935714285714286
00-0035414,Jalen Guyton,WR,2020,16,97.1,6.06875
00-0034011,Dan Arnold,TE,2020,15,96.8,6.453333333333333
00-0034414,Boston Scott,RB,2020,16,95.60000000000001,5.9750000000000005
00-0033567,Brian Hill,RB,2020,16,95.4,5.9625
00-0035689,Dawson Knox,TE,2020,14,95.3,6.807142857142857
00-0034799,Kalen Ballage,RB,2020,11,93.9,8.536363636363637
00-0033895,Gerald Everett,TE,2020,17,92.9,5.464705882352941
00-0035657,Damien Harris,RB,2020,10,91.30000000000001,9.13
00-0033280,Christian McCaffrey,RB,2020,3,90.4,30.133333333333336
00-0036412,KJ Hamler,WR,2020,12,90.10000000000001,7.508333333333334
00-0033455,Anthony Firkser,TE,2020,16,90.1,5.63125
00-0031325,Sammy Watkins,WR,2020,11,89.7,8.154545454545454
00-0030710,Trey Burton,TE,2020,13,89.7,6.9
00-0034366,Keke Coutee,WR,2020,8,89.0,11.125
00-0033217,Mo Alie-Cox,TE,2020,15,87.60000000000001,5.840000000000001
00-0034972,Alexander Mattison,RB,2020,13,86.9,6.684615384615385
00-0031235,Odell Beckham Jr.,WR,2020,7,86.82,12.402857142857142
00-0027891,Golden Tate,WR,2020,12,86.52,7.21
00-0030181,Jack Doyle,TE,2020,14,86.1,6.1499999999999995
00-0032972,Devontae Booker,RB,2020,15,85.7,5.713333333333334
00-0031045,Carlos Hyde,RB,2020,11,85.4,7.763636363636365
00-0034301,Darrel Williams,RB,2020,16,84.5,5.28125
00-0032257,Duke Johnson,RB,2020,11,84.4,7.672727272727273
00-0036357,Henry Ruggs III,WR,2020,13,84.1,6.4692307692307685
00-0034364,Jordan Akins,TE,2020,13,83.7,6.438461538461539
00-0030549,Tyler Eifert,TE,2020,15,82.9,5.526666666666667
00-0032791,Jakeem Grant,WR,2020,14,81.3,5.807142857142857
00-0036387,Jalen Reagor,WR,2020,11,81.2,7.381818181818182
00-0036370,Joshua Kelley,RB,2020,13,81.2,6.246153846153846
00-0035719,Deebo Samuel Sr.,WR,2020,7,80.7,11.528571428571428
00-0035457,Tyron Johnson,WR,2020,11,79.5,7.2272727272727275
00-0035631,Drew Sample,TE,2020,16,78.9,4.93125
00-0035217,Benny Snell,RB,2020,16,77.6,4.85
00-0030061,Zach Ertz,TE,2020,11,77.5,7.045454545454546
00-0029738,Darren Fells,TE,2020,12,76.2,6.3500000000000005
00-0034845,Sony Michel,RB,2020,8,75.30000000000001,9.412500000000001
00-0030496,Le'Veon Bell,RB,2020,12,75.2,6.266666666666667
00-0035350,Preston Williams,WR,2020,8,74.8,9.35
00-0035703,Miles Boykin,WR,2020,16,74.6,4.6625
00-0034928,Steven Sims,WR,2020,13,74.0,5.6923076923076925
00-0035624,N'Keal Harry,TE,2020,13,73.9,5.684615384615385
00-0034766,Chris Herndon,TE,2020,12,73.7,6.141666666666667
00-0030472,Jordan Reed,TE,2020,10,73.1,7.31
00-0034349,Kerryon Johnson,RB,2020,14,71.8,5.128571428571428
00-0023436,Alex Smith,QB,2020,8,71.58,8.9475
00-0031384,Richard Rodgers,TE,2020,8,70.5,8.8125
00-0036020,Salvon Ahmed,RB,2020,6,69.0,11.5
00-0034286,Richie James,WR,2020,10,68.4,6.840000000000001
00-0035232,Dwayne Haskins,QB,2020,7,68.16,9.737142857142857
00-0036277,Quintez Cephus,WR,2020,12,66.9,5.575
00-0036290,Cole Kmet,TE,2020,16,66.6,4.1625
00-0034109,Phillip Lindsay,RB,2020,11,66.0,6.0
00-0033387,Jacob Hollister,TE,2020,14,65.9,4.707142857142857
00-0033932,Kenny Golladay,WR,2020,5,65.8,13.16
00-0033526,Samaje Perine,RB,2020,12,65.7,5.4750000000000005
00-0035215,Deonte Harty,WR,2020,11,65.7,5.972727272727273
00-0027981,Kyle Rudolph,TE,2020,12,65.4,5.45
00-0034440,Justin Jackson,RB,2020,8,65.30000000000001,8.162500000000001
00-0031345,Jimmy Garoppolo,QB,2020,6,64.34,10.723333333333334
00-0033885,David Njoku,TE,2020,13,63.900000000000006,4.915384615384616
00-0030578,Cordarrelle Patterson,RB,2020,17,63.6,3.7411764705882353
00-0036233,Donovan Peoples-Jones,WR,2020,14,63.50000000000001,4.5357142857142865
00-0036415,Van Jefferson,WR,2020,16,63.5,3.96875
00-0035537,Ty Johnson,RB,2020,11,63.3,5.754545454545454
00-0034370,DaeSean Hamilton,WR,2020,12,62.3,5.191666666666666
00-0034159,Will Dissly,TE,2020,16,62.2,3.8875
00-0036232,Harrison Bryant,TE,2020,13,61.800000000000004,4.753846153846154
00-0034400,Jordan Wilkins,RB,2020,13,61.3,4.7153846153846155
00-0036255,Denzel Mims,WR,2020,9,60.699999999999996,6.744444444444444
00-0030520,Mike Glennon,QB,2020,5,60.58,12.116
00-0033094,Marvin Hall,WR,2020,11,60.300000000000004,5.481818181818182
00-0036254,Collin Johnson,WR,2020,11,59.2,5.381818181818182
00-0028087,Dion Lewis,RB,2020,16,59.199999999999996,3.6999999999999997
00-0034798,Durham Smythe,TE,2020,13,58.800000000000004,4.523076923076923
00-0032009,Adam Humphries,WR,2020,7,57.8,8.257142857142856
00-0034378,Ito Smith,RB,2020,14,57.3,4.0928571428571425
00-0036425,DeeJay Dallas,RB,2020,9,56.900000000000006,6.322222222222223
00-0027150,Julian Edelman,WR,2020,6,56.22,9.37
00-0033471,Isaiah Ford,WR,2020,9,55.6,6.177777777777778
00-0032741,Peyton Barber,RB,2020,15,55.0,3.6666666666666665
00-0035527,Andy Isabella,WR,2020,11,54.800000000000004,4.981818181818182
00-0026158,Joe Flacco,QB,2020,5,54.760000000000005,10.952000000000002
00-0031951,James O'Shaughnessy,TE,2020,15,54.2,3.6133333333333337
00-0025418,Greg Olsen,TE,2020,11,53.900000000000006,4.9
00-0036364,Lynn Bowden,WR,2020,9,53.580000000000005,5.953333333333334
00-0035208,Olamide Zaccheaus,WR,2020,10,53.400000000000006,5.340000000000001
00-0027966,Mark Ingram,RB,2020,10,52.900000000000006,5.290000000000001
00-0036269,La'Mical Perine,RB,2020,10,52.5,5.25
00-0033936,C.J. Beathard,QB,2020,6,52.28,8.713333333333333
00-0034309,Chad Beebe,WR,2020,12,52.1,4.341666666666667
00-0034418,Cedrick Wilson Jr.,WR,2020,13,51.620000000000005,3.970769230769231
00-0033025,Jalen Richard,RB,2020,13,51.1,3.930769230769231
00-0032434,Brandon Allen,QB,2020,5,49.7,9.940000000000001
00-0034073,Ross Dwelley,TE,2020,12,49.5,4.125
00-0036142,Isaiah Wright,WR,2020,12,48.3,4.0249999999999995
00-0036331,Devin Duvernay,WR,2020,17,47.1,2.7705882352941176
00-0036265,AJ Dillon,RB,2020,11,47.0,4.2727272727272725
00-0033840,Chad Hansen,WR,2020,5,46.6,9.32
00-0028411,Dontrelle Inman,WR,2020,7,46.300000000000004,6.614285714285715
00-0036427,Tyler Johnson,WR,2020,13,46.0,3.5384615384615383
00-0034577,Kyle Allen,QB,2020,4,45.0,11.25
00-0033896,Adam Shaheen,TE,2020,13,45.0,3.4615384615384617
00-0034297,Byron Pringle,WR,2020,10,44.9,4.49
00-0026189,DeSean Jackson,WR,2020,5,44.800000000000004,8.96
00-0036247,Freddie Swain,WR,2020,14,44.699999999999996,3.1928571428571426
00-0024243,Marcedes Lewis,TE,2020,12,44.5,3.7083333333333335
00-0034270,Tyler Conklin,TE,2020,9,44.4,4.933333333333334
00-0033955,Jeremy McNichols,RB,2020,16,44.300000000000004,2.7687500000000003
00-0029632,Mohamed Sanu,WR,2020,7,44.0,6.285714285714286
00-0035329,Donald Parham,TE,2020,11,43.9,3.9909090909090907
00-0030404,Chris Thompson,RB,2020,6,42.6,7.1000000000000005
00-0033439,Pharaoh Brown,TE,2020,10,42.300000000000004,4.23
00-0036219,Marquez Callaway,WR,2020,10,42.3,4.2299999999999995
00-0033308,Matt Breida,RB,2020,10,42.0,4.2
00-0032214,Tyler Kroft,TE,2020,7,41.9,5.985714285714286
00-0029141,Alfred Morris,RB,2020,9,40.7,4.522222222222222
00-0034365,Ian Thomas,TE,2020,13,40.5,3.1153846153846154
00-0036422,Adam Trautman,TE,2020,11,39.5,3.590909090909091
00-0032980,Marcus Johnson,WR,2020,9,39.5,4.388888888888889
00-0032135,Jesse James,TE,2020,13,38.9,2.9923076923076923
00-0033879,O.J. Howard,TE,2020,4,37.6,9.4
00-0033555,Mack Hollins,WR,2020,11,37.6,3.4181818181818184
00-0031598,Nick Boyle,TE,2020,9,37.300000000000004,4.144444444444445
00-0034838,Royce Freeman,RB,2020,11,37.1,3.372727272727273
00-0034457,Josh Adams,RB,2020,8,36.6,4.575
00-0033891,Zay Jones,WR,2020,11,36.56,3.3236363636363637
00-0031800,Taylor Heinicke,QB,2020,2,36.52,18.26
00-0035957,Rodney Smith,RB,2020,7,36.5,5.214285714285714
00-0036365,Bryan Edwards,WR,2020,9,36.300000000000004,4.033333333333334
00-0031285,Devonta Freeman,RB,2020,5,36.0,7.2
00-0035006,Bisi Johnson,WR,2020,9,34.9,3.8777777777777778
00-0034407,Ray-Ray McCloud,WR,2020,17,34.2,2.011764705882353
00-0035510,Jeff Smith,WR,2020,9,33.7,3.744444444444445
00-0035148,Darwin Thompson,RB,2020,5,33.2,6.640000000000001
00-0034981,Foster Moreau,TE,2020,8,33.0,4.125
00-0035594,Travis Homer,RB,2020,9,32.8,3.644444444444444
00-0035287,KeeSean Johnson,WR,2020,8,32.300000000000004,4.0375000000000005
00-0022127,Jason Witten,TE,2020,10,31.9,3.19
00-0034652,Cameron Batson,WR,2020,11,31.6,2.872727272727273
00-0030085,Kenny Stills,WR,2020,7,31.400000000000002,4.485714285714286
00-0035806,JaMycal Hasty,RB,2020,6,31.1,5.183333333333334
00-0034279,Equanimeous St. Brown,WR,2020,10,31.1,3.1100000000000003
00-0034439,Ryan Izzo,TE,2020,10,30.900000000000002,3.0900000000000003
00-0032780,Jordan Howard,RB,2020,7,30.7,4.385714285714285
00-0033114,Mike Thomas,WR,2020,12,30.299999999999997,2.525
00-0032436,Jeff Driskel,QB,2020,3,30.080000000000002,10.026666666666667
00-0032104,Ameer Abdullah,RB,2020,11,30.0,2.727272727272727
00-0033854,Dare Ogunbowale,RB,2020,10,29.9,2.9899999999999998
00-0033591,Noah Brown,WR,2020,10,29.8,2.98
00-0034646,Brandon Powell,WR,2020,15,29.6,1.9733333333333334
00-0032394,Nick Vannett,TE,2020,11,29.5,2.6818181818181817
00-0035671,Jace Sternberger,TE,2020,8,29.4,3.675
00-0034988,Kaden Smith,TE,2020,15,29.2,1.9466666666666665
00-0036423,Albert Okwuegbunam,TE,2020,4,29.1,7.275
00-0034686,Auden Tate,WR,2020,8,29.0,3.625
00-0034854,KhaDarel Hodge,WR,2020,7,29.0,4.142857142857143
00-0036398,John Hightower,WR,2020,10,28.8,2.88
00-0036312,Jake Luton,QB,2020,3,28.26,9.42
00-0027029,LeSean McCoy,RB,2020,8,28.2,3.525
00-0032464,Kalif Raymond,WR,2020,16,27.4,1.7125
00-0034132,Christian Blake,WR,2020,10,27.1,2.71
00-0032209,T.J. Yeldon,RB,2020,5,26.200000000000003,5.24
00-0032404,Tyler Ervin,RB,2020,8,26.1,3.2625
00-0032268,Marcus Mariota,QB,2020,1,25.840000000000003,25.840000000000003
00-0028237,Chris Hogan,WR,2020,5,25.8,5.16
00-0026197,Chad Henne,QB,2020,4,25.56,6.39
00-0033572,Jamal Agnew,WR,2020,14,25.200000000000003,1.8000000000000003
00-0033376,Patrick Ricard,RB,2020,11,25.099999999999998,2.2818181818181817
00-0030470,Vance McDonald,TE,2020,11,24.9,2.2636363636363637
00-0032141,Geoff Swaim,TE,2020,8,24.8,3.1
00-0036245,Malcolm Perry,RB,2020,9,24.700000000000003,2.744444444444445
00-0032543,Alex Erickson,WR,2020,16,24.6,1.5375
00-0031558,Maxx Williams,TE,2020,6,24.200000000000003,4.033333333333334
00-0036271,Quez Watkins,WR,2020,4,23.6,5.9
00-0029137,Alshon Jeffery,WR,2020,7,23.5,3.357142857142857
00-0036450,Ke'Shawn Vaughn,RB,2020,7,23.4,3.3428571428571425
00-0033258,Darrell Daniels,TE,2020,9,23.2,2.5777777777777775
00-0032951,Laquon Treadwell,WR,2020,4,22.9,5.725
00-0036336,Anthony McFarland,RB,2020,11,22.700000000000003,2.063636363636364
00-0027902,Dez Bryant,WR,2020,6,22.7,3.783333333333333
00-0032134,C.J. Uzomah,TE,2020,2,22.7,11.35
00-0035848,De'Michael Harris,WR,2020,7,22.5,3.2142857142857144
00-0032062,Blake Bell,TE,2020,11,22.200000000000003,2.0181818181818185
00-0034393,Troy Fumagalli,TE,2020,7,22.0,3.142857142857143
00-0035342,Patrick Laird,RB,2020,9,22.0,2.4444444444444446
00-0031585,MyCole Pruitt,TE,2020,5,21.9,4.38
00-0035291,Trayveon Williams,RB,2020,6,21.700000000000003,3.616666666666667
00-0033367,C.J. Board,WR,2020,11,21.4,1.9454545454545453
00-0036188,Antonio Williams,RB,2020,1,21.3,21.3
00-0032426,Alex Collins,RB,2020,3,21.1,7.033333333333334
00-0033725,Corey Clement,RB,2020,10,21.0,2.1
00-0035628,D'Ernest Johnson,RB,2020,16,21.0,1.3125
00-0034426,Javon Wims,WR,2020,11,20.8,1.8909090909090909
00-0034597,Ryan Nall,RB,2020,10,20.7,2.07
00-0033119,Jacoby Brissett,QB,2020,12,20.580000000000002,1.715
00-0033164,Troymaine Pope,RB,2020,4,19.8,4.95
00-0035645,Gunner Olszewski,WR,2020,13,19.5,1.5
00-0028097,Lee Smith,TE,2020,5,19.5,3.9
00-0032200,Ty Montgomery,WR,2020,5,19.5,3.9
00-0030216,Josh Hill,TE,2020,10,19.3,1.9300000000000002
00-0035652,Ryan Finley,QB,2020,4,19.16,4.79
00-0033292,Trent Taylor,WR,2020,12,18.6,1.55
00-0032725,Stephen Anderson,TE,2020,7,18.6,2.6571428571428575
00-0035480,Malik Taylor,WR,2020,11,18.5,1.6818181818181819
00-0034771,Mason Rudolph,QB,2020,4,18.360000000000003,4.590000000000001
00-0027688,Colt McCoy,QB,2020,4,18.2,4.55
00-0030108,Ryan Griffin,TE,2020,10,17.6,1.7600000000000002
00-0034860,Dante Pettis,WR,2020,6,17.6,2.9333333333333336
00-0033556,Tarik Cohen,RB,2020,3,17.5,5.833333333333333
00-0035726,Jakob Johnson,RB,2020,8,17.5,2.1875
00-0032940,DeAndre Washington,RB,2020,4,17.1,4.275
00-0033925,D'Onta Foreman,RB,2020,5,17.0,3.4
00-0034578,Reggie Bonnafon,RB,2020,2,16.700000000000003,8.350000000000001
00-0034331,Jaylen Samuels,RB,2020,9,16.4,1.822222222222222
00-0034386,Justin Watson,WR,2020,8,16.4,2.05
00-0036297,Darrynton Evans,RB,2020,6,16.2,2.6999999999999997
00-0035869,Austin Mack,WR,2020,5,16.099999999999998,3.2199999999999998
00-0035406,Lil'Jordan Humphrey,WR,2020,3,16.0,5.333333333333333
00-0034844,Saquon Barkley,RB,2020,2,15.4,7.7
00-0027948,Blaine Gabbert,QB,2020,4,15.319999999999999,3.8299999999999996
00-0034208,Mike Boone,RB,2020,10,14.900000000000002,1.4900000000000002
00-0035639,Parris Campbell,WR,2020,2,14.7,7.35
00-0031395,Garrett Gilbert,QB,2020,1,14.520000000000001,14.520000000000001
00-0035246,J.J. Arcega-Whiteside,WR,2020,5,14.5,2.9
00-0036382,K.J. Hill,WR,2020,12,14.3,1.1916666666666667
00-0034899,John Wolford,QB,2020,2,14.2,7.1
00-0028142,Virgil Green,TE,2020,5,14.0,2.8
00-0035590,Riley Ridley,WR,2020,3,13.5,4.5
00-0035184,Devine Ozigbo,RB,2020,6,13.3,2.216666666666667
00-0028042,Luke Stocker,TE,2020,11,13.299999999999999,1.209090909090909
00-0034975,Justice Hill,RB,2020,12,13.0,1.0833333333333333
00-0035264,Jarrett Stidham,QB,2020,5,12.94,2.588
00-0033006,Jaydon Mickens,WR,2020,14,12.799999999999999,0.9142857142857143
00-0032393,C.J. Prosise,RB,2020,5,12.700000000000001,2.54
00-0032058,Tevin Coleman,RB,2020,6,12.700000000000001,2.1166666666666667
00-0036096,J.J. Taylor,RB,2020,6,12.4,2.066666666666667
00-0036439,Tyrie Cleveland,WR,2020,7,12.3,1.7571428571428573
00-0033111,Pharoh Cooper,WR,2020,15,12.299999999999999,0.82
00-0026544,Chase Daniel,QB,2020,4,12.16,3.04
00-0036182,Nick Westbrook-Ikhine,WR,2020,10,12.0,1.2
00-0036194,Devin Asiasi,TE,2020,4,11.9,2.975
00-0033382,Austin Carr,WR,2020,5,11.7,2.34
00-0030155,Demetrius Harris,TE,2020,12,11.5,0.9583333333333334
00-0034955,Brett Rypien,QB,2020,2,11.3,5.65
00-0031484,Chris Manhertz,TE,2020,7,11.200000000000001,1.6
00-0034081,Steven Mitchell,WR,2020,4,11.0,2.75
00-0036110,Ja'Marcus Bradley,WR,2020,1,11.0,11.0
00-0030107,Theo Riddick,RB,2020,4,10.7,2.675
00-0036456,Dominique Dafney,TE,2020,4,10.600000000000001,2.6500000000000004
00-0034319,Deon Yelder,TE,2020,6,10.6,1.7666666666666666
00-0034192,Nick Keizer,TE,2020,12,10.3,0.8583333333333334
00-0033338,Cethan Carter,TE,2020,13,10.3,0.7923076923076924
00-0034273,Damion Ratley,WR,2020,5,10.3,2.06
00-0034054,River Cracraft,WR,2020,5,10.1,2.02
00-0034487,Trent Sherfield,WR,2020,9,10.0,1.1111111111111112
00-0034348,Courtland Sutton,WR,2020,1,9.600000000000001,9.600000000000001
00-0030443,Levine Toilolo,TE,2020,7,9.6,1.3714285714285714
00-0035181,Darrius Shepherd,WR,2020,8,9.6,1.2
00-0036187,Reggie Gilliam,RB,2020,5,9.6,1.92
00-0035021,Ashton Dulin,WR,2020,10,9.4,0.9400000000000001
00-0036208,Artavis Pierce,RB,2020,4,9.4,2.35
00-0033246,Johnny Mundt,TE,2020,6,9.3,1.55
00-0035146,Trace McSorley,QB,2020,2,9.299999999999999,4.6499999999999995
00-0030533,Matt Barkley,QB,2020,4,9.28,2.32
00-0031787,Jake Kumerow,WR,2020,1,9.2,9.2
00-0028118,Tyrod Taylor,QB,2020,2,9.02,4.51
00-0036377,Joe Reed,WR,2020,10,8.9,0.89
00-0031503,Jameis Winston,QB,2020,4,8.64,2.16
00-0033951,Marlon Mack,RB,2020,1,8.6,8.6
00-0033275,PJ Walker,QB,2020,4,8.520000000000001,2.1300000000000003
00-0035993,Tyler Huntley,QB,2020,3,8.5,2.8333333333333335
00-0035924,Jonathan Ward,RB,2020,7,8.1,1.157142857142857
00-0034164,Trenton Cannon,RB,2020,12,7.900000000000001,0.6583333333333334
00-0036040,Juwan Johnson,TE,2020,5,7.9,1.58
00-0034449,Buddy Howell,RB,2020,5,7.7,1.54
00-0033720,Colin Thompson,TE,2020,2,7.7,3.85
00-0033296,Alex Armah,RB,2020,12,7.7,0.6416666666666667
00-0035752,Chris Streveler,QB,2020,2,7.699999999999999,3.8499999999999996
00-0031319,Diontae Spencer,WR,2020,11,7.5,0.6818181818181818
00-0033627,Jason Croom,TE,2020,1,7.3,7.3
00-0031166,Seth Roberts,WR,2020,3,7.1,2.3666666666666667
00-0034613,Tanner Hudson,TE,2020,5,7.1,1.42
00-0027691,Andre Roberts,WR,2020,18,7.1,0.39444444444444443
00-0025396,Ted Ginn,WR,2020,5,7.0,1.4
00-0036100,Isaiah Zuber,WR,2020,4,7.0,1.75
00-0030525,Tavon Austin,WR,2020,6,7.0,1.1666666666666667
00-0036384,Ben DiNucci,QB,2020,2,6.960000000000001,3.4800000000000004
00-0033859,Josh Malone,WR,2020,3,6.800000000000001,2.266666666666667
00-0031763,DeAndre Carter,WR,2020,14,6.8,0.4857142857142857
00-0034052,Brandon Zylstra,WR,2020,5,6.6000000000000005,1.32
00-0036429,Charlie Woerner,TE,2020,4,6.6000000000000005,1.6500000000000001
00-0035313,Terry Godwin,WR,2020,2,6.5,3.25
00-0035660,Kahale Warring,TE,2020,4,6.5,1.625
00-0034253,Dontrell Hilliard,RB,2020,5,6.000000000000001,1.2000000000000002
00-0034510,Robert Foster,WR,2020,3,5.7,1.9000000000000001
00-0034788,Jaeden Graham,TE,2020,8,5.5,0.6875
00-0036145,Lawrence Cager,TE,2020,2,5.5,2.75
00-0036008,Hunter Bryant,TE,2020,3,5.4,1.8
00-0032098,Daniel Brown,TE,2020,8,5.1,0.6375
00-0034653,Deontay Burnett,WR,2020,1,4.9,4.9
00-0036225,Dalton Keene,TE,2020,3,4.6,1.5333333333333332
00-0033576,Eric Saubert,TE,2020,6,4.6,0.7666666666666666
00-0032975,Jonathan Williams,RB,2020,2,4.6,2.3
00-0034395,Daurice Fountain,WR,2020,2,4.300000000000001,2.1500000000000004
00-0035039,Stephen Carlson,TE,2020,7,4.1,0.5857142857142856
00-0035187,Austin Walter,RB,2020,3,4.0,1.3333333333333333
00-0034772,Antonio Callaway,WR,2020,4,4.0,1.0
00-0035823,Ben Ellefson,TE,2020,3,4.0,1.3333333333333333
00-0033460,John Ross,WR,2020,2,3.7,1.85
00-0036244,Colby Parkinson,TE,2020,1,3.6,3.6
00-0036340,Antonio Gandy-Golden,WR,2020,4,3.5,0.875
00-0034750,Rashaad Penny,RB,2020,3,3.4000000000000004,1.1333333333333335
00-0033528,Jeremy Sprinkle,TE,2020,8,3.4000000000000004,0.42500000000000004
00-0035022,Penny Hart,WR,2020,5,3.2,0.64
00-0030670,Bennie Fowler,WR,2020,2,3.1,1.55
00-0034432,Bo Scarbrough,RB,2020,1,3.1,3.1
00-0036278,Jason Huntley,RB,2020,4,2.9000000000000004,0.7250000000000001
00-0032881,Tommylee Lewis,WR,2020,5,2.9,0.58
00-0031339,Donte Moncrief,WR,2020,5,2.9,0.58
00-0029615,Lamar Miller,RB,2020,1,2.6,2.6
00-0034267,Jaleel Scott,WR,2020,1,2.6,2.6
00-0035912,Levante Bellamy,RB,2020,4,2.6,0.65
00-0036069,Scottie Phillips,RB,2020,1,2.6,2.6
00-0029665,Robert Griffin III,QB,2020,4,2.580000000000001,0.6450000000000002
00-0033564,Jake Butt,TE,2020,4,2.5,0.625
00-0036133,James Proche,WR,2020,13,2.4000000000000004,0.18461538461538465
00-0029119,Derek Carrier,TE,2020,6,2.4000000000000004,0.4000000000000001
00-0036139,Rico Dowdle,RB,2020,5,2.4000000000000004,0.4800000000000001
00-0036433,Tommy Stevens,QB,2020,1,2.4000000000000004,2.4000000000000004
00-0034317,Keith Kirkwood,WR,2020,1,2.3,2.3
00-0034631,Vyncint Smith,WR,2020,4,2.3,0.575
00-0036332,Josiah Deguara,TE,2020,1,2.2,2.2
00-0033658,Blake Jarwin,TE,2020,1,2.2,2.2
00-0033386,Cody Hollister,WR,2020,1,2.2,2.2
00-0030089,Luke Willson,TE,2020,2,2.2,1.1
00-0033481,Marcus Kemp,WR,2020,4,2.1,0.525
00-0033949,Joshua Dobbs,QB,2020,1,2.08,2.08
00-0026625,Brian Hoyer,QB,2020,1,2.0,2.0
00-0033474,Gehrig Dieter,WR,2020,1,2.0,2.0
00-0033112,Temarrick Hemingway,TE,2020,3,2.0,0.6666666666666666
00-0033958,Nathan Peterman,QB,2020,1,1.9,1.9
00-0032577,D.J. Foster,RB,2020,6,1.9,0.31666666666666665
00-0028986,Case Keenum,QB,2020,1,1.84,1.84
00-0035040,David Blough,QB,2020,1,1.76,1.76
00-0032450,Dwayne Washington,RB,2020,7,1.7000000000000002,0.24285714285714288
00-0035567,Craig Reynolds,RB,2020,1,1.7,1.7
00-0035304,Cullen Gillaspia,RB,2020,4,1.6,0.4
00-0035102,Brandon Dillon,TE,2020,1,1.6,1.6
00-0035259,Trevon Wesco,TE,2020,3,1.5,0.5
00-0035341,Trenton Irwin,WR,2020,1,1.5,1.5
00-0033839,Dede Westbrook,WR,2020,2,1.4,0.7
00-0035860,Tony Jones,RB,2020,1,1.3,1.3
00-0035539,Isaac Nauta,TE,2020,2,1.3,0.65
00-0034438,Logan Woodside,QB,2020,5,1.28,0.256
00-0034169,Marcus Baugh,TE,2020,1,1.2,1.2
00-0030565,Geno Smith,QB,2020,1,1.12,1.12
00-0031209,Senorise Perry,RB,2020,4,0.9,0.225
00-0031288,AJ McCarron,QB,2020,2,0.8,0.4
00-0034995,Dexter Williams,RB,2020,1,0.8,0.8
00-0030151,Tyler Bray,QB,2020,1,0.72,0.72
00-0035551,Tony Brooks-James,RB,2020,1,0.4,0.4
00-0035273,Qadree Ollison,RB,2020,1,0.30000000000000004,0.30000000000000004
00-0033266,JoJo Natson,WR,2020,3,0.30000000000000004,0.10000000000000002
00-0026293,Matthew Slater,WR,2020,6,0.0,0.0
00-0031690,Eric Tomlinson,TE,2020,2,0.0,0.0
00-0036438,Stephen Sullivan,TE,2020,1,0.0,0.0
00-0035789,Chris Rowland,WR,2020,2,0.0,0.0
00-0033421,Antony Auclair,TE,2020,1,0.0,0.0
00-0028114,Dwayne Harris,WR,2020,3,0.0,0.0
00-0032398,Chris Moore,WR,2020,2,0.0,0.0
00-0035436,Matt Sokol,TE,2020,1,0.0,0.0
00-0033080,Seth DeValve,TE,2020,2,0.0,0.0
00-0035529,Hakeem Butler,WR,2020,1,0.0,0.0
00-0034867,Malik Turner,WR,2020,1,0.0,0.0
00-0033611,Ricky Seals-Jones,TE,2020,2,0.0,0.0
00-0036250,Tyler Davis,TE,2020,1,0.0,0.0
00-0032778,Tajae Sharpe,WR,2020,3,0.0,0.0
00-0034207,Jeff Badet,WR,2020,1,0.0,0.0
00-0036032,Sean McKeon,TE,2020,1,0.0,0.0
00-0036005,Noah Togiai,TE,2020,1,0.0,0.0
00-0033838,Trey Edmunds,RB,2020,1,0.0,0.0
00-0031545,Kevin White,WR,2020,1,0.0,0.0
00-0034339,Trey Quinn,WR,2020,1,0.0,0.0
00-0035399,Stanley Morgan,WR,2020,2,0.0,0.0
00-0033215,Cyril Grayson,WR,2020,2,0.0,0.0
00-0033911,Taywan Taylor,WR,2020,1,0.0,0.0
00-0035835,Nathan Cottrell,RB,2020,7,0.0,0.0
00-0027796,Joe Webb,QB,2020,1,0.0,0.0
00-0034660,Rico Gafford,WR,2020,3,0.0,0.0
00-0036033,Sewo Olonilua,RB,2020,1,0.0,0.0
00-0036345,K.J. Osborn,WR,2020,8,0.0,0.0
00-0036078,Xavier Jones,RB,2020,5,0.0,0.0
00-0036435,Raymond Calais,RB,2020,4,0.0,0.0
00-0033798,Mason Schreck,TE,2020,2,0.0,0.0
00-0035320,Caleb Wilson,TE,2020,1,0.0,0.0
00-0035838,Matt Cole,WR,2020,1,0.0,0.0
00-0035976,Dan Chisena,WR,2020,7,0.0,0.0
00-0030465,Kenjon Barner,RB,2020,5,0.0,0.0
00-0035621,Nsimba Webster,WR,2020,18,0.0,0.0
00-0034193,Kevin Rader,TE,2020,1,0.0,0.0
00-0032986,J.P. Holtz,TE,2020,9,0.0,0.0
00-0028063,Taiwan Jones,RB,2020,10,0.0,0.0
00-0036000,Adrian Killins Jr.,RB,2020,1,-1.6653345369377348e-16,-1.6653345369377348e-16
00-0035282,Easton Stick,QB,2020,1,-0.04000000000000001,-0.04000000000000001
00-0022787,Matt Schaub,QB,2020,1,-0.4,-0.4
00-0034177,Tim Boyle,QB,2020,8,-0.9000000000000001,-0.11250000000000002
00-0032792,Nate Sudfeld,QB,2020,1,-1.5199999999999998,-1.5199999999999998
00-0035864,Kendall Hinton,WR,2020,1,-2.78,-2.78
00-0033280,Christian McCaffrey,RB,2019,16,471.2,29.45
00-0034796,Lamar Jackson,QB,2019,16,442.58000000000004,27.661250000000003
00-0032765,Michael Thomas,WR,2019,17,388.6,22.858823529411765
00-0033873,Patrick Mahomes,QB,2019,17,384.58,22.62235294117647
00-0033537,Deshaun Watson,QB,2019,17,383.58,22.563529411764705
00-0029263,Russell Wilson,QB,2019,18,371.58,20.64333333333333
00-0032764,Derrick Henry,RB,2019,18,362.42,20.134444444444444
00-0033293,Aaron Jones,RB,2019,18,359.7,19.983333333333334
00-0033077,Dak Prescott,QB,2019,16,337.78000000000003,21.111250000000002
00-0033893,Dalvin Cook,RB,2019,16,329.0,20.5625
00-0030506,Travis Kelce,TE,2019,19,318.2,16.74736842105263
00-0034857,Josh Allen,QB,2019,17,314.92,18.524705882352944
00-0023459,Aaron Rodgers,QB,2019,18,312.54,17.363333333333333
00-0033045,Ezekiel Elliott,RB,2019,16,311.70000000000005,19.481250000000003
00-0033699,Austin Ekeler,RB,2019,16,309.0,19.3125
00-0031503,Jameis Winston,QB,2019,16,305.36,19.085
00-0030564,DeAndre Hopkins,WR,2019,17,304.34,17.90235294117647
00-0035228,Kyler Murray,QB,2019,16,285.28,17.83
00-0033921,Chris Godwin Jr.,WR,2019,14,276.1,19.72142857142857
00-0032950,Carson Wentz,QB,2019,17,275.98,16.234117647058824
00-0027944,Julio Jones,WR,2019,15,274.1,18.273333333333333
00-0032211,Tyler Lockett,WR,2019,18,274.0,15.222222222222221
00-0031381,Davante Adams,WR,2019,14,271.5,19.392857142857142
00-0033908,Cooper Kupp,WR,2019,16,270.5,16.90625
00-0019596,Tom Brady,QB,2019,17,270.04,15.884705882352943
00-0027150,Julian Edelman,WR,2019,17,269.48,15.851764705882355
00-0033906,Alvin Kamara,RB,2019,15,268.02000000000004,17.868000000000002
00-0026143,Matt Ryan,QB,2019,15,267.34000000000003,17.82266666666667
00-0029604,Kirk Cousins,QB,2019,17,266.88,15.698823529411765
00-0031345,Jimmy Garoppolo,QB,2019,19,266.5,14.026315789473685
00-0029701,Ryan Tannehill,QB,2019,15,266.44,17.762666666666668
00-0030279,Keenan Allen,WR,2019,16,261.5,16.34375
00-0033856,Leonard Fournette,RB,2019,15,259.40000000000003,17.293333333333337
00-0034791,Nick Chubb,RB,2019,16,255.20000000000002,15.950000000000001
00-0031428,Allen Robinson,WR,2019,16,254.9,15.93125
00-0033932,Kenny Golladay,WR,2019,16,248.0,15.5
00-0033106,Jared Goff,QB,2019,16,247.52,15.47
00-0027966,Mark Ingram,RB,2019,16,246.60000000000002,15.412500000000001
00-0031544,Amari Cooper,WR,2019,16,246.5,15.40625
00-0031547,DeVante Parker,WR,2019,16,246.2,15.3875
00-0031280,Derek Carr,QB,2019,16,244.36,15.2725
00-0034844,Saquon Barkley,RB,2019,13,244.10000000000002,18.77692307692308
00-0023682,Ryan Fitzpatrick,QB,2019,15,241.46,16.097333333333335
00-0033040,Tyreek Hill,WR,2019,15,239.7,15.979999999999999
00-0033288,George Kittle,TE,2019,17,237.6,13.976470588235294
00-0031382,Jarvis Landry,WR,2019,16,237.4,14.8375
00-0022942,Philip Rivers,QB,2019,16,235.5,14.71875
00-0031687,Raheem Mostert,RB,2019,19,234.60000000000002,12.347368421052632
00-0020531,Drew Brees,QB,2019,12,233.58,19.465
00-0031051,John Brown,WR,2019,16,233.46,14.59125
00-0030431,Robert Woods,WR,2019,15,232.9,15.526666666666667
00-0031408,Mike Evans,WR,2019,13,232.70000000000002,17.900000000000002
00-0033594,Chris Carson,RB,2019,15,232.6,15.506666666666666
00-0031588,Stefon Diggs,WR,2019,17,232.5,13.676470588235293
00-0034827,DJ Moore,WR,2019,15,230.5,15.366666666666667
00-0035243,Miles Sanders,RB,2019,17,229.4,13.494117647058824
00-0035676,A.J. Brown,WR,2019,19,229.4,12.073684210526316
00-0035289,Gardner Minshew,QB,2019,14,229.24,16.374285714285715
00-0034855,Baker Mayfield,QB,2019,16,229.18,14.32375
00-0035640,DK Metcalf,WR,2019,18,226.0,12.555555555555555
00-0034777,DJ Chark,WR,2019,15,225.8,15.053333333333335
00-0033897,Joe Mixon,RB,2019,16,225.4,14.0875
00-0033009,Tyler Boyd,WR,2019,16,222.9,13.93125
00-0034348,Courtland Sutton,WR,2019,16,222.42000000000002,13.901250000000001
00-0035719,Deebo Samuel Sr.,WR,2019,18,222.0,12.333333333333334
00-0030061,Zach Ertz,TE,2019,16,222.0,13.875
00-0031610,Darren Waller,TE,2019,16,221.0,13.8125
00-0032241,Todd Gurley,RB,2019,15,219.4,14.626666666666667
00-0033119,Jacoby Brissett,QB,2019,15,217.68,14.512
00-0030874,Damien Williams,RB,2019,14,217.1,15.507142857142856
00-0034753,Mark Andrews,TE,2019,16,215.1,13.44375
00-0030496,Le'Veon Bell,RB,2019,15,215.0,14.333333333333334
00-0035710,Daniel Jones,QB,2019,13,214.98000000000002,16.536923076923078
00-0031062,James White,RB,2019,16,214.8,13.425
00-0033118,Kenyan Drake,RB,2019,14,214.2,15.299999999999999
00-0034764,Michael Gallup,WR,2019,14,212.7,15.192857142857141
00-0027973,Andy Dalton,QB,2019,13,203.66000000000003,15.666153846153849
00-0031235,Odell Beckham Jr.,WR,2019,16,203.3,12.70625
00-0033869,Mitchell Trubisky,QB,2019,15,202.82,13.521333333333333
00-0027685,Emmanuel Sanders,WR,2019,20,202.4,10.120000000000001
00-0034109,Phillip Lindsay,RB,2019,16,197.70000000000002,12.356250000000001
00-0031941,Jamison Crowder,WR,2019,16,197.70000000000002,12.356250000000001
00-0031285,Devonta Freeman,RB,2019,14,197.60000000000002,14.114285714285716
00-0034837,Calvin Ridley,WR,2019,13,197.0,15.153846153846153
00-0029293,Marvin Jones,WR,2019,13,193.9,14.915384615384616
00-0029000,Cole Beasley,WR,2019,16,193.20000000000002,12.075000000000001
00-0035659,Terry McLaurin,WR,2019,14,191.9,13.707142857142857
00-0032392,Austin Hooper,TE,2019,13,191.70000000000002,14.746153846153847
00-0035700,Josh Jacobs,RB,2019,13,191.6,14.738461538461538
00-0034869,Sam Darnold,QB,2019,13,189.16,14.55076923076923
00-0031325,Sammy Watkins,WR,2019,16,188.7,11.79375
00-0033951,Marlon Mack,RB,2019,14,181.3,12.950000000000001
00-0032144,Melvin Gordon,RB,2019,12,180.8,15.066666666666668
00-0027061,Jared Cook,TE,2019,15,177.9,11.860000000000001
00-0034577,Kyle Allen,QB,2019,13,177.48,13.65230769230769
00-0022921,Larry Fitzgerald,WR,2019,16,177.4,11.0875
00-0031045,Carlos Hyde,RB,2019,18,174.70000000000002,9.705555555555556
00-0032257,Duke Johnson,RB,2019,18,172.20000000000002,9.566666666666668
00-0033282,Curtis Samuel,WR,2019,16,171.7,10.73125
00-0035685,David Montgomery,RB,2019,16,170.4,10.65
00-0035535,Darius Slayton,WR,2019,14,170.0,12.142857142857142
00-0034775,Christian Kirk,WR,2019,13,168.2,12.938461538461537
00-0035250,Devin Singletary,RB,2019,13,167.3,12.86923076923077
00-0026498,Matthew Stafford,QB,2019,8,166.56,20.82
00-0034816,Ronald Jones,RB,2019,16,166.3,10.39375
00-0035662,Marquise Brown,WR,2019,15,166.0,11.066666666666666
00-0032058,Tevin Coleman,RB,2019,17,164.1,9.652941176470588
00-0033556,Tarik Cohen,RB,2019,16,163.9,10.24375
00-0032688,Robbie Chosen,WR,2019,16,162.3,10.14375
00-0034845,Sony Michel,RB,2019,17,161.6,9.505882352941176
00-0033536,Mike Williams,WR,2019,15,161.3,10.753333333333334
00-0030513,Latavius Murray,RB,2019,17,160.7,9.452941176470588
00-0033110,Tyler Higbee,TE,2019,14,160.4,11.457142857142857
00-0035216,Diontae Johnson,WR,2019,16,159.1,9.94375
00-0034351,Dallas Goedert,TE,2019,16,159.0,9.9375
00-0033839,Dede Westbrook,WR,2019,15,156.70000000000002,10.446666666666667
00-0032128,Chris Conley,WR,2019,16,156.5,9.78125
00-0028002,Randall Cobb,WR,2019,15,154.9,10.326666666666666
00-0027891,Golden Tate,WR,2019,11,154.20000000000002,14.01818181818182
00-0033948,Jamaal Williams,RB,2019,16,151.20000000000002,9.450000000000001
00-0033090,Hunter Henry,TE,2019,12,150.2,12.516666666666666
00-0033127,Will Fuller,WR,2019,12,147.9,12.325000000000001
00-0025394,Adrian Peterson,RB,2019,15,147.0,9.8
00-0030085,Kenny Stills,WR,2019,15,145.7,9.713333333333333
00-0033553,James Conner,RB,2019,10,145.5,14.55
00-0032160,Tyrell Williams,WR,2019,13,143.1,11.007692307692308
00-0030035,Adam Thielen,WR,2019,12,142.6,11.883333333333333
00-0034838,Royce Freeman,RB,2019,16,142.20000000000002,8.887500000000001
00-0032385,Sterling Shepard,WR,2019,10,141.8,14.180000000000001
00-0032187,David Johnson,RB,2019,12,141.5,11.791666666666666
00-0026035,Danny Amendola,WR,2019,15,140.56,9.370666666666667
00-0022127,Jason Witten,TE,2019,16,139.9,8.74375
00-0032054,Breshad Perriman,WR,2019,14,138.1,9.864285714285714
00-0034829,Mike Gesicki,TE,2019,15,136.0,9.066666666666666
00-0033251,Zach Pascal,WR,2019,16,135.3,8.45625
00-0033871,Corey Davis,WR,2019,18,133.9,7.438888888888889
00-0034983,Hunter Renfrow,WR,2019,13,133.5,10.26923076923077
00-0034676,James Washington,WR,2019,15,133.5,8.9
00-0027981,Kyle Rudolph,TE,2019,17,129.2,7.6
00-0029738,Darren Fells,TE,2019,17,129.0,7.588235294117647
00-0034353,Anthony Miller,WR,2019,16,127.5,7.96875
00-0029632,Mohamed Sanu,WR,2019,16,126.2,7.8875
00-0029608,T.Y. Hilton,WR,2019,10,125.1,12.51
00-0035140,Mecole Hardman,WR,2019,19,123.80000000000001,6.515789473684211
00-0025418,Greg Olsen,TE,2019,14,123.7,8.835714285714285
00-0033858,Jonnu Smith,TE,2019,18,122.60000000000001,6.811111111111112
00-0029137,Alshon Jeffery,WR,2019,9,122.2,13.577777777777778
00-0032940,DeAndre Washington,RB,2019,16,121.9,7.61875
00-0033357,Taysom Hill,TE,2019,17,119.7,7.041176470588235
00-0027029,LeSean McCoy,RB,2019,13,118.60000000000001,9.123076923076924
00-0033307,Kendrick Bourne,WR,2019,19,118.6,6.242105263157894
00-0027696,Jimmy Graham,TE,2019,18,118.5,6.583333333333333
00-0031236,Brandin Cooks,WR,2019,14,117.5,8.392857142857142
00-0032741,Peyton Barber,RB,2019,16,116.5,7.28125
00-0033857,JuJu Smith-Schuster,WR,2019,12,113.2,9.433333333333334
00-0030181,Jack Doyle,TE,2019,16,111.8,6.9875
00-0032780,Jordan Howard,RB,2019,9,111.4,12.377777777777778
00-0035644,Noah Fant,TE,2019,16,111.0,6.9375
00-0034521,Allen Lazard,WR,2019,14,109.9,7.8500000000000005
00-0033881,Evan Engram,TE,2019,8,109.4,13.675
00-0034771,Mason Rudolph,QB,2019,10,108.8,10.879999999999999
00-0030288,Rex Burkhead,RB,2019,14,107.7,7.692857142857143
00-0032775,Demarcus Robinson,WR,2019,17,107.4,6.31764705882353
00-0033387,Jacob Hollister,TE,2019,12,107.2,8.933333333333334
00-0030663,Willie Snead,WR,2019,17,106.7,6.276470588235294
00-0034414,Boston Scott,RB,2019,10,106.69999999999999,10.669999999999998
00-0030549,Tyler Eifert,TE,2019,16,106.6,6.6625
00-0034367,Nyheim Hines,RB,2019,16,105.9,6.61875
00-0034331,Jaylen Samuels,RB,2019,13,104.4,8.03076923076923
00-0034928,Steven Sims,WR,2019,16,103.5,6.46875
00-0028986,Case Keenum,QB,2019,10,103.48,10.348
00-0033308,Matt Breida,RB,2019,14,103.2,7.371428571428572
00-0032208,Phillip Dorsett,WR,2019,12,102.4,8.533333333333333
00-0034686,Auden Tate,WR,2019,12,101.5,8.458333333333334
00-0033923,Kareem Hunt,RB,2019,8,101.4,12.675
00-0034411,Russell Gage,WR,2019,14,100.80000000000001,7.200000000000001
00-0032543,Alex Erickson,WR,2019,16,100.24,6.265
00-0030108,Ryan Griffin,TE,2019,13,98.0,7.538461538461538
00-0023500,Frank Gore,RB,2019,16,97.10000000000001,6.0687500000000005
00-0033460,John Ross,WR,2019,8,95.0,11.875
00-0034184,Gus Edwards,RB,2019,17,94.60000000000001,5.564705882352942
00-0031549,Nelson Agholor,WR,2019,11,94.0,8.545454545454545
00-0030404,Chris Thompson,RB,2019,11,93.60000000000001,8.50909090909091
00-0032009,Adam Humphries,WR,2019,13,93.0,7.153846153846154
00-0034830,Hayden Hurst,TE,2019,17,92.2,5.423529411764706
00-0031273,Cameron Brate,TE,2019,14,91.1,6.507142857142857
00-0035350,Preston Williams,WR,2019,8,90.80000000000001,11.350000000000001
00-0031237,Teddy Bridgewater,QB,2019,9,90.46000000000001,10.051111111111112
00-0031228,Taylor Gabriel,WR,2019,9,90.3,10.033333333333333
00-0033895,Gerald Everett,TE,2019,12,89.8,7.483333333333333
00-0034364,Jordan Akins,TE,2019,16,89.8,5.6125
00-0030669,Albert Wilson,WR,2019,13,89.4,6.876923076923077
00-0035261,Tony Pollard,RB,2019,14,89.2,6.371428571428572
00-0025396,Ted Ginn,WR,2019,16,88.7,5.54375
00-0031387,Eric Ebron,TE,2019,11,86.5,7.863636363636363
00-0034970,Irv Smith,TE,2019,15,86.0,5.733333333333333
00-0034272,Marquez Valdes-Scantling,WR,2019,16,85.9,5.36875
00-0032268,Marcus Mariota,QB,2019,9,85.67999999999999,9.52
00-0033658,Blake Jarwin,TE,2019,15,85.5,5.7
00-0027874,Demaryius Thomas,WR,2019,11,85.30000000000001,7.754545454545456
00-0034349,Kerryon Johnson,RB,2019,8,85.0,10.625
00-0026158,Joe Flacco,QB,2019,8,84.88,10.61
00-0033879,O.J. Howard,TE,2019,14,83.9,5.992857142857143
00-0032602,J.D. McKissic,RB,2019,15,83.8,5.586666666666667
00-0030821,Allen Hurns,WR,2019,14,83.6,5.971428571428571
00-0030470,Vance McDonald,TE,2019,14,83.5,5.964285714285714
00-0032778,Tajae Sharpe,WR,2019,16,83.5,5.21875
00-0034681,Chase Edmonds,RB,2019,12,82.8,6.8999999999999995
00-0033025,Jalen Richard,RB,2019,16,82.8,5.175
00-0035006,Bisi Johnson,WR,2019,14,82.7,5.9071428571428575
00-0035689,Dawson Knox,TE,2019,16,82.10000000000001,5.1312500000000005
00-0035229,T.J. Hockenson,TE,2019,12,80.7,6.7250000000000005
00-0032626,Geronimo Allison,WR,2019,17,80.3,4.723529411764706
00-0033681,Keelan Cole,WR,2019,12,78.7,6.558333333333334
00-0035232,Dwayne Haskins,QB,2019,9,76.7,8.522222222222222
00-0034988,Kaden Smith,TE,2019,7,75.8,10.828571428571427
00-0034750,Rashaad Penny,RB,2019,9,75.3,8.366666666666667
00-0033854,Dare Ogunbowale,RB,2019,16,75.3,4.70625
00-0031598,Nick Boyle,TE,2019,16,75.1,4.69375
00-0034159,Will Dissly,TE,2019,6,73.9,12.316666666666668
00-0029664,Josh Gordon,WR,2019,11,73.7,6.7
00-0034972,Alexander Mattison,RB,2019,15,72.7,4.846666666666667
00-0031868,Damiere Byrd,WR,2019,11,71.9,6.536363636363637
00-0034765,Tre'Quan Smith,WR,2019,11,71.4,6.490909090909091
00-0028087,Dion Lewis,RB,2019,17,70.5,4.147058823529412
00-0033466,Isaiah McKenzie,WR,2019,13,69.6,5.3538461538461535
00-0034981,Foster Moreau,TE,2019,11,68.4,6.218181818181819
00-0030456,Giovani Bernard,RB,2019,16,68.4,4.275
00-0035342,Patrick Laird,RB,2019,8,68.2,8.525
00-0035704,Drew Lock,QB,2019,5,68.0,13.6
00-0033589,David Moore,WR,2019,16,67.9,4.24375
00-0030216,Josh Hill,TE,2019,15,67.9,4.526666666666667
00-0034301,Darrel Williams,RB,2019,9,67.8,7.533333333333333
00-0033567,Brian Hill,RB,2019,10,67.2,6.720000000000001
00-0035297,Kelvin Harmon,WR,2019,15,66.94,4.462666666666666
00-0031344,Cody Latimer,WR,2019,14,66.0,4.714285714285714
00-0033733,Greg Ward,WR,2019,7,65.60000000000001,9.371428571428572
00-0031166,Seth Roberts,WR,2019,15,65.10000000000001,4.340000000000001
00-0031257,Paul Richardson,WR,2019,10,64.5,6.45
00-0034370,DaeSean Hamilton,WR,2019,13,63.7,4.9
00-0032134,C.J. Uzomah,TE,2019,14,63.2,4.514285714285714
00-0033943,Josh Reynolds,WR,2019,16,61.900000000000006,3.8687500000000004
00-0034960,Jakobi Meyers,WR,2019,11,61.9,5.627272727272727
00-0035537,Ty Johnson,RB,2019,16,60.2,3.7625
00-0033455,Anthony Firkser,TE,2019,12,59.9,4.991666666666666
00-0031806,Malcolm Brown,RB,2019,14,59.1,4.2214285714285715
00-0033611,Ricky Seals-Jones,TE,2019,9,58.9,6.544444444444444
00-0032436,Jeff Driskel,QB,2019,3,58.1,19.366666666666667
00-0035217,Benny Snell,RB,2019,11,57.900000000000006,5.263636363636365
00-0034358,Derrius Guice,RB,2019,5,57.400000000000006,11.48
00-0029572,Jarius Wright,WR,2019,16,56.900000000000006,3.5562500000000004
00-0032980,Marcus Johnson,WR,2019,8,56.7,7.0875
00-0035703,Miles Boykin,WR,2019,13,56.4,4.338461538461538
00-0034975,Justice Hill,RB,2019,17,56.1,3.3000000000000003
00-0033528,Jeremy Sprinkle,TE,2019,16,56.1,3.50625
00-0033111,Pharoh Cooper,WR,2019,12,55.5,4.625
00-0035040,David Blough,QB,2019,5,55.36000000000001,11.072000000000001
00-0024389,Delanie Walker,TE,2019,6,54.5,9.083333333333334
00-0022803,Eli Manning,QB,2019,4,54.38,13.595
00-0034400,Jordan Wilkins,RB,2019,13,54.0,4.153846153846154
00-0034366,Keke Coutee,WR,2019,8,52.800000000000004,6.6000000000000005
00-0034799,Kalen Ballage,RB,2019,12,51.800000000000004,4.316666666666667
00-0034339,Trey Quinn,WR,2019,12,51.8,4.316666666666666
00-0035577,Devlin Hodges,QB,2019,8,51.32,6.415
00-0035268,Ryquell Armstead,RB,2019,14,51.2,3.6571428571428575
00-0029239,Brandon Bolden,RB,2019,15,50.9,3.393333333333333
00-0034631,Vyncint Smith,WR,2019,13,50.7,3.9000000000000004
00-0034208,Mike Boone,RB,2019,9,50.0,5.555555555555555
00-0034115,Jeff Wilson,RB,2019,9,49.900000000000006,5.544444444444445
00-0030155,Demetrius Harris,TE,2019,14,49.900000000000006,3.5642857142857145
00-0033891,Zay Jones,WR,2019,14,48.900000000000006,3.4928571428571433
00-0033471,Isaiah Ford,WR,2019,8,48.5,6.0625
00-0033950,Wayne Gallman,RB,2019,9,48.2,5.355555555555556
00-0030300,Jaron Brown,WR,2019,11,48.0,4.363636363636363
00-0028112,Charles Clay,TE,2019,15,47.7,3.18
00-0032355,Chester Rogers,WR,2019,10,47.7,4.7700000000000005
00-0030525,Tavon Austin,WR,2019,14,47.4,3.3857142857142857
00-0030670,Bennie Fowler,WR,2019,8,46.3,5.7875
00-0035287,KeeSean Johnson,WR,2019,10,46.0,4.6
00-0034867,Malik Turner,WR,2019,12,45.5,3.7916666666666665
00-0035624,N'Keal Harry,TE,2019,8,44.2,5.525
00-0032104,Ameer Abdullah,RB,2019,17,43.9,2.5823529411764703
00-0032945,Duke Williams,WR,2019,5,43.5,8.7
00-0031787,Jake Kumerow,WR,2019,13,43.2,3.3230769230769233
00-0034432,Bo Scarbrough,RB,2019,6,43.2,7.2
00-0034386,Justin Watson,WR,2019,9,42.9,4.766666666666667
00-0034426,Javon Wims,WR,2019,11,42.6,3.872727272727273
00-0025708,Matt Moore,QB,2019,6,42.26,7.043333333333333
00-0034679,Mark Walton,RB,2019,7,42.0,6.0
00-0032791,Jakeem Grant,WR,2019,9,41.900000000000006,4.655555555555556
00-0031951,James O'Shaughnessy,TE,2019,5,41.3,8.26
00-0031558,Maxx Williams,TE,2019,13,41.2,3.1692307692307695
00-0022943,Benjamin Watson,TE,2019,10,41.1,4.11
00-0032464,Kalif Raymond,WR,2019,10,41.0,4.1
00-0029587,Rhett Ellison,TE,2019,10,40.7,4.07
00-0035298,Scott Miller,WR,2019,9,40.6,4.511111111111111
00-0032975,Jonathan Williams,RB,2019,5,40.4,8.08
00-0024243,Marcedes Lewis,TE,2019,13,40.0,3.076923076923077
00-0033094,Marvin Hall,WR,2019,7,39.800000000000004,5.685714285714286
00-0031260,Logan Thomas,TE,2019,15,39.3,2.6199999999999997
00-0031570,Justin Hardy,WR,2019,12,38.5,3.2083333333333335
00-0035639,Parris Campbell,WR,2019,7,38.1,5.442857142857143
00-0034253,Dontrell Hilliard,RB,2019,14,38.1,2.7214285714285715
00-0030068,Marquise Goodwin,WR,2019,8,38.1,4.7625
00-0034273,Damion Ratley,WR,2019,9,38.0,4.222222222222222
00-0033375,Tim Patrick,WR,2019,8,37.8,4.725
00-0029567,Nick Foles,QB,2019,4,37.74,9.435
00-0026189,DeSean Jackson,WR,2019,2,36.9,18.45
00-0035594,Travis Homer,RB,2019,9,36.7,4.077777777777778
00-0034378,Ito Smith,RB,2019,7,36.3,5.185714285714285
00-0034073,Ross Dwelley,TE,2019,8,36.1,4.5125
00-0034365,Ian Thomas,TE,2019,10,35.6,3.56
00-0035527,Andy Isabella,WR,2019,12,35.4,2.9499999999999997
00-0025399,Marshawn Lynch,RB,2019,3,35.2,11.733333333333334
00-0034297,Byron Pringle,WR,2019,14,35.0,2.5
00-0034860,Dante Pettis,WR,2019,9,34.54,3.8377777777777777
00-0032394,Nick Vannett,TE,2019,14,33.6,2.4
00-0032951,Laquon Treadwell,WR,2019,10,33.4,3.34
00-0028064,Bilal Powell,RB,2019,12,33.2,2.766666666666667
00-0022787,Matt Schaub,QB,2019,5,32.900000000000006,6.580000000000001
00-0035246,J.J. Arcega-Whiteside,WR,2019,9,32.9,3.6555555555555554
00-0035148,Darwin Thompson,RB,2019,13,32.800000000000004,2.5230769230769234
00-0034011,Dan Arnold,TE,2019,5,32.7,6.540000000000001
00-0029119,Derek Carrier,TE,2019,11,32.5,2.9545454545454546
00-0032434,Brandon Allen,QB,2019,3,32.5,10.833333333333334
00-0032200,Ty Montgomery,WR,2019,15,32.3,2.1533333333333333
00-0031744,Matt LaCosse,TE,2019,8,32.1,4.0125
00-0031763,DeAndre Carter,WR,2019,18,31.400000000000002,1.7444444444444445
00-0032227,Jeff Heuerman,TE,2019,8,31.4,3.925
00-0035311,Myles Gaskin,RB,2019,7,31.4,4.485714285714286
00-0034440,Justin Jackson,RB,2019,7,31.200000000000003,4.457142857142857
00-0035273,Qadree Ollison,RB,2019,6,30.7,5.116666666666666
00-0032423,Trevor Davis,WR,2019,14,30.4,2.1714285714285713
00-0032135,Jesse James,TE,2019,13,30.2,2.323076923076923
00-0028411,Dontrelle Inman,WR,2019,7,30.1,4.3
00-0034788,Jaeden Graham,TE,2019,10,29.900000000000002,2.99
00-0032117,Nick O'Leary,TE,2019,8,29.9,3.7375
00-0032209,T.J. Yeldon,RB,2019,4,29.700000000000003,7.425000000000001
00-0030578,Cordarrelle Patterson,RB,2019,16,29.6,1.85
00-0034578,Reggie Bonnafon,RB,2019,11,29.3,2.6636363636363636
00-0032393,C.J. Prosise,RB,2019,8,28.8,3.6
00-0034286,Richie James,WR,2019,19,28.400000000000002,1.4947368421052634
00-0024221,Vernon Davis,TE,2019,4,28.3,7.075
00-0031585,MyCole Pruitt,TE,2019,12,27.8,2.316666666666667
00-0032062,Blake Bell,TE,2019,16,26.1,1.63125
00-0026544,Chase Daniel,QB,2019,3,26.000000000000004,8.666666666666668
00-0033080,Seth DeValve,TE,2019,7,26.0,3.7142857142857144
00-0033757,Robert Tonyan,TE,2019,10,26.0,2.6
00-0035652,Ryan Finley,QB,2019,3,24.66,8.22
00-0035120,Keelan Doss,WR,2019,6,24.3,4.05
00-0035025,Hale Hentges,TE,2019,5,24.3,4.86
00-0032599,Josh Perkins,TE,2019,3,23.7,7.8999999999999995
00-0032782,Wendell Smallwood,RB,2019,12,23.5,1.9583333333333333
00-0034439,Ryan Izzo,TE,2019,6,23.4,3.9
00-0028142,Virgil Green,TE,2019,12,22.8,1.9000000000000001
00-0035562,Jesper Horsted,TE,2019,5,22.7,4.54
00-0033555,Mack Hollins,WR,2019,12,22.5,1.875
00-0035664,Darrell Henderson,RB,2019,9,22.400000000000002,2.488888888888889
00-0030710,Trey Burton,TE,2019,8,22.4,2.8
00-0031934,Devin Smith,WR,2019,3,22.299999999999997,7.433333333333333
00-0034406,Deon Cain,WR,2019,11,21.4,1.9454545454545453
00-0026625,Brian Hoyer,QB,2019,4,21.08,5.27
00-0035208,Olamide Zaccheaus,WR,2019,6,20.5,3.4166666666666665
00-0032098,Daniel Brown,TE,2019,11,20.2,1.8363636363636362
00-0034132,Christian Blake,WR,2019,7,20.1,2.8714285714285714
00-0033838,Trey Edmunds,RB,2019,7,20.0,2.857142857142857
00-0032141,Geoff Swaim,TE,2019,6,19.5,3.25
00-0035308,Tommy Sweeney,TE,2019,5,19.400000000000002,3.8800000000000003
00-0032214,Tyler Kroft,TE,2019,10,19.1,1.9100000000000001
00-0033376,Patrick Ricard,RB,2019,10,18.7,1.8699999999999999
00-0034052,Brandon Zylstra,WR,2019,5,18.6,3.72
00-0033896,Adam Shaheen,TE,2019,7,18.4,2.6285714285714286
00-0034343,Josh Rosen,QB,2019,5,17.98,3.596
00-0032661,Ben Braunecker,TE,2019,5,17.900000000000002,3.5800000000000005
00-0030089,Luke Willson,TE,2019,8,17.8,2.225
00-0035215,Deonte Harty,WR,2019,15,17.5,1.1666666666666667
00-0034419,Braxton Berrios,WR,2019,16,17.5,1.09375
00-0033217,Mo Alie-Cox,TE,2019,10,17.3,1.73
00-0035401,Damion Willis,WR,2019,7,17.200000000000003,2.4571428571428577
00-0023564,Darren Sproles,RB,2019,6,17.0,2.8333333333333335
00-0032794,Danny Vitale,RB,2019,13,17.0,1.3076923076923077
00-0034772,Antonio Callaway,WR,2019,4,16.900000000000002,4.2250000000000005
00-0031288,AJ McCarron,QB,2019,2,16.9,8.45
00-0027939,Cam Newton,QB,2019,2,16.68,8.34
00-0035489,Wes Hills,RB,2019,1,16.200000000000003,16.200000000000003
00-0035039,Stephen Carlson,TE,2019,6,16.1,2.6833333333333336
00-0027793,Antonio Brown,WR,2019,1,16.1,16.1
00-0032986,J.P. Holtz,TE,2019,8,16.1,2.0125
00-0029665,Robert Griffin III,QB,2019,6,16.0,2.6666666666666665
00-0034393,Troy Fumagalli,TE,2019,6,15.799999999999999,2.6333333333333333
00-0032977,Rashard Higgins,WR,2019,7,15.5,2.2142857142857144
00-0034270,Tyler Conklin,TE,2019,11,15.3,1.3909090909090909
00-0035628,D'Ernest Johnson,RB,2019,10,15.2,1.52
00-0033885,David Njoku,TE,2019,3,15.1,5.033333333333333
00-0028097,Lee Smith,TE,2019,9,14.9,1.6555555555555557
00-0028237,Chris Hogan,WR,2019,7,14.700000000000001,2.1
00-0034660,Rico Gafford,WR,2019,3,14.600000000000001,4.866666666666667
00-0034747,Marcell Ateman,WR,2019,4,14.600000000000001,3.6500000000000004
00-0035596,Kerrith Whyte,RB,2019,6,14.100000000000001,2.35
00-0032112,J.J. Nelson,WR,2019,1,13.6,13.6
00-0034798,Durham Smythe,TE,2019,12,13.5,1.125
00-0028042,Luke Stocker,TE,2019,12,13.3,1.1083333333333334
00-0035590,Riley Ridley,WR,2019,3,12.9,4.3
00-0031189,T.J. Jones,WR,2019,3,12.8,4.266666666666667
00-0022924,Ben Roethlisberger,QB,2019,2,12.74,6.37
00-0028063,Taiwan Jones,RB,2019,10,12.700000000000001,1.27
00-0032972,Devontae Booker,RB,2019,9,12.600000000000001,1.4000000000000001
00-0034510,Robert Foster,WR,2019,10,12.3,1.23
00-0030414,Spencer Ware,RB,2019,3,12.3,4.1000000000000005
00-0034487,Trent Sherfield,WR,2019,10,12.000000000000002,1.2000000000000002
00-0032063,Mike Davis,RB,2019,6,11.900000000000002,1.9833333333333336
00-0034854,KhaDarel Hodge,WR,2019,12,11.600000000000001,0.9666666666666668
00-0033705,Andre Patton,WR,2019,8,11.6,1.45
00-0031577,Javorius Allen,RB,2019,4,11.5,2.875
00-0033164,Troymaine Pope,RB,2019,11,11.4,1.0363636363636364
00-0030465,Kenjon Barner,RB,2019,14,11.120000000000001,0.7942857142857144
00-0033562,Ryan Switzer,WR,2019,9,10.700000000000001,1.188888888888889
00-0032540,Tra Carson,RB,2019,3,10.600000000000001,3.5333333333333337
00-0035671,Jace Sternberger,TE,2019,5,10.5,2.1
00-0032728,Tevin Jones,WR,2019,4,10.100000000000001,2.5250000000000004
00-0032256,Clive Walford,TE,2019,6,10.100000000000001,1.6833333333333336
00-0034319,Deon Yelder,TE,2019,4,10.1,2.525
00-0021206,Josh McCown,QB,2019,3,10.02,3.34
00-0028581,Patrick DiMarco,RB,2019,8,9.799999999999999,1.2249999999999999
00-0033296,Alex Armah,RB,2019,8,9.7,1.2125
00-0034418,Cedrick Wilson Jr.,WR,2019,4,9.600000000000001,2.4000000000000004
00-0033338,Cethan Carter,TE,2019,7,9.3,1.3285714285714287
00-0031511,DeAndrew White,WR,2019,8,9.1,1.1375
00-0029269,Travis Benjamin,WR,2019,5,9.0,1.8
00-0034309,Chad Beebe,WR,2019,3,9.0,3.0
00-0034593,Chris Lacy,WR,2019,4,9.0,2.25
00-0034412,Luke Falk,QB,2019,3,8.64,2.8800000000000003
00-0035548,Ventell Bryant,WR,2019,7,8.5,1.2142857142857142
00-0034653,Deontay Burnett,WR,2019,2,8.3,4.15
00-0032404,Tyler Ervin,RB,2019,9,8.3,0.9222222222222223
00-0035013,Jon Hilliman,RB,2019,3,8.200000000000001,2.733333333333334
00-0027985,Lance Kendricks,TE,2019,4,8.0,2.0
00-0035631,Drew Sample,TE,2019,5,8.0,1.6
00-0035184,Devine Ozigbo,RB,2019,3,8.0,2.6666666666666665
00-0031319,Diontae Spencer,WR,2019,16,7.7,0.48125
00-0032450,Dwayne Washington,RB,2019,6,7.6000000000000005,1.2666666666666668
00-0031299,Jordan Matthews,TE,2019,2,7.300000000000001,3.6500000000000004
00-0032319,Ross Travis,TE,2019,3,7.1,2.3666666666666667
00-0035259,Trevon Wesco,TE,2019,6,6.9,1.1500000000000001
00-0031953,Geremy Davis,WR,2019,6,6.8,1.1333333333333333
00-0035104,Alexander Hollins,WR,2019,3,6.6000000000000005,2.2
00-0033246,Johnny Mundt,TE,2019,6,6.6,1.0999999999999999
00-0033434,Bobo Wilson,WR,2019,6,6.5,1.0833333333333333
00-0035432,Jason Moore,WR,2019,6,6.3,1.05
00-0032055,Devin Funchess,WR,2019,1,6.2,6.2
00-0026986,Michael Crabtree,WR,2019,2,6.199999999999999,3.0999999999999996
00-0031589,Brett Hundley,QB,2019,3,6.0600000000000005,2.02
00-0028118,Tyrod Taylor,QB,2019,4,6.02,1.505
00-0032935,Johnny Holton,WR,2019,12,6.0,0.5
00-0030533,Matt Barkley,QB,2019,2,5.959999999999999,2.9799999999999995
00-0032795,Cody Core,WR,2019,7,5.800000000000001,0.8285714285714286
00-0031339,Donte Moncrief,WR,2019,4,5.800000000000001,1.4500000000000002
00-0027691,Andre Roberts,WR,2019,14,5.700000000000001,0.4071428571428572
00-0034081,Steven Mitchell,WR,2019,2,5.7,2.85
00-0034433,Nick Bawden,RB,2019,7,5.7,0.8142857142857143
00-0030147,Russell Shepard,WR,2019,2,5.5,2.75
00-0035645,Gunner Olszewski,WR,2019,8,5.4,0.675
00-0031068,Ryan Grant,WR,2019,2,5.3999999999999995,2.6999999999999997
00-0034922,Ishmael Hyman,WR,2019,2,5.3999999999999995,2.6999999999999997
00-0033367,C.J. Board,WR,2019,2,5.1000000000000005,2.5500000000000003
00-0032398,Chris Moore,WR,2019,8,5.1,0.6375
00-0031431,Marqise Lee,WR,2019,4,4.9,1.225
00-0035399,Stanley Morgan,WR,2019,7,4.8,0.6857142857142857
00-0032417,Paul Perkins,RB,2019,3,4.8,1.5999999999999999
00-0034256,Da'Mari Scott,WR,2019,5,4.7,0.9400000000000001
00-0034104,Cam Sims,WR,2019,3,4.7,1.5666666666666667
00-0033439,Pharaoh Brown,TE,2019,7,4.699999999999999,0.6714285714285714
00-0034613,Tanner Hudson,TE,2019,4,4.6000000000000005,1.1500000000000001
00-0035249,Josh Oliver,TE,2019,3,4.5,1.5
00-0029854,C.J. Anderson,RB,2019,2,4.3,2.15
00-0033789,T.J. Logan,RB,2019,9,4.3,0.47777777777777775
00-0027688,Colt McCoy,QB,2019,1,4.28,4.28
00-0030520,Mike Glennon,QB,2019,2,4.239999999999999,2.1199999999999997
00-0033576,Eric Saubert,TE,2019,2,4.1,2.05
00-0033994,Fred Brown,WR,2019,6,4.1,0.6833333333333332
00-0034735,Codey McElroy,TE,2019,1,4.0,4.0
00-0029319,Josh Bellamy,WR,2019,5,4.0,0.8
00-0033530,Robert Davis,WR,2019,3,3.7,1.2333333333333334
00-0031665,Zach Zenner,RB,2019,3,3.7,1.2333333333333334
00-0031972,Darius Jennings,WR,2019,10,3.7,0.37
00-0035021,Ashton Dulin,WR,2019,8,3.6999999999999997,0.46249999999999997
00-0035374,Michael Walker,WR,2019,7,3.5,0.5
00-0033114,Mike Thomas,WR,2019,7,3.4,0.4857142857142857
00-0033386,Cody Hollister,WR,2019,3,3.3,1.0999999999999999
00-0035539,Isaac Nauta,TE,2019,2,3.3,1.65
00-0031167,Scott Simonson,TE,2019,3,3.1,1.0333333333333334
00-0030443,Levine Toilolo,TE,2019,3,3.0,1.0
00-0031590,Jay Ajayi,RB,2019,3,3.0,1.0
00-0034654,Dalyn Dawkins,RB,2019,2,2.6000000000000005,1.3000000000000003
00-0034034,Rashard Davis,WR,2019,2,2.6,1.3
00-0035510,Jeff Smith,WR,2019,1,2.2,2.2
00-0033696,Sean Culkin,TE,2019,3,2.2,0.7333333333333334
00-0031060,De'Anthony Thomas,WR,2019,15,2.1,0.14
00-0035597,John Ursua,WR,2019,1,2.1,2.1
00-0033421,Antony Auclair,TE,2019,5,2.1,0.42000000000000004
00-0031484,Chris Manhertz,TE,2019,3,2.1,0.7000000000000001
00-0033382,Austin Carr,WR,2019,2,1.9,0.95
00-0032139,Ben Koyack,TE,2019,3,1.9,0.6333333333333333
00-0033374,Ricky Ortiz,RB,2019,2,1.8,0.9
00-0034766,Chris Herndon,TE,2019,1,1.7000000000000002,1.7000000000000002
00-0028114,Dwayne Harris,WR,2019,3,1.7000000000000002,0.5666666666666668
00-0033572,Jamal Agnew,WR,2019,13,1.7000000000000002,0.13076923076923078
00-0034383,Dalton Schultz,TE,2019,6,1.6,0.26666666666666666
00-0034267,Jaleel Scott,WR,2019,1,1.6,1.6
00-0033526,Samaje Perine,RB,2019,4,1.6,0.4
00-0035553,Charles Jones,TE,2019,2,1.5,0.75
00-0033742,Tyrone Swoopes,TE,2019,1,1.5,1.5
00-0035726,Jakob Johnson,RB,2019,1,1.5,1.5
00-0031209,Senorise Perry,RB,2019,8,1.4000000000000001,0.17500000000000002
00-0035222,Zach Gentry,TE,2019,2,1.4,0.7
00-0033258,Darrell Daniels,TE,2019,7,1.4,0.19999999999999998
00-0033604,Krishawn Hogan,WR,2019,1,1.4,1.4
00-0035251,Will Grier,QB,2019,2,1.3200000000000012,0.6600000000000006
00-0033215,Cyril Grayson,WR,2019,1,1.3,1.3
00-0031035,Xavier Grimble,TE,2019,2,1.3,0.65
00-0035657,Damien Harris,RB,2019,1,1.2000000000000002,1.2000000000000002
00-0034457,Josh Adams,RB,2019,2,1.2000000000000002,0.6000000000000001
00-0034995,Dexter Williams,RB,2019,2,1.1,0.55
00-0035181,Darrius Shepherd,WR,2019,6,1.1,0.18333333333333335
00-0034705,John Franklin,WR,2019,1,1.1,1.1
00-0031690,Eric Tomlinson,TE,2019,2,1.1,0.55
00-0034449,Buddy Howell,RB,2019,9,1.0,0.1111111111111111
00-0034808,John Kelly,RB,2019,1,0.9,0.9
00-0032377,Josh Ferguson,RB,2019,1,0.9,0.9
00-0035275,Jordan Scarlett,RB,2019,3,0.9,0.3
00-0034597,Ryan Nall,RB,2019,4,0.8,0.2
00-0035551,Tony Brooks-James,RB,2019,3,0.7000000000000001,0.23333333333333336
00-0029857,Ryan Griffin,QB,2019,2,0.62,0.31
00-0034201,De'Lance Turner,RB,2019,3,0.6000000000000001,0.20000000000000004
00-0031023,Quincy Enunwa,WR,2019,1,0.6,0.6
00-0029141,Alfred Morris,RB,2019,1,0.4,0.4
00-0032156,Trevor Siemian,QB,2019,1,0.12,0.12
00-0035146,Trace McSorley,QB,2019,1,0.1,0.1
00-0029623,Alex Tanney,QB,2019,1,0.04,0.04
00-0033266,JoJo Natson,WR,2019,12,0.0,0.0
00-0035414,Jalen Guyton,WR,2019,1,0.0,0.0
00-0033117,Bronson Kaufusi,TE,2019,1,0.0,0.0
00-0032577,D.J. Foster,RB,2019,2,0.0,0.0
00-0035406,Lil'Jordan Humphrey,WR,2019,1,0.0,0.0
00-0026293,Matthew Slater,WR,2019,8,0.0,0.0
00-0033725,Corey Clement,RB,2019,2,0.0,0.0
00-0035621,Nsimba Webster,WR,2019,4,0.0,0.0
00-0035592,Travis Fulgham,WR,2019,2,0.0,0.0
00-0035587,Spencer Schnell,WR,2019,1,0.0,0.0
00-0035500,Greg Dortch,WR,2019,2,0.0,0.0
00-0030711,David Fluellen,RB,2019,1,0.0,0.0
00-0034710,Darvin Kidsy,WR,2019,1,0.0,0.0
00-0029492,Jamize Olawale,RB,2019,6,0.0,0.0
00-0033006,Jaydon Mickens,WR,2019,1,0.0,0.0
00-0033911,Taywan Taylor,WR,2019,2,0.0,0.0
00-0032689,Jason Vander Laan,TE,2019,1,0.0,0.0
00-0031076,David Fales,QB,2019,1,0.0,0.0
00-0033474,Gehrig Dieter,WR,2019,2,0.0,0.0
00-0033933,Chad Williams,WR,2019,1,0.0,0.0
00-0034407,Ray-Ray McCloud,WR,2019,6,0.0,0.0
00-0028903,Garrett Celek,TE,2019,3,0.0,0.0
00-0035304,Cullen Gillaspia,RB,2019,8,0.0,0.0
00-0035593,Juwann Winfree,WR,2019,2,0.0,0.0
00-0031900,Rod Smith,RB,2019,3,0.0,0.0
00-0034164,Trenton Cannon,RB,2019,2,0.0,0.0
00-0033763,Evan Baylis,TE,2019,2,0.0,0.0
00-0034177,Tim Boyle,QB,2019,3,-0.10000000000000009,-0.03333333333333336
00-0033319,Nick Mullens,QB,2019,1,-0.30000000000000004,-0.30000000000000004
00-0031395,Garrett Gilbert,QB,2019,5,-0.30000000000000004,-0.06000000000000001
00-0031407,Blake Bortles,QB,2019,2,-0.78,-0.39
00-0032245,Sean Mannion,QB,2019,3,-1.46,-0.48666666666666664
00-0035264,Jarrett Stidham,QB,2019,3,-1.64,-0.5466666666666666
00-0033873,Patrick Mahomes,QB,2018,18,459.90000000000003,25.55
00-0032241,Todd Gurley,RB,2018,17,404.6,23.8
00-0033906,Alvin Kamara,RB,2018,17,390.90000000000003,22.994117647058825
00-0034844,Saquon Barkley,RB,2018,16,385.8,24.1125
00-0033280,Christian McCaffrey,RB,2018,16,385.5,24.09375
00-0033045,Ezekiel Elliott,RB,2018,17,370.6,21.8
00-0032765,Michael Thomas,WR,2018,18,358.2,19.9
00-0033040,Tyreek Hill,WR,2018,18,358.0,19.88888888888889
00-0029668,Andrew Luck,QB,2018,18,357.52,19.862222222222222
00-0026143,Matt Ryan,QB,2018,16,354.96000000000004,22.185000000000002
00-0033537,Deshaun Watson,QB,2018,17,350.7,20.629411764705882
00-0030564,DeAndre Hopkins,WR,2018,17,342.20000000000005,20.129411764705885
00-0022924,Ben Roethlisberger,QB,2018,16,341.86,21.36625
00-0033106,Jared Goff,QB,2018,19,341.0,17.94736842105263
00-0020531,Drew Brees,QB,2018,17,338.78000000000003,19.92823529411765
00-0031381,Davante Adams,WR,2018,15,329.6,21.973333333333336
00-0033077,Dak Prescott,QB,2018,18,328.78000000000003,18.265555555555558
00-0027944,Julio Jones,WR,2018,16,325.90000000000003,20.368750000000002
00-0027793,Antonio Brown,WR,2018,15,323.7,21.58
00-0030506,Travis Kelce,TE,2018,18,323.7,17.983333333333334
00-0019596,Tom Brady,QB,2018,19,321.02,16.89578947368421
00-0022942,Philip Rivers,QB,2018,18,320.16,17.78666666666667
00-0029263,Russell Wilson,QB,2018,17,320.14,18.831764705882353
00-0031062,James White,RB,2018,19,314.4,16.54736842105263
00-0023459,Aaron Rodgers,QB,2018,16,312.58,19.53625
00-0030035,Adam Thielen,WR,2018,16,307.3,19.20625
00-0030431,Robert Woods,WR,2018,19,300.90000000000003,15.836842105263159
00-0030061,Zach Ertz,TE,2018,18,300.5,16.694444444444443
00-0033857,JuJu Smith-Schuster,WR,2018,16,296.90000000000003,18.556250000000002
00-0032144,Melvin Gordon,RB,2018,14,296.40000000000003,21.171428571428574
00-0031236,Brandin Cooks,WR,2018,18,291.9,16.216666666666665
00-0030279,Keenan Allen,WR,2018,17,285.3,16.78235294117647
00-0031408,Mike Evans,WR,2018,16,284.40000000000003,17.775000000000002
00-0029604,Kirk Cousins,QB,2018,16,283.12,17.695
00-0027939,Cam Newton,QB,2018,14,282.6,20.185714285714287
00-0033869,Mitchell Trubisky,QB,2018,15,280.04,18.669333333333334
00-0033553,James Conner,RB,2018,13,280.0,21.53846153846154
00-0027150,Julian Edelman,WR,2018,15,273.72,18.248
00-0029608,T.Y. Hilton,WR,2018,16,268.5,16.78125
00-0031588,Stefon Diggs,WR,2018,15,266.3,17.753333333333334
00-0033288,George Kittle,TE,2018,16,258.7,16.16875
00-0031544,Amari Cooper,WR,2018,17,253.60000000000002,14.917647058823531
00-0032187,David Johnson,RB,2018,16,246.60000000000002,15.412500000000001
00-0031387,Eric Ebron,TE,2018,18,243.9,13.55
00-0033897,Joe Mixon,RB,2018,14,243.4,17.385714285714286
00-0034855,Baker Mayfield,QB,2018,14,240.10000000000002,17.150000000000002
00-0022803,Eli Manning,QB,2018,16,239.96,14.9975
00-0033556,Tarik Cohen,RB,2018,17,239.64000000000001,14.096470588235295
00-0032211,Tyler Lockett,WR,2018,17,238.4,14.023529411764706
00-0031235,Odell Beckham Jr.,WR,2018,12,232.34,19.361666666666668
00-0033923,Kareem Hunt,RB,2018,11,230.2,20.927272727272726
00-0034109,Phillip Lindsay,RB,2018,15,222.8,14.853333333333333
00-0033009,Tyler Boyd,WR,2018,14,221.10000000000002,15.792857142857144
00-0031382,Jarvis Landry,WR,2018,16,217.12,13.57
00-0031280,Derek Carr,QB,2018,16,216.76000000000002,13.547500000000001
00-0028986,Case Keenum,QB,2018,16,214.9,13.43125
00-0026498,Matthew Stafford,QB,2018,16,212.18,13.26125
00-0029137,Alshon Jeffery,WR,2018,15,210.8,14.053333333333335
00-0034845,Sony Michel,RB,2018,16,210.6,13.1625
00-0033594,Chris Carson,RB,2018,15,207.3,13.82
00-0033932,Kenny Golladay,WR,2018,15,207.1,13.806666666666667
00-0034857,Josh Allen,QB,2018,12,206.86,17.238333333333333
00-0034837,Calvin Ridley,WR,2018,16,206.8,12.925
00-0033118,Kenyan Drake,RB,2018,16,206.20000000000002,12.887500000000001
00-0033951,Marlon Mack,RB,2018,14,206.1,14.721428571428572
00-0027891,Golden Tate,WR,2018,17,202.3,11.9
00-0032764,Derrick Henry,RB,2018,16,201.36,12.585
00-0033536,Mike Williams,WR,2018,18,200.2,11.122222222222222
00-0027685,Emmanuel Sanders,WR,2018,12,198.22,16.518333333333334
00-0031503,Jameis Winston,QB,2018,11,195.78,17.798181818181817
00-0034791,Nick Chubb,RB,2018,16,194.5,12.15625
00-0032950,Carson Wentz,QB,2018,11,193.66,17.605454545454545
00-0032058,Tevin Coleman,RB,2018,16,193.6,12.1
00-0027061,Jared Cook,TE,2018,16,193.6,12.1
00-0025394,Adrian Peterson,RB,2018,16,189.0,11.8125
00-0029615,Lamar Miller,RB,2018,15,188.70000000000002,12.580000000000002
00-0032009,Adam Humphries,WR,2018,16,188.7,11.79375
00-0022921,Larry Fitzgerald,WR,2018,16,185.68,11.605
00-0033921,Chris Godwin Jr.,WR,2018,16,185.2,11.575
00-0033871,Corey Davis,WR,2018,16,183.6,11.475
00-0031428,Allen Robinson,WR,2018,14,183.6,13.114285714285714
00-0032780,Jordan Howard,RB,2018,17,183.5,10.794117647058824
00-0032385,Sterling Shepard,WR,2018,16,182.5,11.40625
00-0029632,Mohamed Sanu,WR,2018,16,182.4,11.4
00-0033699,Austin Ekeler,RB,2018,16,182.0,11.375
00-0032268,Marcus Mariota,QB,2018,14,175.92000000000002,12.565714285714288
00-0033839,Dede Westbrook,WR,2018,16,175.5,10.96875
00-0034796,Lamar Jackson,QB,2018,17,174.70000000000002,10.276470588235295
00-0027973,Andy Dalton,QB,2018,11,174.54,15.867272727272727
00-0031549,Nelson Agholor,WR,2018,18,174.4,9.68888888888889
00-0031407,Blake Bortles,QB,2018,13,173.22,13.324615384615385
00-0032209,T.J. Yeldon,RB,2018,14,173.10000000000002,12.364285714285716
00-0033293,Aaron Jones,RB,2018,12,171.4,14.283333333333333
00-0034869,Sam Darnold,QB,2018,13,168.1,12.930769230769231
00-0023682,Ryan Fitzpatrick,QB,2018,8,165.84,20.73
00-0033891,Zay Jones,WR,2018,16,165.2,10.325
00-0034367,Nyheim Hines,RB,2018,17,163.3,9.605882352941178
00-0027656,Rob Gronkowski,TE,2018,16,163.3,10.20625
00-0032392,Austin Hooper,TE,2018,16,163.0,10.1875
00-0033308,Matt Breida,RB,2018,14,162.5,11.607142857142858
00-0031228,Taylor Gabriel,WR,2018,17,161.6,9.505882352941176
00-0028087,Dion Lewis,RB,2018,16,160.7,10.04375
00-0034827,DJ Moore,WR,2018,16,159.0,9.9375
00-0029000,Cole Beasley,WR,2018,18,158.5,8.805555555555555
00-0030874,Damien Williams,RB,2018,15,157.6,10.506666666666666
00-0026176,Jordy Nelson,WR,2018,15,156.70000000000002,10.446666666666667
00-0027874,Demaryius Thomas,WR,2018,15,156.70000000000002,10.446666666666667
00-0033025,Jalen Richard,RB,2018,16,156.6,9.7875
00-0027966,Mark Ingram,RB,2018,14,156.4,11.171428571428573
00-0032688,Robbie Chosen,WR,2018,14,156.4,11.171428571428573
00-0032160,Tyrell Williams,WR,2018,17,155.10000000000002,9.123529411764707
00-0033893,Dalvin Cook,RB,2018,11,152.0,13.818181818181818
00-0027981,Kyle Rudolph,TE,2018,16,151.4,9.4625
00-0026189,DeSean Jackson,WR,2018,12,151.3,12.608333333333334
00-0026986,Michael Crabtree,WR,2018,17,150.5,8.852941176470589
00-0032741,Peyton Barber,RB,2018,16,150.3,9.39375
00-0027942,A.J. Green,WR,2018,9,149.4,16.6
00-0028434,Doug Baldwin,WR,2018,14,148.0,10.571428571428571
00-0031051,John Brown,WR,2018,17,147.3,8.664705882352942
00-0030710,Trey Burton,TE,2018,16,147.1,9.19375
00-0032063,Mike Davis,RB,2018,16,144.0,9.0
00-0033885,David Njoku,TE,2018,15,143.9,9.593333333333334
00-0029701,Ryan Tannehill,QB,2018,11,142.96,12.996363636363638
00-0030663,Willie Snead,WR,2018,16,142.4,8.9
00-0030656,Isaiah Crowell,RB,2018,13,140.70000000000002,10.823076923076924
00-0031325,Sammy Watkins,WR,2018,12,140.5,11.708333333333334
00-0034349,Kerryon Johnson,RB,2018,10,139.4,13.940000000000001
00-0033282,Curtis Samuel,WR,2018,13,138.8,10.676923076923078
00-0029664,Josh Gordon,WR,2018,12,138.7,11.558333333333332
00-0023436,Alex Smith,QB,2018,10,138.0,13.8
00-0026158,Joe Flacco,QB,2018,9,137.1,15.233333333333333
00-0034348,Courtland Sutton,WR,2018,16,136.3,8.51875
00-0033908,Cooper Kupp,WR,2018,8,135.1,16.8875
00-0030085,Kenny Stills,WR,2018,15,134.42000000000002,8.961333333333334
00-0032355,Chester Rogers,WR,2018,18,133.7,7.427777777777777
00-0030470,Vance McDonald,TE,2018,15,133.0,8.866666666666667
00-0031339,Donte Moncrief,WR,2018,16,132.8,8.3
00-0034772,Antonio Callaway,WR,2018,16,132.3,8.26875
00-0032257,Duke Johnson,RB,2018,16,132.0,8.25
00-0030513,Latavius Murray,RB,2018,16,131.9,8.24375
00-0027696,Jimmy Graham,TE,2018,16,130.6,8.1625
00-0032782,Wendell Smallwood,RB,2018,17,130.3,7.6647058823529415
00-0026035,Danny Amendola,WR,2018,15,127.42,8.494666666666667
00-0027029,LeSean McCoy,RB,2018,14,127.2,9.085714285714285
00-0034353,Anthony Miller,WR,2018,16,126.62,7.91375
00-0033881,Evan Engram,TE,2018,11,126.30000000000001,11.481818181818182
00-0034764,Michael Gallup,WR,2018,17,125.4,7.376470588235295
00-0034775,Christian Kirk,WR,2018,12,123.5,10.291666666666666
00-0033319,Nick Mullens,QB,2018,8,123.48,15.435
00-0032055,Devin Funchess,WR,2018,14,122.9,8.778571428571428
00-0033943,Josh Reynolds,WR,2018,15,122.6,8.173333333333334
00-0033879,O.J. Howard,TE,2018,10,120.5,12.05
00-0033856,Leonard Fournette,RB,2018,8,120.4,15.05
00-0028237,Chris Hogan,WR,2018,18,120.0,6.666666666666667
00-0029613,Doug Martin,RB,2018,16,119.9,7.49375
00-0030472,Jordan Reed,TE,2018,13,119.8,9.215384615384615
00-0032977,Rashard Higgins,WR,2018,13,118.2,9.092307692307692
00-0030107,Theo Riddick,RB,2018,14,116.5,8.321428571428571
00-0029293,Marvin Jones,WR,2018,9,115.80000000000001,12.866666666666667
00-0033307,Kendrick Bourne,WR,2018,16,114.7,7.16875
00-0033948,Jamaal Williams,RB,2018,16,114.4,7.15
00-0034753,Mark Andrews,TE,2018,17,113.3,6.664705882352941
00-0034766,Chris Herndon,TE,2018,14,113.2,8.085714285714285
00-0034343,Josh Rosen,QB,2018,14,112.92,8.065714285714286
00-0034272,Marquez Valdes-Scantling,WR,2018,16,111.0,6.9375
00-0032760,Josh Doctson,WR,2018,15,109.2,7.28
00-0032426,Alex Collins,RB,2018,10,108.60000000000001,10.860000000000001
00-0031166,Seth Roberts,WR,2018,15,106.9,7.126666666666667
00-0033127,Will Fuller,WR,2018,7,106.30000000000001,15.185714285714287
00-0032208,Phillip Dorsett,WR,2018,13,105.9,8.146153846153847
00-0034765,Tre'Quan Smith,WR,2018,15,105.7,7.046666666666667
00-0032134,C.J. Uzomah,TE,2018,16,104.9,6.55625
00-0029567,Nick Foles,QB,2018,7,104.80000000000001,14.971428571428573
00-0034860,Dante Pettis,WR,2018,12,103.5,8.625
00-0029854,C.J. Anderson,RB,2018,12,103.0,8.583333333333334
00-0023500,Frank Gore,RB,2018,14,102.60000000000001,7.328571428571429
00-0034838,Royce Freeman,RB,2018,14,101.3,7.235714285714286
00-0031075,Alfred Blue,RB,2018,17,101.2,5.952941176470588
00-0028411,Dontrelle Inman,WR,2018,10,101.2,10.120000000000001
00-0033589,David Moore,WR,2018,14,101.0,7.214285714285714
00-0030578,Cordarrelle Patterson,RB,2018,18,100.7,5.594444444444445
00-0034351,Dallas Goedert,TE,2018,17,100.4,5.905882352941177
00-0034510,Robert Foster,WR,2018,11,99.1,9.009090909090908
00-0031045,Carlos Hyde,RB,2018,14,98.4,7.028571428571429
00-0021547,Antonio Gates,TE,2018,18,97.9,5.438888888888889
00-0034378,Ito Smith,RB,2018,13,97.7,7.515384615384615
00-0029572,Jarius Wright,WR,2018,16,97.6,6.1
00-0030669,Albert Wilson,WR,2018,7,96.78,13.825714285714286
00-0030456,Giovani Bernard,RB,2018,12,95.9,7.991666666666667
00-0031577,Javorius Allen,RB,2018,13,93.60000000000001,7.200000000000001
00-0033895,Gerald Everett,TE,2018,18,93.60000000000001,5.2
00-0031273,Cameron Brate,TE,2018,15,92.9,6.193333333333333
00-0034184,Gus Edwards,RB,2018,12,92.10000000000001,7.675000000000001
00-0030404,Chris Thompson,RB,2018,10,91.6,9.16
00-0032128,Chris Conley,WR,2018,18,91.39999999999999,5.0777777777777775
00-0034366,Keke Coutee,WR,2018,7,90.7,12.957142857142857
00-0034331,Jaylen Samuels,RB,2018,9,89.5,9.944444444444445
00-0022943,Benjamin Watson,TE,2018,14,89.2,6.371428571428572
00-0033681,Keelan Cole,WR,2018,14,89.1,6.364285714285714
00-0030288,Rex Burkhead,RB,2018,11,88.8,8.072727272727272
00-0032972,Devontae Booker,RB,2018,16,87.8,5.4875
00-0033911,Taywan Taylor,WR,2018,13,87.6,6.738461538461538
00-0030068,Marquise Goodwin,WR,2018,11,87.4,7.945454545454546
00-0031023,Quincy Enunwa,WR,2018,11,86.9,7.9
00-0027325,LeGarrette Blount,RB,2018,16,86.5,5.40625
00-0028002,Randall Cobb,WR,2018,9,86.30000000000001,9.58888888888889
00-0033295,Elijah McGuire,RB,2018,8,85.9,10.7375
00-0032436,Jeff Driskel,QB,2018,8,85.12,10.64
00-0033460,John Ross,WR,2018,13,84.89999999999999,6.53076923076923
00-0032135,Jesse James,TE,2018,15,84.3,5.62
00-0033658,Blake Jarwin,TE,2018,15,83.9,5.593333333333334
00-0028083,Jacquizz Rodgers,RB,2018,15,83.0,5.533333333333333
00-0031941,Jamison Crowder,WR,2018,9,82.80000000000001,9.200000000000001
00-0033110,Tyler Higbee,TE,2018,16,82.7,5.16875
00-0034457,Josh Adams,RB,2018,14,82.1,5.864285714285714
00-0030414,Spencer Ware,RB,2018,13,82.1,6.315384615384615
00-0034365,Ian Thomas,TE,2018,10,81.30000000000001,8.13
00-0033725,Corey Clement,RB,2018,11,81.10000000000001,7.372727272727274
00-0025418,Greg Olsen,TE,2018,9,80.10000000000001,8.9
00-0029159,Jermaine Kearse,WR,2018,13,80.10000000000001,6.161538461538462
00-0025399,Marshawn Lynch,RB,2018,6,79.0,13.166666666666666
00-0032775,Demarcus Robinson,WR,2018,15,78.5,5.233333333333333
00-0024221,Vernon Davis,TE,2018,13,75.7,5.823076923076924
00-0032394,Nick Vannett,TE,2018,16,75.4,4.7125
00-0033936,C.J. Beathard,QB,2018,5,74.98,14.996
00-0031068,Ryan Grant,WR,2018,14,74.4,5.314285714285715
00-0033611,Ricky Seals-Jones,TE,2018,15,74.30000000000001,4.953333333333334
00-0027531,Chris Ivory,RB,2018,13,74.0,5.6923076923076925
00-0032200,Ty Montgomery,WR,2018,14,73.3,5.235714285714286
00-0034750,Rashaad Penny,RB,2018,14,73.3,5.235714285714286
00-0031299,Jordan Matthews,TE,2018,12,72.7,6.058333333333334
00-0023564,Darren Sproles,RB,2018,8,72.0,9.0
00-0033251,Zach Pascal,WR,2018,16,71.5,4.46875
00-0032951,Laquon Treadwell,WR,2018,15,71.2,4.746666666666667
00-0032778,Tajae Sharpe,WR,2018,15,71.2,4.746666666666667
00-0032227,Jeff Heuerman,TE,2018,11,71.1,6.463636363636363
00-0028116,Aldrick Robinson,WR,2018,14,70.1,5.007142857142857
00-0033562,Ryan Switzer,WR,2018,16,69.4,4.3375
00-0031359,Kelvin Benjamin,WR,2018,15,69.0,4.6
00-0025396,Ted Ginn,WR,2018,7,68.7,9.814285714285715
00-0029141,Alfred Morris,RB,2018,11,68.1,6.1909090909090905
00-0029682,Brock Osweiler,QB,2018,7,67.98,9.711428571428572
00-0034440,Justin Jackson,RB,2018,11,67.2,6.109090909090909
00-0034370,DaeSean Hamilton,WR,2018,11,66.3,6.027272727272727
00-0030821,Allen Hurns,WR,2018,15,63.900000000000006,4.260000000000001
00-0033858,Jonnu Smith,TE,2018,12,63.800000000000004,5.316666666666667
00-0034681,Chase Edmonds,RB,2018,16,63.1,3.94375
00-0032626,Geronimo Allison,WR,2018,5,62.3,12.459999999999999
00-0032054,Breshad Perriman,WR,2018,10,62.2,6.220000000000001
00-0032411,Kenneth Dixon,RB,2018,7,62.0,8.857142857142858
00-0031102,Kapri Bibbs,RB,2018,10,61.8,6.18
00-0034400,Jordan Wilkins,RB,2018,15,61.00000000000001,4.066666666666667
00-0031547,DeVante Parker,WR,2018,11,60.9,5.536363636363636
00-0030300,Jaron Brown,WR,2018,12,60.6,5.05
00-0030181,Jack Doyle,TE,2018,6,60.5,10.083333333333334
00-0028064,Bilal Powell,RB,2018,7,60.3,8.614285714285714
00-0032791,Jakeem Grant,WR,2018,10,60.3,6.029999999999999
00-0033375,Tim Patrick,WR,2018,12,60.2,5.016666666666667
00-0029587,Rhett Ellison,TE,2018,13,60.199999999999996,4.63076923076923
00-0031326,Bruce Ellington,WR,2018,7,59.6,8.514285714285714
00-0032362,Maurice Harris,WR,2018,11,59.4,5.3999999999999995
00-0031257,Paul Richardson,WR,2018,7,59.1,8.442857142857143
00-0026345,Pierre Garcon,WR,2018,8,58.599999999999994,7.324999999999999
00-0031665,Zach Zenner,RB,2018,7,57.1,8.157142857142857
00-0032141,Geoff Swaim,TE,2018,9,56.2,6.2444444444444445
00-0030108,Ryan Griffin,TE,2018,14,56.1,4.007142857142857
00-0033292,Trent Taylor,WR,2018,13,55.50000000000001,4.26923076923077
00-0031744,Matt LaCosse,TE,2018,13,55.0,4.230769230769231
00-0034317,Keith Kirkwood,WR,2018,8,54.7,6.8375
00-0033466,Isaiah McKenzie,WR,2018,8,54.5,6.8125
00-0034279,Equanimeous St. Brown,WR,2018,11,54.3,4.9363636363636365
00-0027675,Ed Dickson,TE,2018,10,53.4,5.34
00-0030443,Levine Toilolo,TE,2018,11,53.3,4.845454545454545
00-0028825,Terrelle Pryor,WR,2018,8,53.1,6.6375
00-0028142,Virgil Green,TE,2018,16,52.9,3.30625
00-0031189,T.J. Jones,WR,2018,12,50.0,4.166666666666667
00-0027996,Torrey Smith,WR,2018,8,50.0,6.25
00-0033627,Jason Croom,TE,2018,15,49.9,3.3266666666666667
00-0026300,Josh Johnson,QB,2018,4,49.6,12.4
00-0034164,Trenton Cannon,RB,2018,12,48.7,4.058333333333334
00-0031345,Jimmy Garoppolo,QB,2018,3,48.019999999999996,16.006666666666664
00-0030216,Josh Hill,TE,2018,14,47.6,3.4
00-0030155,Demetrius Harris,TE,2018,17,47.6,2.8000000000000003
00-0033455,Anthony Firkser,TE,2018,9,47.5,5.277777777777778
00-0032398,Chris Moore,WR,2018,16,46.3,2.89375
00-0034487,Trent Sherfield,WR,2018,9,46.0,5.111111111111111
00-0031373,Martavis Bryant,WR,2018,7,45.900000000000006,6.557142857142858
00-0031951,James O'Shaughnessy,TE,2018,14,45.400000000000006,3.2428571428571433
00-0029269,Travis Benjamin,WR,2018,14,44.8,3.1999999999999997
00-0033950,Wayne Gallman,RB,2018,13,44.5,3.423076923076923
00-0034115,Jeff Wilson,RB,2018,6,44.400000000000006,7.400000000000001
00-0031598,Nick Boyle,TE,2018,12,44.3,3.6916666666666664
00-0031763,DeAndre Carter,WR,2018,14,44.3,3.164285714285714
00-0034676,James Washington,WR,2018,12,43.7,3.641666666666667
00-0028042,Luke Stocker,TE,2018,12,43.5,3.625
00-0031590,Jay Ajayi,RB,2018,4,43.4,10.85
00-0034364,Jordan Akins,TE,2018,15,42.3,2.82
00-0027985,Lance Kendricks,TE,2018,14,42.0,3.0
00-0030670,Bennie Fowler,WR,2018,10,41.9,4.1899999999999995
00-0030525,Tavon Austin,WR,2018,9,41.7,4.633333333333334
00-0033357,Taysom Hill,TE,2018,17,41.56,2.4447058823529413
00-0028118,Tyrod Taylor,QB,2018,4,41.419999999999995,10.354999999999999
00-0033933,Chad Williams,WR,2018,10,41.0,4.1
00-0030147,Russell Shepard,WR,2018,8,40.8,5.1
00-0029738,Darren Fells,TE,2018,10,40.7,4.07
00-0034829,Mike Gesicki,TE,2018,14,40.2,2.8714285714285714
00-0031806,Malcolm Brown,RB,2018,11,39.4,3.5818181818181816
00-0031570,Justin Hardy,WR,2018,16,39.300000000000004,2.4562500000000003
00-0030549,Tyler Eifert,TE,2018,4,38.900000000000006,9.725000000000001
00-0032543,Alex Erickson,WR,2018,16,38.900000000000006,2.4312500000000004
00-0031558,Maxx Williams,TE,2018,11,38.9,3.536363636363636
00-0033104,Cody Kessler,QB,2018,5,38.660000000000004,7.732000000000001
00-0031687,Raheem Mostert,RB,2018,8,38.6,4.825
00-0031959,Marcus Murphy,RB,2018,11,38.6,3.5090909090909093
00-0029319,Josh Bellamy,WR,2018,15,38.1,2.54
00-0034799,Kalen Ballage,RB,2018,12,37.7,3.141666666666667
00-0027681,Brandon LaFell,WR,2018,4,37.5,9.375
00-0028112,Charles Clay,TE,2018,11,37.4,3.4
00-0033559,Michael Roberts,TE,2018,8,37.0,4.625
00-0032795,Cody Core,WR,2018,10,37.0,3.7
00-0034747,Marcell Ateman,WR,2018,7,36.4,5.2
00-0031344,Cody Latimer,WR,2018,6,36.0,6.0
00-0034159,Will Dissly,TE,2018,4,35.6,8.9
00-0034830,Hayden Hurst,TE,2018,10,35.3,3.53
00-0028097,Lee Smith,TE,2018,9,35.3,3.922222222222222
00-0030854,Erik Swoope,TE,2018,7,34.7,4.957142857142857
00-0031900,Rod Smith,RB,2018,15,33.800000000000004,2.2533333333333334
00-0029388,Deonte Thompson,WR,2018,13,33.1,2.5461538461538464
00-0027948,Blaine Gabbert,QB,2018,8,33.04,4.13
00-0034011,Dan Arnold,TE,2018,8,33.0,4.125
00-0033217,Mo Alie-Cox,TE,2018,9,32.300000000000004,3.5888888888888895
00-0033382,Austin Carr,WR,2018,10,32.2,3.22
00-0033953,Jordan Leggett,TE,2018,13,31.400000000000002,2.4153846153846157
00-0033094,Marvin Hall,WR,2018,14,30.900000000000002,2.2071428571428573
00-0026544,Chase Daniel,QB,2018,4,30.700000000000003,7.675000000000001
00-0024334,Brandon Marshall,WR,2018,6,30.6,5.1000000000000005
00-0034777,DJ Chark,WR,2018,11,29.400000000000002,2.672727272727273
00-0029239,Brandon Bolden,RB,2018,9,29.4,3.2666666666666666
00-0028263,Andre Holmes,WR,2018,13,29.2,2.246153846153846
00-0029638,Michael Floyd,WR,2018,10,28.0,2.8
00-0034286,Richie James,WR,2018,12,28.0,2.3333333333333335
00-0034273,Damion Ratley,WR,2018,5,27.400000000000002,5.48
00-0027688,Colt McCoy,QB,2018,3,27.18,9.06
00-0034383,Dalton Schultz,TE,2018,10,26.6,2.66
00-0034577,Kyle Allen,QB,2018,2,26.54,13.27
00-0028903,Garrett Celek,TE,2018,8,26.0,3.25
00-0031418,Austin Seferian-Jenkins,TE,2018,5,26.0,5.2
00-0027691,Andre Roberts,WR,2018,16,25.9,1.61875
00-0031585,MyCole Pruitt,TE,2018,7,25.2,3.6
00-0032707,Andy Jones,WR,2018,6,25.0,4.166666666666667
00-0031912,Cameron Meredith,WR,2018,3,24.400000000000002,8.133333333333335
00-0034653,Deontay Burnett,WR,2018,5,24.300000000000004,4.860000000000001
00-0031787,Jake Kumerow,WR,2018,5,24.3,4.86
00-0034646,Brandon Powell,WR,2018,6,24.3,4.05
00-0027215,Logan Paulsen,TE,2018,8,24.1,3.0125
00-0031167,Scott Simonson,TE,2018,10,23.6,2.3600000000000003
00-0033373,Taquan Mizzell,RB,2018,9,23.3,2.588888888888889
00-0034301,Darrel Williams,RB,2018,6,23.0,3.8333333333333335
00-0032117,Nick O'Leary,TE,2018,6,22.6,3.766666666666667
00-0034339,Trey Quinn,WR,2018,3,22.5,7.5
00-0031972,Darius Jennings,WR,2018,14,22.14,1.5814285714285714
00-0033896,Adam Shaheen,TE,2018,6,22.1,3.6833333333333336
00-0032980,Marcus Johnson,WR,2018,4,22.0,5.5
00-0030089,Luke Willson,TE,2018,10,21.7,2.17
00-0031782,Eli Rogers,WR,2018,3,21.5,7.166666666666667
00-0021206,Josh McCown,QB,2018,4,20.76,5.19
00-0034816,Ronald Jones,RB,2018,7,20.700000000000003,2.9571428571428577
00-0031260,Logan Thomas,TE,2018,9,20.3,2.2555555555555555
00-0034631,Vyncint Smith,WR,2018,5,20.1,4.0200000000000005
00-0029119,Derek Carrier,TE,2018,10,19.700000000000003,1.9700000000000002
00-0031731,Corey Grant,RB,2018,5,19.700000000000003,3.9400000000000004
00-0028093,Niles Paul,TE,2018,6,19.5,3.25
00-0033060,Leonte Carroo,WR,2018,5,18.8,3.7600000000000002
00-0033080,Seth DeValve,TE,2018,7,18.400000000000002,2.628571428571429
00-0030516,Brice Butler,WR,2018,6,18.0,3.0
00-0033757,Robert Tonyan,TE,2018,7,17.7,2.5285714285714285
00-0034253,Dontrell Hilliard,RB,2018,10,17.5,1.75
00-0031599,Cameron Artis-Payne,RB,2018,4,17.400000000000002,4.3500000000000005
00-0030533,Matt Barkley,QB,2018,1,17.080000000000002,17.080000000000002
00-0033564,Jake Butt,TE,2018,3,16.5,5.5
00-0027873,Jermaine Gresham,TE,2018,8,16.4,2.05
00-0034652,Cameron Batson,WR,2018,8,16.3,2.0375
00-0031610,Darren Waller,TE,2018,4,15.600000000000001,3.9000000000000004
00-0033567,Brian Hill,RB,2018,5,15.6,3.12
00-0032450,Dwayne Washington,RB,2018,7,15.400000000000002,2.2
00-0031690,Eric Tomlinson,TE,2018,12,15.200000000000001,1.2666666666666668
00-0033528,Jeremy Sprinkle,TE,2018,8,15.100000000000001,1.8875000000000002
00-0033296,Alex Armah,RB,2018,9,15.0,1.6666666666666667
00-0028011,Stevan Ridley,RB,2018,9,14.8,1.6444444444444446
00-0032062,Blake Bell,TE,2018,8,14.7,1.8375
00-0033591,Noah Brown,WR,2018,9,14.3,1.588888888888889
00-0031285,Devonta Freeman,RB,2018,2,14.100000000000001,7.050000000000001
00-0032881,Tommylee Lewis,WR,2018,9,14.0,1.5555555555555556
00-0031800,Taylor Heinicke,QB,2018,5,13.900000000000002,2.7800000000000002
00-0031609,A.J. Derby,TE,2018,3,13.8,4.6000000000000005
00-0032112,J.J. Nelson,WR,2018,9,13.399999999999999,1.4888888888888887
00-0031545,Kevin White,WR,2018,3,13.200000000000001,4.4
00-0031484,Chris Manhertz,TE,2018,7,13.2,1.8857142857142857
00-0034509,Keith Ford,RB,2018,2,13.000000000000002,6.500000000000001
00-0033958,Nathan Peterman,QB,2018,4,12.84,3.21
00-0027854,Sam Bradford,QB,2018,3,12.700000000000001,4.233333333333333
00-0034270,Tyler Conklin,TE,2018,4,12.700000000000001,3.1750000000000003
00-0031035,Xavier Grimble,TE,2018,8,12.600000000000001,1.5750000000000002
00-0032966,Corey Coleman,WR,2018,8,12.6,1.575
00-0034679,Mark Walton,RB,2018,10,12.5,1.25
00-0031060,De'Anthony Thomas,WR,2018,5,12.5,2.5
00-0034411,Russell Gage,WR,2018,9,12.3,1.3666666666666667
00-0034808,John Kelly,RB,2018,5,12.100000000000001,2.4200000000000004
00-0032634,David Grinnage,TE,2018,3,12.100000000000001,4.033333333333334
00-0033421,Antony Auclair,TE,2018,9,11.8,1.3111111111111111
00-0032599,Josh Perkins,TE,2018,6,11.7,1.95
00-0030668,Charcandrick West,RB,2018,3,11.600000000000001,3.866666666666667
00-0032940,DeAndre Washington,RB,2018,8,11.4,1.425
00-0028497,Kamar Aiken,WR,2018,3,11.3,3.766666666666667
00-0028114,Dwayne Harris,WR,2018,15,11.2,0.7466666666666666
00-0034798,Durham Smythe,TE,2018,8,11.0,1.375
00-0033925,D'Onta Foreman,RB,2018,2,11.0,5.5
00-0030520,Mike Glennon,QB,2018,2,10.96,5.48
00-0033789,T.J. Logan,RB,2018,6,10.9,1.8166666666666667
00-0031788,Matt Lengel,TE,2018,7,10.700000000000001,1.5285714285714287
00-0032120,Neal Sterling,TE,2018,4,10.7,2.675
00-0032661,Ben Braunecker,TE,2018,11,10.7,0.9727272727272727
00-0032602,J.D. McKissic,RB,2018,4,10.100000000000001,2.5250000000000004
00-0028581,Patrick DiMarco,RB,2018,8,10.100000000000001,1.2625000000000002
00-0032170,Rashad Greene,WR,2018,7,10.0,1.4285714285714286
00-0033576,Eric Saubert,TE,2018,7,9.8,1.4000000000000001
00-0033434,Bobo Wilson,WR,2018,5,9.200000000000001,1.8400000000000003
00-0033095,Garrett Griffin,TE,2018,1,9.2,9.2
00-0033387,Jacob Hollister,TE,2018,3,9.2,3.0666666666666664
00-0024389,Delanie Walker,TE,2018,1,9.2,9.2
00-0034258,Derrick Willies,WR,2018,1,9.100000000000001,9.100000000000001
00-0034407,Ray-Ray McCloud,WR,2018,8,9.0,1.125
00-0034565,Detrez Newsome,RB,2018,5,8.8,1.7600000000000002
00-0032430,David Morgan,TE,2018,6,8.6,1.4333333333333333
00-0030465,Kenjon Barner,RB,2018,9,8.4,0.9333333333333333
00-0032089,Brian Parker,TE,2018,8,8.3,1.0375
00-0034499,Jawill Davis,WR,2018,7,8.0,1.1428571428571428
00-0032964,Byron Marshall,RB,2018,5,7.9,1.58
00-0034309,Chad Beebe,WR,2018,3,7.8999999999999995,2.6333333333333333
00-0032214,Tyler Kroft,TE,2018,5,7.6,1.52
00-0033054,Rico Gathers,TE,2018,8,7.500000000000001,0.9375000000000001
00-0034686,Auden Tate,WR,2018,5,7.5,1.5
00-0029580,Rishard Matthews,WR,2018,6,7.4,1.2333333333333334
00-0031237,Teddy Bridgewater,QB,2018,4,7.219999999999999,1.8049999999999997
00-0034426,Javon Wims,WR,2018,2,7.2,3.6
00-0029091,Bradley Sowell,TE,2018,2,7.2,3.6
00-0034221,Roc Thomas,RB,2018,5,7.1000000000000005,1.4200000000000002
00-0030780,Ryan Hewitt,TE,2018,5,7.1,1.42
00-0024243,Marcedes Lewis,TE,2018,5,6.9,1.3800000000000001
00-0027139,John Phillips,TE,2018,2,6.800000000000001,3.4000000000000004
00-0034208,Mike Boone,RB,2018,6,6.800000000000001,1.1333333333333335
00-0033526,Samaje Perine,RB,2018,4,6.7,1.675
00-0034489,Jalen Tolliver,WR,2018,3,6.7,2.2333333333333334
00-0032404,Tyler Ervin,RB,2018,9,6.5,0.7222222222222222
00-0023645,Derek Anderson,QB,2018,2,6.5,3.25
00-0034621,Shaun Wilson,RB,2018,5,6.4,1.28
00-0032104,Ameer Abdullah,RB,2018,9,5.9,0.6555555555555556
00-0033573,Shelton Gibson,WR,2018,5,5.800000000000001,1.1600000000000001
00-0034532,Jordan Franks,TE,2018,4,5.7,1.425
00-0029689,Dwayne Allen,TE,2018,4,5.7,1.425
00-0034054,River Cracraft,WR,2018,8,5.4,0.675
00-0033899,DeShone Kizer,QB,2018,3,5.380000000000001,1.7933333333333337
00-0033474,Gehrig Dieter,WR,2018,4,5.300000000000001,1.3250000000000002
00-0029414,Orson Charles,TE,2018,10,5.3,0.53
00-0030521,Justin Hunter,WR,2018,4,5.1,1.275
00-0032393,C.J. Prosise,RB,2018,2,4.9,2.45
00-0029640,Brian Quick,WR,2018,2,4.800000000000001,2.4000000000000004
00-0032792,Nate Sudfeld,QB,2018,2,4.68,2.34
00-0032959,Charone Peake,WR,2018,6,4.5,0.75
00-0030433,Mike Gillislee,RB,2018,4,4.2,1.05
00-0031301,Jeremy Hill,RB,2018,1,4.1,4.1
00-0029795,Benny Cunningham,RB,2018,10,4.1,0.41
00-0033374,Ricky Ortiz,RB,2018,4,4.1,1.025
00-0034201,De'Lance Turner,RB,2018,2,4.1,2.05
00-0034867,Malik Turner,WR,2018,3,4.0,1.3333333333333333
00-0030542,Terrance Williams,WR,2018,2,3.8000000000000003,1.9000000000000001
00-0034854,KhaDarel Hodge,WR,2018,7,3.7,0.5285714285714286
00-0029848,Nick Williams,WR,2018,4,3.7,0.925
00-0034427,Dave Williams,RB,2018,3,3.6000000000000005,1.2000000000000002
00-0034268,J'Mon Moore,WR,2018,7,3.5,0.5
00-0034073,Ross Dwelley,TE,2018,3,3.4000000000000004,1.1333333333333335
00-0033696,Sean Culkin,TE,2018,2,3.4000000000000004,1.7000000000000002
00-0026213,Jamaal Charles,RB,2018,2,3.4,1.7
00-0033742,Tyrone Swoopes,TE,2018,1,3.3000000000000003,3.3000000000000003
00-0034052,Brandon Zylstra,WR,2018,5,3.3000000000000003,0.66
00-0027796,Joe Webb,QB,2018,4,3.3,0.825
00-0029492,Jamize Olawale,RB,2018,10,3.3,0.32999999999999996
00-0029205,Travaris Cadet,RB,2018,1,3.2,3.2
00-0032508,Hakeem Valles,TE,2018,2,3.1,1.55
00-0032745,Alan Cross,TE,2018,6,2.9000000000000004,0.4833333333333334
00-0030422,Dion Sims,TE,2018,3,2.9,0.9666666666666667
00-0028091,Jeremy Kerley,WR,2018,1,2.7,2.7
00-0031569,Jeremy Langford,RB,2018,1,2.5,2.5
00-0033379,Tim White,WR,2018,3,2.4000000000000004,0.8000000000000002
00-0034101,Matt Flanagan,TE,2018,1,2.4000000000000004,2.4000000000000004
00-0032166,Sammie Coates,WR,2018,4,2.2,0.55
00-0033859,Josh Malone,WR,2018,3,2.2,0.7333333333333334
00-0033306,Victor Bolden,WR,2018,3,2.0,0.6666666666666666
00-0033760,Justin Davis,RB,2018,4,1.9000000000000001,0.47500000000000003
00-0034512,Cam Phillips,WR,2018,2,1.9,0.95
00-0034710,Darvin Kidsy,WR,2018,1,1.8,1.8
00-0033441,Keon Hatcher,WR,2018,2,1.8,0.9
00-0031868,Damiere Byrd,WR,2018,7,1.8,0.2571428571428572
00-0026153,Jonathan Stewart,RB,2018,3,1.7000000000000002,0.5666666666666668
00-0033481,Marcus Kemp,WR,2018,5,1.7000000000000002,0.34
00-0034521,Allen Lazard,WR,2018,1,1.7000000000000002,1.7000000000000002
00-0031384,Richard Rodgers,TE,2018,2,1.7000000000000002,0.8500000000000001
00-0033572,Jamal Agnew,WR,2018,6,1.7000000000000002,0.2833333333333334
00-0023662,Matt Cassel,QB,2018,2,1.6600000000000001,0.8300000000000001
00-0031395,Garrett Gilbert,QB,2018,1,1.6,1.6
00-0030711,David Fluellen,RB,2018,5,1.6,0.32
00-0033049,Darius Jackson,RB,2018,2,1.6,0.8
00-0031922,Khari Lee,TE,2018,1,1.5,1.5
00-0033246,Johnny Mundt,TE,2018,2,1.5,0.75
00-0032593,Brandon Wilds,RB,2018,3,1.5,0.5
00-0034386,Justin Watson,WR,2018,7,1.5,0.21428571428571427
00-0026197,Chad Henne,QB,2018,1,1.46,1.46
00-0033464,Jehu Chesson,WR,2018,6,1.3000000000000003,0.2166666666666667
00-0034560,J.J. Jones,WR,2018,4,1.3,0.325
00-0032794,Danny Vitale,RB,2018,2,1.2,0.6
00-0026983,Darrius Heyward-Bey,WR,2018,8,1.1999999999999997,0.14999999999999997
00-0032975,Jonathan Williams,RB,2018,3,1.1,0.3666666666666667
00-0022787,Matt Schaub,QB,2018,2,1.1,0.55
00-0030432,Christine Michael,RB,2018,1,0.9,0.9
00-0029665,Robert Griffin III,QB,2018,2,0.84,0.42
00-0033949,Joshua Dobbs,QB,2018,5,0.82,0.16399999999999998
00-0032371,Rob Kelley,RB,2018,2,0.8,0.4
00-0033955,Jeremy McNichols,RB,2018,1,0.4,0.4
00-0026898,Mark Sanchez,QB,2018,2,0.31999999999999984,0.15999999999999992
00-0029273,Robert Turbin,RB,2018,2,0.30000000000000004,0.15000000000000002
00-0031288,AJ McCarron,QB,2018,2,0.12,0.06
00-0032245,Sean Mannion,QB,2018,3,0.01999999999999999,0.006666666666666664
00-0027057,Brandon Tate,WR,2018,1,0.0,0.0
00-0033111,Pharoh Cooper,WR,2018,7,0.0,0.0
00-0033258,Darrell Daniels,TE,2018,6,0.0,0.0
00-0031953,Geremy Davis,WR,2018,7,0.0,0.0
00-0033968,Stacy Coley,WR,2018,2,0.0,0.0
00-0034206,Quadree Henderson,WR,2018,5,0.0,0.0
00-0034593,Chris Lacy,WR,2018,1,0.0,0.0
00-0034414,Boston Scott,RB,2018,3,0.0,0.0
00-0033006,Jaydon Mickens,WR,2018,6,0.0,0.0
00-0026901,Mike Wallace,WR,2018,1,0.0,0.0
00-0032098,Daniel Brown,TE,2018,1,0.0,0.0
00-0034614,Godwin Igwebuike,RB,2018,2,0.0,0.0
00-0030737,Freddie Martino,WR,2018,1,0.0,0.0
00-0032540,Tra Carson,RB,2018,2,0.0,0.0
00-0033798,Mason Schreck,TE,2018,1,0.0,0.0
00-0034256,Da'Mari Scott,WR,2018,1,0.0,0.0
00-0034449,Buddy Howell,RB,2018,7,0.0,0.0
00-0031462,Jerome Cunningham,TE,2018,1,0.0,0.0
00-0032115,Kaelin Clay,WR,2018,2,0.0,0.0
00-0031884,Gabe Holmes,TE,2018,1,0.0,0.0
00-0032562,Cole Wick,TE,2018,2,0.0,0.0
00-0032935,Johnny Holton,WR,2018,1,0.0,0.0
00-0032475,Tanner McEvoy,WR,2018,1,0.0,0.0
00-0033266,JoJo Natson,WR,2018,16,0.0,0.0
00-0033854,Dare Ogunbowale,RB,2018,1,0.0,0.0
00-0028063,Taiwan Jones,RB,2018,5,0.0,0.0
00-0033112,Temarrick Hemingway,TE,2018,1,0.0,0.0
00-0033376,Patrick Ricard,RB,2018,7,0.0,0.0
00-0026293,Matthew Slater,WR,2018,11,0.0,0.0
00-0034307,Janarion Grant,WR,2018,2,0.0,0.0
00-0031209,Senorise Perry,RB,2018,11,0.0,0.0
00-0032423,Trevor Davis,WR,2018,2,0.0,0.0
00-0033090,Hunter Henry,TE,2018,1,0.0,0.0
00-0033471,Isaiah Ford,WR,2018,1,0.0,0.0
00-0033992,Lance Lenoir,WR,2018,1,0.0,0.0
00-0033773,Riley McCarron,WR,2018,1,0.0,0.0
00-0033117,Bronson Kaufusi,TE,2018,2,0.0,0.0
00-0033596,Matt Dayes,RB,2018,3,0.0,0.0
00-0033552,Brendan Langley,WR,2018,3,0.0,0.0
00-0033581,De'Angelo Henderson Sr.,RB,2018,1,-0.09999999999999987,-0.09999999999999987
00-0033597,Chad Kelly,QB,2018,1,-0.1,-0.1
00-0029677,Brandon Weeden,QB,2018,1,-0.1,-0.1
00-0026625,Brian Hoyer,QB,2018,5,-0.52,-0.10400000000000001
00-0033119,Jacoby Brissett,QB,2018,4,-0.6200000000000001,-0.15500000000000003
00-0029129,Rod Streater,WR,2018,1,-1.1,-1.1
00-0030565,Geno Smith,QB,2018,4,-1.48,-0.37
00-0034369,Kyle Lauletta,QB,2018,1,-2.2,-2.2
00-0032241,Todd Gurley,RB,2017,16,398.40000000000003,24.900000000000002
00-0030496,Le'Veon Bell,RB,2017,16,379.90000000000003,23.743750000000002
00-0019596,Tom Brady,QB,2017,19,371.96000000000004,19.57684210526316
00-0029263,Russell Wilson,QB,2017,16,347.92,21.745
00-0033906,Alvin Kamara,RB,2017,18,345.2,19.177777777777777
00-0027793,Antonio Brown,WR,2017,15,342.5,22.833333333333332
00-0027939,Cam Newton,QB,2017,17,325.14,19.125882352941176
00-0023436,Alex Smith,QB,2017,16,315.04,19.69
00-0030564,DeAndre Hopkins,WR,2017,15,309.8,20.653333333333332
00-0033923,Kareem Hunt,RB,2017,17,308.90000000000003,18.17058823529412
00-0032765,Michael Thomas,WR,2017,18,307.1,17.061111111111114
00-0020531,Drew Brees,QB,2017,18,303.36,16.853333333333335
00-0031407,Blake Bortles,QB,2017,19,297.54,15.660000000000002
00-0022924,Ben Roethlisberger,QB,2017,16,297.42,18.58875
00-0027944,Julio Jones,WR,2017,18,296.7,16.483333333333334
00-0033856,Leonard Fournette,RB,2017,16,289.8,18.1125
00-0032144,Melvin Gordon,RB,2017,16,288.1,18.00625
00-0027966,Mark Ingram,RB,2017,18,286.3,15.905555555555557
00-0027656,Rob Gronkowski,TE,2017,16,283.2,17.7
00-0032950,Carson Wentz,QB,2017,13,281.74,21.672307692307694
00-0027029,LeSean McCoy,RB,2017,17,281.5,16.558823529411764
00-0030279,Keenan Allen,WR,2017,16,278.2,17.3875
00-0029604,Kirk Cousins,QB,2017,16,277.62,17.35125
00-0026498,Matthew Stafford,QB,2017,16,273.64,17.1025
00-0022942,Philip Rivers,QB,2017,16,270.4,16.9
00-0033106,Jared Goff,QB,2017,16,269.62,16.85125
00-0028986,Case Keenum,QB,2017,17,262.64,15.449411764705882
00-0022921,Larry Fitzgerald,WR,2017,16,261.44,16.34
00-0033077,Dak Prescott,QB,2017,16,260.66,16.29125
00-0031382,Jarvis Landry,WR,2017,16,260.0,16.25
00-0032268,Marcus Mariota,QB,2017,17,259.14,15.243529411764705
00-0030035,Adam Thielen,WR,2017,18,258.90000000000003,14.383333333333335
00-0033040,Tyreek Hill,WR,2017,16,256.3,16.01875
00-0026143,Matt Ryan,QB,2017,18,253.72,14.095555555555556
00-0033280,Christian McCaffrey,RB,2017,17,252.3,14.841176470588236
00-0030506,Travis Kelce,TE,2017,16,250.10000000000002,15.631250000000001
00-0029137,Alshon Jeffery,WR,2017,19,247.8,13.042105263157895
00-0031236,Brandin Cooks,WR,2017,19,246.8,12.989473684210527
00-0030061,Zach Ertz,TE,2017,17,245.60000000000002,14.447058823529414
00-0031588,Stefon Diggs,WR,2017,16,238.9,14.93125
00-0028087,Dion Lewis,RB,2017,19,235.6,12.4
00-0031045,Carlos Hyde,RB,2017,16,233.8,14.6125
00-0028118,Tyrod Taylor,QB,2017,16,228.72,14.295
00-0031285,Devonta Freeman,RB,2017,16,228.4,14.275
00-0027942,A.J. Green,WR,2017,16,226.8,14.175
00-0029293,Marvin Jones,WR,2017,16,225.1,14.06875
00-0027891,Golden Tate,WR,2017,16,224.5,14.03125
00-0028434,Doug Baldwin,WR,2017,16,223.3,13.95625
00-0031381,Davante Adams,WR,2017,14,222.5,15.892857142857142
00-0031549,Nelson Agholor,WR,2017,19,222.1,11.689473684210526
00-0032257,Duke Johnson,RB,2017,16,216.1,13.50625
00-0031376,Jerick McKinnon,RB,2017,18,214.70000000000002,11.927777777777779
00-0026035,Danny Amendola,WR,2017,18,212.8,11.822222222222223
00-0027973,Andy Dalton,QB,2017,16,210.70000000000002,13.168750000000001
00-0032055,Devin Funchess,WR,2017,17,206.9,12.170588235294119
00-0031280,Derek Carr,QB,2017,15,206.44,13.762666666666666
00-0033119,Jacoby Brissett,QB,2017,16,205.92000000000002,12.870000000000001
00-0027874,Demaryius Thomas,WR,2017,16,205.9,12.86875
00-0021206,Josh McCown,QB,2017,13,205.44,15.803076923076922
00-0033045,Ezekiel Elliott,RB,2017,10,203.2,20.32
00-0031408,Mike Evans,WR,2017,15,203.1,13.54
00-0031503,Jameis Winston,QB,2017,13,201.66,15.512307692307692
00-0033857,JuJu Smith-Schuster,WR,2017,15,201.2,13.413333333333332
00-0032688,Robbie Chosen,WR,2017,16,200.0,12.5
00-0032780,Jordan Howard,RB,2017,16,199.70000000000002,12.481250000000001
00-0033908,Cooper Kupp,WR,2017,16,197.8,12.3625
00-0024389,Delanie Walker,TE,2017,18,197.8,10.988888888888889
00-0025396,Ted Ginn,WR,2017,17,197.4,11.611764705882353
00-0029632,Mohamed Sanu,WR,2017,17,193.84,11.40235294117647
00-0029615,Lamar Miller,RB,2017,16,193.5,12.09375
00-0032058,Tevin Coleman,RB,2017,17,187.8,11.047058823529412
00-0022803,Eli Manning,QB,2017,15,187.32,12.488
00-0030431,Robert Woods,WR,2017,13,186.5,14.346153846153847
00-0027902,Dez Bryant,WR,2017,16,186.4,11.65
00-0026158,Joe Flacco,QB,2017,16,185.04,11.565
00-0031062,James White,RB,2017,17,180.2,10.6
00-0030513,Latavius Murray,RB,2017,18,177.1,9.838888888888889
00-0029159,Jermaine Kearse,WR,2017,16,176.0,11.0
00-0033899,DeShone Kizer,QB,2017,15,175.66,11.710666666666667
00-0029608,T.Y. Hilton,WR,2017,16,175.6,10.975
00-0027981,Kyle Rudolph,TE,2017,18,175.5,9.75
00-0029854,C.J. Anderson,RB,2017,16,175.1,10.94375
00-0030085,Kenny Stills,WR,2017,16,174.7,10.91875
00-0023500,Frank Gore,RB,2017,16,173.6,10.85
00-0033881,Evan Engram,TE,2017,15,173.6,11.573333333333332
00-0026986,Michael Crabtree,WR,2017,13,171.8,13.215384615384616
00-0028009,DeMarco Murray,RB,2017,15,171.5,11.433333333333334
00-0027696,Jimmy Graham,TE,2017,16,171.0,10.6875
00-0032426,Alex Collins,RB,2017,15,171.0,11.4
00-0032764,Derrick Henry,RB,2017,18,170.0,9.444444444444445
00-0030181,Jack Doyle,TE,2017,15,169.0,11.266666666666667
00-0033537,Deshaun Watson,QB,2017,7,168.86,24.122857142857146
00-0030068,Marquise Goodwin,WR,2017,16,168.6,10.5375
00-0031941,Jamison Crowder,WR,2017,15,166.3,11.086666666666668
00-0031577,Javorius Allen,RB,2017,16,166.1,10.38125
00-0031590,Jay Ajayi,RB,2017,17,164.5,9.676470588235293
00-0029580,Rishard Matthews,WR,2017,16,164.4,10.275
00-0025399,Marshawn Lynch,RB,2017,15,164.20000000000002,10.946666666666667
00-0031431,Marqise Lee,WR,2017,16,162.3,10.14375
00-0028002,Randall Cobb,WR,2017,14,159.4,11.385714285714286
00-0031544,Amari Cooper,WR,2017,14,158.4,11.314285714285715
00-0024226,Jay Cutler,QB,2017,14,157.84,11.274285714285714
00-0030404,Chris Thompson,RB,2017,10,155.4,15.540000000000001
00-0030107,Theo Riddick,RB,2017,16,154.0,9.625
00-0030456,Giovani Bernard,RB,2017,16,151.7,9.48125
00-0026901,Mike Wallace,WR,2017,15,151.20000000000002,10.080000000000002
00-0031257,Paul Richardson,WR,2017,16,150.3,9.39375
00-0031325,Sammy Watkins,WR,2017,16,149.6,9.35
00-0022127,Jason Witten,TE,2017,16,149.0,9.3125
00-0031373,Martavis Bryant,WR,2017,16,148.3,9.26875
00-0028237,Chris Hogan,WR,2017,12,146.2,12.183333333333332
00-0033556,Tarik Cohen,RB,2017,16,146.14,9.13375
00-0028064,Bilal Powell,RB,2017,15,145.2,9.68
00-0032385,Sterling Shepard,WR,2017,11,144.5,13.136363636363637
00-0033681,Keelan Cole,WR,2017,19,144.0,7.578947368421052
00-0030656,Isaiah Crowell,RB,2017,16,143.5,8.96875
00-0031273,Cameron Brate,TE,2017,16,143.1,8.94375
00-0033948,Jamaal Williams,RB,2017,15,142.8,9.520000000000001
00-0033118,Kenyan Drake,RB,2017,16,142.3,8.89375
00-0033897,Joe Mixon,RB,2017,14,141.3,10.092857142857143
00-0027690,Eric Decker,WR,2017,18,140.9,7.827777777777778
00-0027325,LeGarrette Blount,RB,2017,19,138.6,7.294736842105263
00-0026189,DeSean Jackson,WR,2017,14,138.6,9.9
00-0032160,Tyrell Williams,WR,2017,16,137.8,8.6125
00-0030860,Orleans Darkwa,RB,2017,15,137.70000000000002,9.180000000000001
00-0030288,Rex Burkhead,RB,2017,12,137.7,11.475
00-0022943,Benjamin Watson,TE,2017,16,137.2,8.575
00-0026176,Jordy Nelson,WR,2017,14,137.2,9.799999999999999
00-0033869,Mitchell Trubisky,QB,2017,12,134.52,11.21
00-0031359,Kelvin Benjamin,WR,2017,15,134.0,8.933333333333334
00-0027061,Jared Cook,TE,2017,16,132.8,8.3
00-0031387,Eric Ebron,TE,2017,16,132.4,8.275
00-0031547,DeVante Parker,WR,2017,13,130.0,10.0
00-0023459,Aaron Rodgers,QB,2017,7,129.6,18.514285714285712
00-0032009,Adam Humphries,WR,2017,16,128.70000000000002,8.043750000000001
00-0033090,Hunter Henry,TE,2017,12,126.9,10.575000000000001
00-0029708,Kendall Wright,WR,2017,15,126.4,8.426666666666668
00-0031068,Ryan Grant,WR,2017,16,126.30000000000001,7.893750000000001
00-0032156,Trevor Siemian,QB,2017,11,126.1,11.463636363636363
00-0033725,Corey Clement,RB,2017,18,125.60000000000001,6.977777777777778
00-0027996,Torrey Smith,WR,2017,19,125.4,6.6000000000000005
00-0032392,Austin Hooper,TE,2017,18,125.4,6.966666666666667
00-0027681,Brandon LaFell,WR,2017,16,124.80000000000001,7.800000000000001
00-0031589,Brett Hundley,QB,2017,11,124.44000000000001,11.312727272727274
00-0032104,Ameer Abdullah,RB,2017,14,124.4,8.885714285714286
00-0032214,Tyler Kroft,TE,2017,16,124.4,7.775
00-0029269,Travis Benjamin,WR,2017,16,124.3,7.76875
00-0026153,Jonathan Stewart,RB,2017,16,122.3,7.64375
00-0024221,Vernon Davis,TE,2017,16,121.8,7.6125
00-0028112,Charles Clay,TE,2017,14,121.30000000000001,8.664285714285715
00-0030669,Albert Wilson,WR,2017,14,120.6,8.614285714285714
00-0026184,Matt Forte,RB,2017,12,120.4,10.033333333333333
00-0032760,Josh Doctson,WR,2017,15,119.8,7.986666666666666
00-0032211,Tyler Lockett,WR,2017,16,118.30000000000001,7.393750000000001
00-0030821,Allen Hurns,WR,2017,13,115.60000000000001,8.892307692307693
00-0027685,Emmanuel Sanders,WR,2017,12,114.5,9.541666666666666
00-0033127,Will Fuller,WR,2017,10,113.2,11.32
00-0030542,Terrance Williams,WR,2017,16,111.3,6.95625
00-0029388,Deonte Thompson,WR,2017,17,110.2,6.482352941176471
00-0032209,T.J. Yeldon,RB,2017,12,109.5,9.125
00-0033526,Samaje Perine,RB,2017,13,108.5,8.346153846153847
00-0033699,Austin Ekeler,RB,2017,14,106.9,7.635714285714286
00-0033288,George Kittle,TE,2017,15,106.5,7.1
00-0033950,Wayne Gallman,RB,2017,13,104.9,8.069230769230769
00-0033308,Matt Breida,RB,2017,16,103.5,6.46875
00-0033951,Marlon Mack,RB,2017,14,103.30000000000001,7.378571428571429
00-0030300,Jaron Brown,WR,2017,16,102.7,6.41875
00-0021429,Carson Palmer,QB,2017,7,102.32000000000001,14.617142857142857
00-0026995,Jeremy Maclin,WR,2017,12,102.0,8.5
00-0031418,Austin Seferian-Jenkins,TE,2017,13,101.7,7.823076923076924
00-0029567,Nick Foles,QB,2017,10,101.52000000000001,10.152000000000001
00-0033879,O.J. Howard,TE,2017,13,101.2,7.7846153846153845
00-0032135,Jesse James,TE,2017,15,100.4,6.693333333333333
00-0033871,Corey Davis,WR,2017,13,100.30000000000001,7.715384615384616
00-0024243,Marcedes Lewis,TE,2017,19,99.9,5.257894736842106
00-0033292,Trent Taylor,WR,2017,15,98.0,6.533333333333333
00-0028067,Julius Thomas,TE,2017,14,97.8,6.985714285714286
00-0032602,J.D. McKissic,RB,2017,12,97.30000000000001,8.108333333333334
00-0033885,David Njoku,TE,2017,16,94.7,5.91875
00-0033932,Kenny Golladay,WR,2017,11,94.6,8.6
00-0032112,J.J. Nelson,WR,2017,16,93.5,5.84375
00-0033921,Chris Godwin Jr.,WR,2017,15,92.5,6.166666666666667
00-0031900,Rod Smith,RB,2017,13,92.4,7.107692307692308
00-0032200,Ty Montgomery,WR,2017,8,91.6,11.45
00-0029000,Cole Beasley,WR,2017,15,91.4,6.093333333333334
00-0032972,Devontae Booker,RB,2017,13,91.4,7.0307692307692315
00-0031166,Seth Roberts,WR,2017,15,90.5,6.033333333333333
00-0033025,Jalen Richard,RB,2017,16,90.10000000000001,5.6312500000000005
00-0026345,Pierre Garcon,WR,2017,8,90.0,11.25
00-0032659,Roger Lewis,WR,2017,15,89.60000000000001,5.973333333333334
00-0033936,C.J. Beathard,QB,2017,6,88.8,14.799999999999999
00-0031345,Jimmy Garoppolo,QB,2017,6,87.9,14.65
00-0030287,Andre Ellington,RB,2017,11,87.4,7.945454545454546
00-0030710,Trey Burton,TE,2017,17,86.03999999999999,5.061176470588235
00-0030578,Cordarrelle Patterson,RB,2017,16,86.0,5.375
00-0032741,Peyton Barber,RB,2017,14,85.7,6.121428571428572
00-0032940,DeAndre Washington,RB,2017,15,85.0,5.666666666666667
00-0027531,Chris Ivory,RB,2017,15,84.9,5.66
00-0031228,Taylor Gabriel,WR,2017,17,84.1,4.947058823529411
00-0027994,Shane Vereen,RB,2017,16,83.7,5.23125
00-0033839,Dede Westbrook,WR,2017,10,82.4,8.24
00-0030670,Bennie Fowler,WR,2017,16,82.0,5.125
00-0030801,Brandon Coleman,WR,2017,16,81.80000000000001,5.112500000000001
00-0027675,Ed Dickson,TE,2017,15,81.0,5.4
00-0033293,Aaron Jones,RB,2017,10,80.0,8.0
00-0021547,Antonio Gates,TE,2017,16,79.6,4.975
00-0025394,Adrian Peterson,RB,2017,10,78.9,7.890000000000001
00-0028903,Garrett Celek,TE,2017,14,78.6,5.614285714285714
00-0033295,Elijah McGuire,RB,2017,15,78.2,5.213333333333334
00-0031189,T.J. Jones,WR,2017,13,77.9,5.992307692307692
00-0027873,Jermaine Gresham,TE,2017,14,77.2,5.514285714285714
00-0031339,Donte Moncrief,WR,2017,12,77.1,6.425
00-0033080,Seth DeValve,TE,2017,16,76.5,4.78125
00-0029613,Doug Martin,RB,2017,11,76.0,6.909090909090909
00-0031326,Bruce Ellington,WR,2017,11,75.7,6.881818181818182
00-0030668,Charcandrick West,RB,2017,13,75.30000000000001,5.792307692307693
00-0033891,Zay Jones,WR,2017,15,74.60000000000001,4.973333333333334
00-0031235,Odell Beckham Jr.,WR,2017,4,74.0,18.5
00-0023682,Ryan Fitzpatrick,QB,2017,6,73.92,12.32
00-0031390,Charles Sims,RB,2017,15,73.4,4.8933333333333335
00-0029141,Alfred Morris,RB,2017,13,72.2,5.553846153846154
00-0031051,John Brown,WR,2017,10,69.9,6.99
00-0030433,Mike Gillislee,RB,2017,9,68.8,7.644444444444444
00-0032977,Rashard Higgins,WR,2017,14,68.6,4.8999999999999995
00-0032117,Nick O'Leary,TE,2017,14,68.4,4.885714285714286
00-0029319,Josh Bellamy,WR,2017,11,68.2,6.2
00-0029682,Brock Osweiler,QB,2017,6,67.92,11.32
00-0030117,Kerwynn Williams,RB,2017,16,67.9,4.24375
00-0026213,Jamaal Charles,RB,2017,13,67.5,5.1923076923076925
00-0029572,Jarius Wright,WR,2017,14,66.9,4.778571428571429
00-0025418,Greg Olsen,TE,2017,8,66.80000000000001,8.350000000000001
00-0032966,Corey Coleman,WR,2017,9,65.5,7.277777777777778
00-0033893,Dalvin Cook,RB,2017,4,65.4,16.35
00-0028411,Dontrelle Inman,WR,2017,10,65.3,6.529999999999999
00-0032725,Stephen Anderson,TE,2017,14,65.2,4.6571428571428575
00-0030516,Brice Butler,WR,2017,13,64.7,4.976923076923077
00-0026625,Brian Hoyer,QB,2017,11,63.78,5.798181818181818
00-0029697,Coby Fleener,TE,2017,11,63.5,5.7727272727272725
00-0033079,Ricardo Louis,WR,2017,14,62.7,4.478571428571429
00-0033110,Tyler Higbee,TE,2017,15,62.6,4.173333333333334
00-0031344,Cody Latimer,WR,2017,11,61.7,5.609090909090909
00-0027948,Blaine Gabbert,QB,2017,5,61.64,12.328
00-0031570,Justin Hardy,WR,2017,12,61.4,5.116666666666666
00-0030091,Tavarres King,WR,2017,8,60.300000000000004,7.5375000000000005
00-0030472,Jordan Reed,TE,2017,6,60.099999999999994,10.016666666666666
00-0030470,Vance McDonald,TE,2017,11,60.0,5.454545454545454
00-0032398,Chris Moore,WR,2017,13,59.900000000000006,4.607692307692308
00-0030874,Damien Williams,RB,2017,10,59.6,5.96
00-0029587,Rhett Ellison,TE,2017,14,59.5,4.25
00-0026201,Martellus Bennett,TE,2017,9,58.6,6.511111111111111
00-0026019,Danny Woodhead,RB,2017,8,58.6,7.325
00-0032355,Chester Rogers,WR,2017,10,58.2,5.82
00-0032775,Demarcus Robinson,WR,2017,11,57.9,5.263636363636364
00-0027006,Kenny Britt,WR,2017,12,57.6,4.8
00-0029664,Josh Gordon,WR,2017,5,57.5,11.5
00-0031299,Jordan Matthews,TE,2017,10,57.2,5.720000000000001
00-0033925,D'Onta Foreman,RB,2017,9,57.0,6.333333333333333
00-0028116,Aldrick Robinson,WR,2017,14,57.0,4.071428571428571
00-0029795,Benny Cunningham,RB,2017,14,56.9,4.064285714285714
00-0033009,Tyler Boyd,WR,2017,10,56.5,5.65
00-0027125,Zach Miller,TE,2017,8,55.6,6.95
00-0031609,A.J. Derby,TE,2017,11,55.4,5.036363636363636
00-0030089,Luke Willson,TE,2017,14,54.3,3.8785714285714286
00-0031731,Corey Grant,RB,2017,17,53.300000000000004,3.1352941176470592
00-0033895,Gerald Everett,TE,2017,15,53.1,3.54
00-0029738,Darren Fells,TE,2017,14,52.7,3.7642857142857147
00-0033911,Taywan Taylor,WR,2017,18,52.300000000000004,2.905555555555556
00-0032063,Mike Davis,RB,2017,6,52.1,8.683333333333334
00-0030216,Josh Hill,TE,2017,14,52.0,3.7142857142857144
00-0030525,Tavon Austin,WR,2017,14,50.7,3.6214285714285714
00-0031064,Tom Savage,QB,2017,8,50.68000000000001,6.335000000000001
00-0030155,Demetrius Harris,TE,2017,14,50.6,3.6142857142857143
00-0033858,Jonnu Smith,TE,2017,16,50.6,3.1625
00-0025430,Drew Stanton,QB,2017,5,50.459999999999994,10.091999999999999
00-0031598,Nick Boyle,TE,2017,15,50.300000000000004,3.3533333333333335
00-0033611,Ricky Seals-Jones,TE,2017,8,50.1,6.2625
00-0028825,Terrelle Pryor,WR,2017,8,50.0,6.25
00-0028091,Jeremy Kerley,WR,2017,8,49.7,6.2125
00-0031782,Eli Rogers,WR,2017,13,48.1,3.7
00-0028083,Jacquizz Rodgers,RB,2017,16,46.8,2.925
00-0032782,Wendell Smallwood,RB,2017,8,46.7,5.8375
00-0033555,Mack Hollins,WR,2017,14,46.5,3.3214285714285716
00-0031025,Michael Campanaro,WR,2017,13,46.5,3.576923076923077
00-0032791,Jakeem Grant,WR,2017,15,46.5,3.1
00-0032626,Geronimo Allison,WR,2017,12,46.300000000000004,3.858333333333334
00-0031806,Malcolm Brown,RB,2017,12,46.3,3.858333333333333
00-0030147,Russell Shepard,WR,2017,16,45.1,2.81875
00-0032935,Johnny Holton,WR,2017,14,44.800000000000004,3.2
00-0031075,Alfred Blue,RB,2017,9,44.6,4.955555555555556
00-0027985,Lance Kendricks,TE,2017,14,44.3,3.164285714285714
00-0032371,Rob Kelley,RB,2017,7,43.2,6.171428571428572
00-0028263,Andre Holmes,WR,2017,10,43.0,4.3
00-0033896,Adam Shaheen,TE,2017,7,42.7,6.1000000000000005
00-0033307,Kendrick Bourne,WR,2017,10,41.7,4.17
00-0025708,Matt Moore,QB,2017,4,41.34,10.335
00-0033069,Braxton Miller,WR,2017,10,41.300000000000004,4.130000000000001
00-0031060,De'Anthony Thomas,WR,2017,14,40.7,2.9071428571428575
00-0031102,Kapri Bibbs,RB,2017,3,40.7,13.566666666666668
00-0032951,Laquon Treadwell,WR,2017,14,40.0,2.857142857142857
00-0033594,Chris Carson,RB,2017,4,39.7,9.925
00-0031951,James O'Shaughnessy,TE,2017,18,39.2,2.177777777777778
00-0032208,Phillip Dorsett,WR,2017,13,39.1,3.0076923076923077
00-0028142,Virgil Green,TE,2017,11,39.1,3.5545454545454547
00-0030422,Dion Sims,TE,2017,12,39.0,3.25
00-0032543,Alex Erickson,WR,2017,16,37.6,2.35
00-0029205,Travaris Cadet,RB,2017,7,37.5,5.357142857142857
00-0030108,Ryan Griffin,TE,2017,6,36.8,6.133333333333333
00-0032227,Jeff Heuerman,TE,2017,10,35.2,3.5200000000000005
00-0028090,T.J. Yates,QB,2017,4,34.02,8.505
00-0031384,Richard Rodgers,TE,2017,10,34.0,3.4
00-0032784,Kevin Hogan,QB,2017,4,33.78,8.445
00-0030520,Mike Glennon,QB,2017,4,33.72,8.43
00-0031868,Damiere Byrd,WR,2017,8,33.7,4.2125
00-0025549,Brent Celek,TE,2017,14,33.6,2.4
00-0024334,Brandon Marshall,WR,2017,5,33.400000000000006,6.6800000000000015
00-0033282,Curtis Samuel,WR,2017,8,32.9,4.1125
00-0030443,Levine Toilolo,TE,2017,12,32.4,2.6999999999999997
00-0032577,D.J. Foster,RB,2017,7,32.2,4.6000000000000005
00-0031897,Thomas Rawls,RB,2017,9,32.1,3.566666666666667
00-0033748,Tion Green,RB,2017,5,31.900000000000002,6.380000000000001
00-0032394,Nick Vannett,TE,2017,10,30.4,3.04
00-0031044,Troy Niklas,TE,2017,11,30.200000000000003,2.7454545454545456
00-0024268,Anthony Fasano,TE,2017,11,28.7,2.609090909090909
00-0030485,Eddie Lacy,RB,2017,9,28.6,3.177777777777778
00-0032881,Tommylee Lewis,WR,2017,16,28.6,1.7875
00-0032128,Chris Conley,WR,2017,5,28.5,5.7
00-0028497,Kamar Aiken,WR,2017,14,28.3,2.0214285714285714
00-0031558,Maxx Williams,TE,2017,10,28.200000000000003,2.8200000000000003
00-0031375,Terrance West,RB,2017,5,28.1,5.62
00-0033943,Josh Reynolds,WR,2017,11,27.4,2.4909090909090907
00-0031697,Jordan Taylor,WR,2017,10,27.2,2.7199999999999998
00-0027854,Sam Bradford,QB,2017,2,26.98,13.49
00-0031302,C.J. Fiedorowicz,TE,2017,5,26.700000000000003,5.340000000000001
00-0031690,Eric Tomlinson,TE,2017,9,26.1,2.9000000000000004
00-0027089,Louis Murphy,WR,2017,6,26.1,4.3500000000000005
00-0032098,Daniel Brown,TE,2017,10,25.900000000000002,2.5900000000000003
00-0029273,Robert Turbin,RB,2017,6,25.9,4.316666666666666
00-0033006,Jaydon Mickens,WR,2017,12,25.700000000000003,2.141666666666667
00-0032430,David Morgan,TE,2017,9,25.5,2.8333333333333335
00-0029394,Brenton Bersin,WR,2017,7,25.5,3.642857142857143
00-0031568,Bryce Petty,QB,2017,4,25.259999999999998,6.3149999999999995
00-0032134,C.J. Uzomah,TE,2017,12,25.2,2.1
00-0029793,Brandon Williams,TE,2017,10,25.1,2.5100000000000002
00-0029689,Dwayne Allen,TE,2017,12,24.6,2.0500000000000003
00-0032115,Kaelin Clay,WR,2017,14,23.4,1.6714285714285713
00-0028093,Niles Paul,TE,2017,11,22.8,2.0727272727272728
00-0030663,Willie Snead,WR,2017,10,22.7,2.27
00-0032123,Tre McBride,WR,2017,6,22.400000000000002,3.733333333333334
00-0030465,Kenjon Barner,RB,2017,16,22.3,1.39375
00-0032417,Paul Perkins,RB,2017,8,21.6,2.7
00-0031260,Logan Thomas,TE,2017,6,21.2,3.533333333333333
00-0032139,Ben Koyack,TE,2017,9,21.0,2.3333333333333335
00-0026164,Chris Johnson,RB,2017,4,20.700000000000003,5.175000000000001
00-0033536,Mike Williams,WR,2017,9,20.500000000000004,2.277777777777778
00-0023564,Darren Sproles,RB,2017,3,20.400000000000002,6.800000000000001
00-0027057,Brandon Tate,WR,2017,14,20.1,1.4357142857142857
00-0033111,Pharoh Cooper,WR,2017,17,20.0,1.1764705882352942
00-0029492,Jamize Olawale,RB,2017,7,19.6,2.8000000000000003
00-0031076,David Fales,QB,2017,2,19.4,9.7
00-0029634,James Hanna,TE,2017,10,18.8,1.8800000000000001
00-0033859,Josh Malone,WR,2017,9,18.5,2.0555555555555554
00-0033840,Chad Hansen,WR,2017,8,18.4,2.3
00-0033717,Travis Rudolph,WR,2017,6,18.1,3.016666666666667
00-0033043,Austin Traylor,TE,2017,5,18.0,3.6
00-0029638,Michael Floyd,WR,2017,11,17.8,1.6181818181818182
00-0029731,Fozzy Whittaker,RB,2017,11,17.8,1.6181818181818182
00-0032054,Breshad Perriman,WR,2017,11,17.7,1.6090909090909091
00-0032250,Kasen Williams,WR,2017,6,17.400000000000002,2.9000000000000004
00-0032429,Jerell Adams,TE,2017,9,17.200000000000003,1.9111111111111114
00-0031301,Jeremy Hill,RB,2017,7,17.200000000000003,2.4571428571428577
00-0033376,Patrick Ricard,RB,2017,6,17.2,2.8666666666666667
00-0027732,Michael Hoomanawanui,TE,2017,9,17.2,1.911111111111111
00-0029239,Brandon Bolden,RB,2017,12,17.1,1.425
00-0032256,Clive Walford,TE,2017,6,17.0,2.8333333333333335
00-0032393,C.J. Prosise,RB,2017,4,17.0,4.25
00-0033916,ArDarius Stewart,WR,2017,12,16.900000000000002,1.4083333333333334
00-0031277,Branden Oliver,RB,2017,8,16.9,2.1125
00-0028011,Stevan Ridley,RB,2017,2,16.8,8.4
00-0031599,Cameron Artis-Payne,RB,2017,8,16.700000000000003,2.0875000000000004
00-0032839,Hunter Sharp,WR,2017,3,16.4,5.466666666666666
00-0032362,Maurice Harris,WR,2017,4,16.2,4.05
00-0026983,Darrius Heyward-Bey,WR,2017,11,15.9,1.4454545454545455
00-0028097,Lee Smith,TE,2017,10,15.600000000000001,1.56
00-0031682,Terron Ward,RB,2017,8,15.3,1.9125
00-0029119,Derek Carrier,TE,2017,9,15.100000000000001,1.677777777777778
00-0033937,Amara Darboh,WR,2017,8,15.1,1.8875
00-0033108,Paxton Lynch,QB,2017,2,14.8,7.4
00-0032319,Ross Travis,TE,2017,11,14.600000000000001,1.3272727272727274
00-0030737,Freddie Martino,WR,2017,7,14.600000000000001,2.085714285714286
00-0033553,James Conner,RB,2017,12,14.400000000000002,1.2000000000000002
00-0033114,Mike Thomas,WR,2017,6,14.3,2.3833333333333333
00-0032120,Neal Sterling,TE,2017,6,14.200000000000001,2.3666666666666667
00-0031035,Xavier Grimble,TE,2017,9,14.2,1.5777777777777777
00-0030526,EJ Manuel,QB,2017,2,14.1,7.05
00-0033094,Marvin Hall,WR,2017,6,14.0,2.3333333333333335
00-0033060,Leonte Carroo,WR,2017,4,13.9,3.475
00-0028987,Phillip Supernaw,TE,2017,10,13.9,1.3900000000000001
00-0029640,Brian Quick,WR,2017,6,13.6,2.2666666666666666
00-0032724,Bryce Treggs,WR,2017,6,13.5,2.25
00-0033855,Chris Thompson,WR,2017,12,13.4,1.1166666666666667
00-0032423,Trevor Davis,WR,2017,15,13.3,0.8866666666666667
00-0032166,Sammie Coates,WR,2017,7,13.000000000000002,1.8571428571428574
00-0032187,David Johnson,RB,2017,1,13.0,13.0
00-0032404,Tyler Ervin,RB,2017,4,13.0,3.25
00-0028042,Luke Stocker,TE,2017,5,13.0,2.6
00-0033581,De'Angelo Henderson Sr.,RB,2017,3,12.9,4.3
00-0031560,Jaelen Strong,WR,2017,2,12.8,6.4
00-0032964,Byron Marshall,RB,2017,4,12.8,3.2
00-0032475,Tanner McEvoy,WR,2017,10,12.3,1.23
00-0030521,Justin Hunter,WR,2017,5,12.3,2.46
00-0029004,Lance Dunbar,RB,2017,2,12.2,6.1
00-0029336,Brittan Golden,WR,2017,9,12.0,1.3333333333333333
00-0033838,Trey Edmunds,RB,2017,7,10.8,1.542857142857143
00-0032745,Alan Cross,TE,2017,5,10.8,2.16
00-0033562,Ryan Switzer,WR,2017,16,10.600000000000001,0.6625000000000001
00-0033873,Patrick Mahomes,QB,2017,1,10.36,10.36
00-0028012,Ryan Mallett,QB,2017,2,9.94,4.97
00-0033387,Jacob Hollister,TE,2017,14,9.7,0.6928571428571428
00-0030565,Geno Smith,QB,2017,2,9.680000000000001,4.840000000000001
00-0033434,Bobo Wilson,WR,2017,3,9.600000000000001,3.2000000000000006
00-0028581,Patrick DiMarco,RB,2017,10,9.6,0.96
00-0032980,Marcus Johnson,WR,2017,6,9.5,1.5833333333333333
00-0033933,Chad Williams,WR,2017,6,9.4,1.5666666666666667
00-0031743,Akeem Hunt,RB,2017,14,9.4,0.6714285714285715
00-0033567,Brian Hill,RB,2017,4,9.3,2.325
00-0033528,Jeremy Sprinkle,TE,2017,3,9.3,3.1
00-0029391,Sean McGrath,TE,2017,5,8.6,1.72
00-0030549,Tyler Eifert,TE,2017,2,8.6,4.3
00-0031665,Zach Zenner,RB,2017,7,8.6,1.2285714285714284
00-0033559,Michael Roberts,TE,2017,6,8.6,1.4333333333333333
00-0030524,Landry Jones,QB,2017,3,8.56,2.8533333333333335
00-0033958,Nathan Peterman,QB,2017,5,8.5,1.7
00-0033596,Matt Dayes,RB,2017,13,8.200000000000001,0.6307692307692309
00-0030460,Markus Wheaton,WR,2017,7,8.100000000000001,1.1571428571428573
00-0033352,Michael Clark,WR,2017,2,8.1,4.05
00-0032450,Dwayne Washington,RB,2017,5,7.800000000000001,1.56
00-0032004,Will Tye,TE,2017,2,7.800000000000001,3.9000000000000004
00-0031021,Jared Abbrederis,WR,2017,4,7.4,1.85
00-0033466,Isaiah McKenzie,WR,2017,11,7.300000000000001,0.6636363636363637
00-0033591,Noah Brown,WR,2017,7,7.300000000000001,1.042857142857143
00-0029414,Orson Charles,TE,2017,4,7.3,1.825
00-0032792,Nate Sudfeld,QB,2017,2,7.16,3.58
00-0029384,Bobby Rainey,RB,2017,4,7.0,1.75
00-0031514,Quan Bray,WR,2017,9,6.9,0.7666666666666667
00-0032062,Blake Bell,TE,2017,3,6.9,2.3000000000000003
00-0031959,Marcus Murphy,RB,2017,1,6.800000000000001,6.800000000000001
00-0031533,Randall Telfer,TE,2017,4,6.6,1.65
00-0033633,Tanner Gentry,WR,2017,4,6.5,1.625
00-0032130,Jalston Fowler,RB,2017,3,6.3999999999999995,2.1333333333333333
00-0029033,Griff Whalen,WR,2017,2,6.300000000000001,3.1500000000000004
00-0032188,Vince Mayle,TE,2017,12,6.2,0.5166666666666667
00-0029848,Nick Williams,WR,2017,2,6.0,3.0
00-0030743,Bernard Reedy,WR,2017,11,5.800000000000001,0.5272727272727273
00-0033413,De'Veon Smith,RB,2017,1,5.7,5.7
00-0029740,Ifeanyi Momah,TE,2017,6,5.6000000000000005,0.9333333333333335
00-0033258,Darrell Daniels,TE,2017,7,5.6,0.7999999999999999
00-0028702,Chris Matthews,WR,2017,4,5.5,1.375
00-0031332,Fitzgerald Toussaint,RB,2017,4,5.4,1.35
00-0033266,JoJo Natson,WR,2017,7,5.300000000000001,0.7571428571428572
00-0032245,Sean Mannion,QB,2017,5,5.2,1.04
00-0032377,Josh Ferguson,RB,2017,5,5.1,1.02
00-0033514,Emanuel Byrd,TE,2017,1,5.1,5.1
00-0032048,Mack Brown,RB,2017,3,5.0,1.6666666666666667
00-0032794,Danny Vitale,RB,2017,9,4.9,0.5444444444444445
00-0027796,Joe Webb,QB,2017,9,4.800000000000001,0.5333333333333334
00-0033572,Jamal Agnew,WR,2017,13,4.7,0.36153846153846153
00-0032141,Geoff Swaim,TE,2017,4,4.5,1.125
00-0033421,Antony Auclair,TE,2017,4,4.5,1.125
00-0031209,Senorise Perry,RB,2017,8,4.300000000000001,0.5375000000000001
00-0030780,Ryan Hewitt,TE,2017,4,4.2,1.05
00-0033464,Jehu Chesson,WR,2017,7,3.8,0.5428571428571428
00-0031484,Chris Manhertz,TE,2017,5,3.7,0.74
00-0031801,Jordan Leslie,WR,2017,1,3.6,3.6
00-0033315,Cole Hikutini,TE,2017,2,3.5,1.75
00-0031511,DeAndrew White,WR,2017,2,3.4000000000000004,1.7000000000000002
00-0029878,MarQueis Gray,TE,2017,7,3.4,0.4857142857142857
00-0032656,Darius Powe,WR,2017,1,3.3,3.3
00-0031001,Jeff Janis,WR,2017,8,3.2,0.4
00-0033573,Shelton Gibson,WR,2017,3,3.1,1.0333333333333334
00-0033104,Cody Kessler,QB,2017,3,2.94,0.98
00-0031428,Allen Robinson,WR,2017,1,2.7,2.7
00-0031288,AJ McCarron,QB,2017,2,2.64,1.32
00-0031545,Kevin White,WR,2017,1,2.6,2.6
00-0031055,Andre Williams,RB,2017,2,2.5000000000000004,1.2500000000000002
00-0023662,Matt Cassel,QB,2017,2,2.4800000000000004,1.2400000000000002
00-0027654,Arrelious Benn,WR,2017,5,2.2,0.44000000000000006
00-0027321,Jeff Cumberland,TE,2017,5,2.2,0.44000000000000006
00-0027691,Andre Roberts,WR,2017,18,2.2,0.12222222222222223
00-0030711,David Fluellen,RB,2017,9,2.1,0.23333333333333334
00-0032464,Kalif Raymond,WR,2017,8,2.1,0.2625
00-0028063,Taiwan Jones,RB,2017,5,2.1,0.42000000000000004
00-0030290,Cobi Hamilton,WR,2017,2,1.8,0.9
00-0026224,Harry Douglas,WR,2017,1,1.8,1.8
00-0031834,Larry Pinkard,WR,2017,2,1.5,0.75
00-0024535,Eric Weems,WR,2017,12,1.5,0.125
00-0031939,Matt Jones,RB,2017,2,1.4000000000000001,0.7000000000000001
00-0033384,LeShun Daniels,RB,2017,2,1.4000000000000001,0.7000000000000001
00-0032937,Max McCaffrey,WR,2017,2,1.4,0.7
00-0033095,Garrett Griffin,TE,2017,2,1.4,0.7
00-0033662,Cooper Rush,QB,2017,2,1.3800000000000001,0.6900000000000001
00-0028595,Scott Tolzien,QB,2017,1,1.32,1.32
00-0032959,Charone Peake,WR,2017,1,1.3,1.3
00-0032650,Ryan Malleck,TE,2017,1,1.3,1.3
00-0033304,Devante Mays,RB,2017,2,1.1,0.55
00-0031315,Matt Hazel,WR,2017,2,1.1,0.55
00-0031687,Raheem Mostert,RB,2017,9,1.0000000000000002,0.11111111111111113
00-0031793,Terrell Watson,RB,2017,7,0.8,0.1142857142857143
00-0031800,Taylor Heinicke,QB,2017,1,0.6000000000000001,0.6000000000000001
00-0023645,Derek Anderson,QB,2017,4,0.48000000000000004,0.12000000000000001
00-0032630,Joe Callahan,QB,2017,1,0.44,0.44
00-0033760,Justin Davis,RB,2017,1,0.1,0.1
00-0033296,Alex Armah,RB,2017,3,0.0,0.0
00-0032926,K.J. Brent,WR,2017,1,0.0,0.0
00-0028121,Jordan Todman,RB,2017,9,0.0,0.0
00-0033576,Eric Saubert,TE,2017,3,0.0,0.0
00-0032689,Jason Vander Laan,TE,2017,2,0.0,0.0
00-0032804,Daniel Lasco,RB,2017,1,0.0,0.0
00-0032523,Henry Krieger-Coble,TE,2017,1,0.0,0.0
00-0027139,John Phillips,TE,2017,1,0.0,0.0
00-0033449,Isaac Whitney,WR,2017,1,0.0,0.0
00-0027861,C.J. Spiller,RB,2017,1,0.0,0.0
00-0026293,Matthew Slater,WR,2017,8,0.0,0.0
00-0027215,Logan Paulsen,TE,2017,3,0.0,0.0
00-0031744,Matt LaCosse,TE,2017,1,0.0,0.0
00-0032661,Ben Braunecker,TE,2017,5,0.0,0.0
00-0033604,Krishawn Hogan,WR,2017,2,0.0,0.0
00-0032707,Andy Jones,WR,2017,1,0.0,0.0
00-0033087,Marquis Bundy,WR,2017,1,0.0,0.0
00-0033306,Victor Bolden,WR,2017,8,0.0,0.0
00-0033955,Jeremy McNichols,RB,2017,1,0.0,0.0
00-0033552,Brendan Langley,WR,2017,5,0.0,0.0
00-0033763,Evan Baylis,TE,2017,1,0.0,0.0
00-0032705,Ed Eagan,WR,2017,4,0.0,0.0
00-0033338,Cethan Carter,TE,2017,6,0.0,0.0
00-0033968,Stacy Coley,WR,2017,2,0.0,0.0
00-0029091,Bradley Sowell,TE,2017,4,0.0,0.0
00-0033357,Taysom Hill,TE,2017,3,0.0,0.0
00-0033481,Marcus Kemp,WR,2017,1,0.0,0.0
00-0031884,Gabe Holmes,TE,2017,1,0.0,0.0
00-0032621,Rashawn Scott,WR,2017,1,0.0,0.0
00-0028114,Dwayne Harris,WR,2017,5,0.0,0.0
00-0032553,Jace Billingsley,WR,2017,1,0.0,0.0
00-0033117,Bronson Kaufusi,TE,2017,3,0.0,0.0
00-0032795,Cody Core,WR,2017,7,0.0,0.0
00-0028957,Austin Davis,QB,2017,1,-0.1,-0.1
00-0026544,Chase Daniel,QB,2017,1,-0.2,-0.2
00-0026144,Darren McFadden,RB,2017,1,-0.2,-0.2
00-0032298,Bronson Hill,RB,2017,2,-0.2,-0.1
00-0026197,Chad Henne,QB,2017,2,-0.5,-0.25
00-0033460,John Ross,WR,2017,3,-0.7999999999999998,-0.2666666666666666
00-0032431,Jake Rudock,QB,2017,3,-1.04,-0.3466666666666667
00-0024264,Kellen Clemens,QB,2017,3,-1.0599999999999998,-0.3533333333333333
00-0030151,Tyler Bray,QB,2017,1,-2.0,-2.0
00-0031237,Teddy Bridgewater,QB,2017,1,-2.3,-2.3
00-0023459,Aaron Rodgers,QB,2016,19,458.38,24.125263157894736
00-0026143,Matt Ryan,QB,2016,19,430.02,22.632631578947368
00-0032187,David Johnson,RB,2016,16,407.8,25.4875
00-0030496,Le'Veon Bell,RB,2016,15,369.40000000000003,24.62666666666667
00-0027793,Antonio Brown,WR,2016,18,368.2,20.455555555555556
00-0031285,Devonta Freeman,RB,2016,19,345.1,18.163157894736845
00-0033045,Ezekiel Elliott,RB,2016,16,338.7,21.16875
00-0020531,Drew Brees,QB,2016,16,332.32,20.77
00-0027944,Julio Jones,WR,2016,17,330.3,19.429411764705883
00-0019596,Tom Brady,QB,2016,15,329.34000000000003,21.956000000000003
00-0026176,Jordy Nelson,WR,2016,18,325.7,18.094444444444445
00-0033077,Dak Prescott,QB,2016,17,312.26,18.368235294117646
00-0029668,Andrew Luck,QB,2016,15,307.7,20.513333333333332
00-0029263,Russell Wilson,QB,2016,18,304.62,16.923333333333332
00-0031408,Mike Evans,WR,2016,16,304.1,19.00625
00-0031235,Odell Beckham Jr.,WR,2016,17,303.40000000000003,17.847058823529412
00-0028434,Doug Baldwin,WR,2016,18,300.7,16.705555555555556
00-0029604,Kirk Cousins,QB,2016,16,300.28,18.7675
00-0027029,LeSean McCoy,RB,2016,15,298.3,19.886666666666667
00-0031381,Davante Adams,WR,2016,19,296.4,15.6
00-0027150,Julian Edelman,WR,2016,19,294.9,15.521052631578947
00-0028009,DeMarco Murray,RB,2016,16,293.8,18.3625
00-0026498,Matthew Stafford,QB,2016,17,289.48,17.02823529411765
00-0022924,Ben Roethlisberger,QB,2016,17,288.66,16.98
00-0029608,T.Y. Hilton,WR,2016,16,273.8,17.1125
00-0031407,Blake Bortles,QB,2016,16,271.1,16.94375
00-0028118,Tyrod Taylor,QB,2016,15,270.92,18.061333333333334
00-0031280,Derek Carr,QB,2016,15,268.48,17.898666666666667
00-0027973,Andy Dalton,QB,2016,16,260.64,16.29
00-0032268,Marcus Mariota,QB,2016,15,259.94,17.329333333333334
00-0022942,Philip Rivers,QB,2016,16,258.94,16.18375
00-0031503,Jameis Winston,QB,2016,16,256.1,16.00625
00-0032765,Michael Thomas,WR,2016,15,255.70000000000002,17.046666666666667
00-0031382,Jarvis Landry,WR,2016,17,254.5,14.970588235294118
00-0027939,Cam Newton,QB,2016,15,254.26,16.950666666666667
00-0032144,Melvin Gordon,RB,2016,13,250.60000000000002,19.27692307692308
00-0027325,LeGarrette Blount,RB,2016,19,249.6,13.136842105263158
00-0031236,Brandin Cooks,WR,2016,15,246.3,16.42
00-0026986,Michael Crabtree,WR,2016,17,244.6,14.388235294117647
00-0022921,Larry Fitzgerald,WR,2016,16,243.8,15.2375
00-0021429,Carson Palmer,QB,2016,15,243.12,16.208000000000002
00-0026158,Joe Flacco,QB,2016,16,242.48000000000002,15.155000000000001
00-0027966,Mark Ingram,RB,2016,16,242.20000000000002,15.137500000000001
00-0022803,Eli Manning,QB,2016,17,237.24,13.955294117647059
00-0030506,Travis Kelce,TE,2016,17,235.70000000000002,13.864705882352942
00-0031544,Amari Cooper,WR,2016,17,235.3,13.841176470588236
00-0023436,Alex Smith,QB,2016,16,234.56,14.66
00-0032058,Tevin Coleman,RB,2016,16,233.9,14.61875
00-0032780,Jordan Howard,RB,2016,15,230.10000000000002,15.340000000000002
00-0027891,Golden Tate,WR,2016,17,228.6,13.447058823529412
00-0030564,DeAndre Hopkins,WR,2016,18,227.60000000000002,12.644444444444446
00-0027874,Demaryius Thomas,WR,2016,16,226.3,14.14375
00-0031590,Jay Ajayi,RB,2016,16,222.8,13.925
00-0031062,James White,RB,2016,19,222.3,11.700000000000001
00-0027854,Sam Bradford,QB,2016,15,221.88,14.792
00-0030513,Latavius Murray,RB,2016,15,220.3,14.686666666666667
00-0029615,Lamar Miller,RB,2016,16,217.3,13.58125
00-0032160,Tyrell Williams,WR,2016,16,216.9,13.55625
00-0023500,Frank Gore,RB,2016,16,214.20000000000002,13.387500000000001
00-0027902,Dez Bryant,WR,2016,14,214.2,15.299999999999999
00-0032950,Carson Wentz,QB,2016,16,213.98000000000002,13.373750000000001
00-0028825,Terrelle Pryor,WR,2016,16,213.44,13.34
00-0027685,Emmanuel Sanders,WR,2016,15,212.6,14.173333333333334
00-0029580,Rishard Matthews,WR,2016,16,211.5,13.21875
00-0028002,Randall Cobb,WR,2016,16,210.3,13.14375
00-0033040,Tyreek Hill,WR,2016,17,209.5,12.323529411764707
00-0027981,Kyle Rudolph,TE,2016,16,209.0,13.0625
00-0025418,Greg Olsen,TE,2016,16,207.3,12.95625
00-0027696,Jimmy Graham,TE,2016,18,207.20000000000002,11.511111111111113
00-0030414,Spencer Ware,RB,2016,15,205.4,13.693333333333333
00-0030656,Isaiah Crowell,RB,2016,16,205.1,12.81875
00-0026901,Mike Wallace,WR,2016,16,202.8,12.675
00-0026345,Pierre Garcon,WR,2016,16,201.1,12.56875
00-0027974,Colin Kaepernick,QB,2016,11,200.44,18.221818181818183
00-0031428,Allen Robinson,WR,2016,16,199.3,12.45625
00-0032241,Todd Gurley,RB,2016,16,198.20000000000002,12.387500000000001
00-0029000,Cole Beasley,WR,2016,17,197.5,11.617647058823529
00-0030035,Adam Thielen,WR,2016,16,197.20000000000002,12.325000000000001
00-0031359,Kelvin Benjamin,WR,2016,16,197.10000000000002,12.318750000000001
00-0028064,Bilal Powell,RB,2016,16,197.0,12.3125
00-0027006,Kenny Britt,WR,2016,15,196.2,13.08
00-0029682,Brock Osweiler,QB,2016,17,194.88,11.463529411764705
00-0032385,Sterling Shepard,WR,2016,17,194.7,11.452941176470588
00-0031588,Stefon Diggs,WR,2016,13,193.3,14.86923076923077
00-0031045,Carlos Hyde,RB,2016,13,192.10000000000002,14.77692307692308
00-0032156,Trevor Siemian,QB,2016,14,191.74,13.695714285714287
00-0031941,Jamison Crowder,WR,2016,16,191.5,11.96875
00-0030663,Willie Snead,WR,2016,15,191.5,12.766666666666667
00-0028237,Chris Hogan,WR,2016,18,191.1,10.616666666666667
00-0029701,Ryan Tannehill,QB,2016,13,190.2,14.63076923076923
00-0026201,Martellus Bennett,TE,2016,19,188.9,9.942105263157895
00-0024389,Delanie Walker,TE,2016,15,188.1,12.54
00-0027942,A.J. Green,WR,2016,10,186.4,18.64
00-0027681,Brandon LaFell,WR,2016,16,186.0,11.625
00-0029632,Mohamed Sanu,WR,2016,18,184.6,10.255555555555555
00-0029293,Marvin Jones,WR,2016,16,184.4,11.525
00-0020337,Steve Smith,WR,2016,14,183.9,13.135714285714286
00-0030061,Zach Ertz,TE,2016,14,183.60000000000002,13.114285714285716
00-0026184,Matt Forte,RB,2016,14,183.6,13.114285714285714
00-0030085,Kenny Stills,WR,2016,17,181.8,10.694117647058825
00-0026189,DeSean Jackson,WR,2016,15,180.5,12.033333333333333
00-0031912,Cameron Meredith,WR,2016,14,179.48000000000002,12.820000000000002
00-0032200,Ty Montgomery,WR,2016,18,179.3,9.961111111111112
00-0022084,Anquan Boldin,WR,2016,17,177.79999999999998,10.458823529411763
00-0031301,Jeremy Hill,RB,2016,15,176.3,11.753333333333334
00-0031431,Marqise Lee,WR,2016,16,174.4,10.9
00-0031299,Jordan Matthews,TE,2016,14,171.4,12.242857142857144
00-0031273,Cameron Brate,TE,2016,15,171.0,11.4
00-0031375,Terrance West,RB,2016,16,171.0,10.6875
00-0022127,Jason Witten,TE,2016,16,170.2,10.6375
00-0027714,Dennis Pitta,TE,2016,16,168.9,10.55625
00-0031023,Quincy Enunwa,WR,2016,16,168.9,10.55625
00-0030472,Jordan Reed,TE,2016,12,168.6,14.049999999999999
00-0031228,Taylor Gabriel,WR,2016,15,166.10000000000002,11.073333333333334
00-0031547,DeVante Parker,WR,2016,16,163.9,10.24375
00-0028411,Dontrelle Inman,WR,2016,16,163.0,10.1875
00-0025396,Ted Ginn,WR,2016,16,163.0,10.1875
00-0023564,Darren Sproles,RB,2016,15,162.5,10.833333333333334
00-0030107,Theo Riddick,RB,2016,10,161.8,16.18
00-0024334,Brandon Marshall,WR,2016,15,155.8,10.386666666666667
00-0031302,C.J. Fiedorowicz,TE,2016,17,152.0,8.941176470588236
00-0028091,Jeremy Kerley,WR,2016,16,148.70000000000002,9.293750000000001
00-0031387,Eric Ebron,TE,2016,14,148.5,10.607142857142858
00-0031376,Jerick McKinnon,RB,2016,15,148.4,9.893333333333334
00-0031782,Eli Rogers,WR,2016,16,148.2,9.2625
00-0021547,Antonio Gates,TE,2016,13,147.8,11.36923076923077
00-0030404,Chris Thompson,RB,2016,16,147.5,9.21875
00-0030525,Tavon Austin,WR,2016,15,146.8,9.786666666666667
00-0026153,Jonathan Stewart,RB,2016,13,146.4,11.261538461538462
00-0029137,Alshon Jeffery,WR,2016,12,146.1,12.174999999999999
00-0030181,Jack Doyle,TE,2016,16,145.4,9.0875
00-0027864,Ryan Mathews,RB,2016,13,144.6,11.123076923076923
00-0032257,Duke Johnson,RB,2016,16,144.20000000000002,9.012500000000001
00-0030432,Christine Michael,RB,2016,18,144.1,8.005555555555555
00-0032972,Devontae Booker,RB,2016,16,142.7,8.91875
00-0027155,Rashad Jennings,RB,2016,14,142.7,10.192857142857141
00-0032112,J.J. Nelson,WR,2016,14,139.1,9.935714285714285
00-0032209,T.J. Yeldon,RB,2016,15,137.70000000000002,9.180000000000001
00-0029697,Coby Fleener,TE,2016,16,137.3,8.58125
00-0030542,Terrance Williams,WR,2016,16,136.20000000000002,8.512500000000001
00-0028112,Charles Clay,TE,2016,15,136.2,9.08
00-0033127,Will Fuller,WR,2016,16,134.5,8.40625
00-0029269,Travis Benjamin,WR,2016,14,134.4,9.6
00-0023682,Ryan Fitzpatrick,QB,2016,14,133.4,9.528571428571428
00-0032009,Adam Humphries,WR,2016,15,133.0,8.866666666666667
00-0032371,Rob Kelley,RB,2016,14,132.6,9.471428571428572
00-0028198,Matt Asiata,RB,2016,16,132.5,8.28125
00-0026281,Gary Barnidge,TE,2016,16,130.20000000000002,8.137500000000001
00-0033090,Hunter Henry,TE,2016,13,129.8,9.984615384615385
00-0026289,Tim Hightower,RB,2016,16,126.80000000000001,7.925000000000001
00-0030433,Mike Gillislee,RB,2016,15,125.7,8.38
00-0027061,Jared Cook,TE,2016,13,124.60000000000001,9.584615384615386
00-0033009,Tyler Boyd,WR,2016,16,124.10000000000001,7.7562500000000005
00-0032211,Tyler Lockett,WR,2016,15,124.1,8.273333333333333
00-0024242,DeAngelo Williams,RB,2016,10,123.8,12.379999999999999
00-0030456,Giovani Bernard,RB,2016,10,122.3,12.23
00-0027125,Zach Miller,TE,2016,10,119.60000000000001,11.96
00-0030431,Robert Woods,WR,2016,13,118.9,9.146153846153847
00-0033025,Jalen Richard,RB,2016,17,118.60000000000001,6.976470588235294
00-0029638,Michael Floyd,WR,2016,15,117.7,7.846666666666667
00-0032135,Jesse James,TE,2016,19,115.5,6.078947368421052
00-0029640,Brian Quick,WR,2016,16,115.4,7.2125
00-0032688,Robbie Chosen,WR,2016,14,114.9,8.207142857142857
00-0024221,Vernon Davis,TE,2016,15,114.30000000000001,7.620000000000001
00-0026995,Jeremy Maclin,WR,2016,13,114.30000000000001,8.792307692307693
00-0030578,Cordarrelle Patterson,RB,2016,16,113.60000000000001,7.1000000000000005
00-0029689,Dwayne Allen,TE,2016,14,113.6,8.114285714285714
00-0031166,Seth Roberts,WR,2016,17,112.8,6.635294117647058
00-0028986,Case Keenum,QB,2016,10,111.14,11.114
00-0032400,Malcolm Mitchell,WR,2016,14,110.60000000000001,7.9
00-0030108,Ryan Griffin,TE,2016,18,110.1,6.116666666666666
00-0027985,Lance Kendricks,TE,2016,16,109.9,6.86875
00-0028202,Shaun Draughn,RB,2016,15,108.9,7.260000000000001
00-0029273,Robert Turbin,RB,2016,15,108.3,7.22
00-0031665,Zach Zenner,RB,2016,12,107.8,8.983333333333333
00-0027265,Victor Cruz,WR,2016,15,107.6,7.173333333333333
00-0032764,Derrick Henry,RB,2016,14,105.7,7.55
00-0032778,Tajae Sharpe,WR,2016,16,105.30000000000001,6.581250000000001
00-0032004,Will Tye,TE,2016,17,104.10000000000001,6.123529411764706
00-0031051,John Brown,WR,2016,15,103.7,6.913333333333333
00-0029159,Jermaine Kearse,WR,2016,18,103.2,5.733333333333333
00-0031339,Donte Moncrief,WR,2016,9,102.6,11.399999999999999
00-0029854,C.J. Anderson,RB,2016,7,102.5,14.642857142857142
00-0032411,Kenneth Dixon,RB,2016,12,102.4,8.533333333333333
00-0030874,Damien Williams,RB,2016,16,102.2,6.3875
00-0031897,Thomas Rawls,RB,2016,11,102.10000000000001,9.281818181818183
00-0032054,Breshad Perriman,WR,2016,15,101.1,6.739999999999999
00-0032128,Chris Conley,WR,2016,17,100.9,5.935294117647059
00-0030821,Allen Hurns,WR,2016,11,100.7,9.154545454545454
00-0032208,Phillip Dorsett,WR,2016,15,98.80000000000001,6.586666666666668
00-0030549,Tyler Eifert,TE,2016,8,98.4,12.3
00-0026035,Danny Amendola,WR,2016,15,97.80000000000001,6.5200000000000005
00-0027656,Rob Gronkowski,TE,2016,8,97.0,12.125
00-0030668,Charcandrick West,RB,2016,16,95.4,5.9625
00-0027531,Chris Ivory,RB,2016,11,94.5,8.590909090909092
00-0029205,Travaris Cadet,RB,2016,15,94.0,6.266666666666667
00-0032966,Corey Coleman,WR,2016,10,93.3,9.33
00-0028083,Jacquizz Rodgers,RB,2016,10,90.8,9.08
00-0032256,Clive Walford,TE,2016,16,90.5,5.65625
00-0030669,Albert Wilson,WR,2016,15,90.2,6.013333333333334
00-0030068,Marquise Goodwin,WR,2016,14,90.10000000000001,6.435714285714286
00-0029708,Kendall Wright,WR,2016,11,90.1,8.19090909090909
00-0027873,Jermaine Gresham,TE,2016,16,88.10000000000001,5.5062500000000005
00-0031549,Nelson Agholor,WR,2016,15,87.9,5.86
00-0032218,Dorial Green-Beckham,WR,2016,14,87.2,6.228571428571429
00-0030470,Vance McDonald,TE,2016,10,87.10000000000001,8.71
00-0032940,DeAndre Washington,RB,2016,14,86.8,6.2
00-0032055,Devin Funchess,WR,2016,14,86.10000000000001,6.15
00-0029613,Doug Martin,RB,2016,8,85.5,10.6875
00-0032417,Paul Perkins,RB,2016,15,85.5,5.7
00-0030422,Dion Sims,TE,2016,14,84.0,6.0
00-0027918,Andrew Hawkins,WR,2016,16,83.4,5.2125
00-0032166,Sammie Coates,WR,2016,17,83.3,4.8999999999999995
00-0031325,Sammy Watkins,WR,2016,8,83.0,10.375
00-0028087,Dion Lewis,RB,2016,10,82.9,8.290000000000001
00-0032392,Austin Hooper,TE,2016,16,82.60000000000001,5.1625000000000005
00-0031257,Paul Richardson,WR,2016,15,82.4,5.493333333333334
00-0028067,Julius Thomas,TE,2016,9,82.10000000000001,9.122222222222224
00-0026182,Eddie Royal,WR,2016,9,81.9,9.100000000000001
00-0028903,Garrett Celek,TE,2016,14,80.0,5.714285714285714
00-0026625,Brian Hoyer,QB,2016,6,79.6,13.266666666666666
00-0031384,Richard Rodgers,TE,2016,16,79.5,4.96875
00-0030450,Quinton Patton,WR,2016,13,77.8,5.984615384615385
00-0033104,Cody Kessler,QB,2016,9,77.0,8.555555555555555
00-0030288,Rex Burkhead,RB,2016,14,75.9,5.421428571428572
00-0030710,Trey Burton,TE,2016,14,75.7,5.4071428571428575
00-0031939,Matt Jones,RB,2016,7,75.30000000000001,10.757142857142858
00-0027948,Blaine Gabbert,QB,2016,6,73.7,12.283333333333333
00-0031569,Jeremy Langford,RB,2016,12,73.2,6.1000000000000005
00-0029731,Fozzy Whittaker,RB,2016,16,72.10000000000001,4.5062500000000005
00-0030801,Brandon Coleman,WR,2016,14,72.1,5.1499999999999995
00-0030533,Matt Barkley,QB,2016,7,71.84,10.262857142857143
00-0030147,Russell Shepard,WR,2016,13,70.0,5.384615384615385
00-0031570,Justin Hardy,WR,2016,16,69.1,4.31875
00-0031390,Charles Sims,RB,2016,7,67.89999999999999,9.7
00-0028497,Kamar Aiken,WR,2016,16,67.8,4.2375
00-0030290,Cobi Hamilton,WR,2016,14,67.5,4.821428571428571
00-0029665,Robert Griffin III,QB,2016,5,66.44,13.288
00-0027996,Torrey Smith,WR,2016,12,64.7,5.391666666666667
00-0025708,Matt Moore,QB,2016,5,64.5,12.9
00-0028116,Aldrick Robinson,WR,2016,15,64.3,4.286666666666666
00-0031075,Alfred Blue,RB,2016,16,62.6,3.9125
00-0026373,Justin Forsett,RB,2016,9,61.6,6.844444444444445
00-0031118,Corey Brown,WR,2016,16,61.2,3.825
00-0032393,C.J. Prosise,RB,2016,6,61.00000000000001,10.166666666666668
00-0026267,Jacob Tamme,TE,2016,8,61.0,7.625
00-0028263,Andre Holmes,WR,2016,17,59.6,3.5058823529411764
00-0027595,Bryan Walters,WR,2016,10,59.5,5.95
00-0027791,James Starks,RB,2016,9,58.900000000000006,6.544444444444445
00-0029388,Deonte Thompson,WR,2016,15,58.9,3.9266666666666667
00-0029492,Jamize Olawale,RB,2016,14,58.0,4.142857142857143
00-0030443,Levine Toilolo,TE,2016,15,57.5,3.8333333333333335
00-0029319,Josh Bellamy,WR,2016,13,56.9,4.3769230769230765
00-0030516,Brice Butler,WR,2016,15,55.9,3.7266666666666666
00-0032626,Geronimo Allison,WR,2016,10,55.7,5.57
00-0032134,C.J. Uzomah,TE,2016,8,54.400000000000006,6.800000000000001
00-0029275,Ladarius Green,TE,2016,6,54.4,9.066666666666666
00-0033106,Jared Goff,QB,2016,7,53.160000000000004,7.594285714285715
00-0030521,Justin Hunter,WR,2016,10,52.9,5.29
00-0021206,Josh McCown,QB,2016,5,52.1,10.42
00-0028142,Virgil Green,TE,2016,10,51.7,5.17
00-0030854,Erik Swoope,TE,2016,12,50.7,4.2250000000000005
00-0030514,Mychal Rivera,TE,2016,11,50.3,4.572727272727272
00-0029129,Rod Streater,WR,2016,14,49.1,3.507142857142857
00-0032450,Dwayne Washington,RB,2016,11,48.7,4.427272727272728
00-0026739,Jordan Norwood,WR,2016,14,48.2,3.442857142857143
00-0031697,Jordan Taylor,WR,2016,11,46.9,4.263636363636364
00-0024226,Jay Cutler,QB,2016,5,46.760000000000005,9.352
00-0032782,Wendell Smallwood,RB,2016,12,46.7,3.891666666666667
00-0032355,Chester Rogers,WR,2016,14,46.3,3.307142857142857
00-0029510,Jonathan Grimes,RB,2016,12,45.3,3.775
00-0032426,Alex Collins,RB,2016,11,44.4,4.036363636363636
00-0033118,Kenyan Drake,RB,2016,16,43.5,2.71875
00-0029384,Bobby Rainey,RB,2016,12,43.4,3.6166666666666667
00-0026983,Darrius Heyward-Bey,WR,2016,10,43.4,4.34
00-0030113,Charles D. Johnson,WR,2016,14,43.2,3.085714285714286
00-0024243,Marcedes Lewis,TE,2016,10,42.900000000000006,4.290000000000001
00-0030485,Eddie Lacy,RB,2016,5,42.8,8.559999999999999
00-0030089,Luke Willson,TE,2016,12,41.3,3.4416666666666664
00-0032139,Ben Koyack,TE,2016,10,41.1,4.11
00-0029141,Alfred Morris,RB,2016,14,40.400000000000006,2.885714285714286
00-0027690,Eric Decker,WR,2016,3,40.4,13.466666666666667
00-0032694,Jalin Marshall,WR,2016,10,40.2,4.0200000000000005
00-0027691,Andre Roberts,WR,2016,17,38.800000000000004,2.282352941176471
00-0031545,Kevin White,WR,2016,4,38.6,9.65
00-0033079,Ricardo Louis,WR,2016,14,38.5,2.75
00-0027994,Shane Vereen,RB,2016,5,38.2,7.640000000000001
00-0032959,Charone Peake,WR,2016,12,37.6,3.1333333333333333
00-0030670,Bennie Fowler,WR,2016,12,37.5,3.125
00-0030155,Demetrius Harris,TE,2016,15,37.3,2.4866666666666664
00-0029004,Lance Dunbar,RB,2016,12,37.3,3.108333333333333
00-0032902,Kenneth Farrow,RB,2016,11,37.2,3.3818181818181823
00-0032795,Cody Core,WR,2016,7,37.0,5.285714285714286
00-0032475,Tanner McEvoy,WR,2016,10,36.72,3.6719999999999997
00-0031001,Jeff Janis,WR,2016,16,36.1,2.25625
00-0032741,Peyton Barber,RB,2016,10,36.1,3.6100000000000003
00-0026224,Harry Douglas,WR,2016,8,36.0,4.5
00-0031345,Jimmy Garoppolo,QB,2016,6,35.980000000000004,5.996666666666667
00-0031731,Corey Grant,RB,2016,10,35.900000000000006,3.5900000000000007
00-0030216,Josh Hill,TE,2016,8,35.9,4.4875
00-0030300,Jaron Brown,WR,2016,6,35.7,5.95
00-0032377,Josh Ferguson,RB,2016,15,35.6,2.3733333333333335
00-0029738,Darren Fells,TE,2016,9,35.4,3.933333333333333
00-0028409,DuJuan Harris,RB,2016,8,35.300000000000004,4.4125000000000005
00-0029795,Benny Cunningham,RB,2016,11,35.2,3.2
00-0031035,Xavier Grimble,TE,2016,8,34.8,4.35
00-0030990,Josh Huff,WR,2016,10,34.8,3.4799999999999995
00-0033080,Seth DeValve,TE,2016,8,34.7,4.3375
00-0032098,Daniel Brown,TE,2016,6,34.4,5.733333333333333
00-0031418,Austin Seferian-Jenkins,TE,2016,9,34.4,3.822222222222222
00-0032429,Jerell Adams,TE,2016,10,34.2,3.4200000000000004
00-0030465,Kenjon Barner,RB,2016,11,34.1,3.1
00-0030524,Landry Jones,QB,2016,7,33.92,4.845714285714286
00-0023496,Vincent Jackson,WR,2016,5,32.300000000000004,6.460000000000001
00-0031568,Bryce Petty,QB,2016,6,32.26,5.376666666666666
00-0029878,MarQueis Gray,TE,2016,10,31.4,3.1399999999999997
00-0030047,Marquess Wilson,WR,2016,3,31.0,10.333333333333334
00-0033069,Braxton Miller,WR,2016,10,30.9,3.09
00-0031610,Darren Waller,TE,2016,10,30.5,3.05
00-0030287,Andre Ellington,RB,2016,14,30.1,2.15
00-0031609,A.J. Derby,TE,2016,7,30.0,4.285714285714286
00-0025549,Brent Celek,TE,2016,10,29.5,2.95
00-0022044,Andre Johnson,WR,2016,6,29.5,4.916666666666667
00-0029683,Ronnie Hillman,RB,2016,8,29.400000000000002,3.6750000000000003
00-0027675,Ed Dickson,TE,2016,13,29.400000000000002,2.2615384615384615
00-0030117,Kerwynn Williams,RB,2016,5,29.3,5.86
00-0032659,Roger Lewis,WR,2016,11,28.700000000000003,2.6090909090909093
00-0031599,Cameron Artis-Payne,RB,2016,3,28.5,9.5
00-0031102,Kapri Bibbs,RB,2016,9,28.400000000000002,3.155555555555556
00-0033108,Paxton Lynch,QB,2016,3,28.380000000000003,9.46
00-0033119,Jacoby Brissett,QB,2016,3,28.300000000000004,9.433333333333335
00-0024268,Anthony Fasano,TE,2016,12,28.3,2.3583333333333334
00-0030737,Freddie Martino,WR,2016,7,28.200000000000003,4.028571428571429
00-0031268,Walt Powell,WR,2016,7,28.200000000000003,4.028571428571429
00-0028838,Larry Donnell,TE,2016,7,28.2,4.0285714285714285
00-0029567,Nick Foles,QB,2016,2,28.0,14.0
00-0031560,Jaelen Strong,WR,2016,6,27.1,4.516666666666667
00-0026019,Danny Woodhead,RB,2016,2,27.1,13.55
00-0032104,Ameer Abdullah,RB,2016,2,26.8,13.4
00-0031854,Chris Harper,WR,2016,8,26.3,3.2875
00-0030860,Orleans Darkwa,RB,2016,7,26.3,3.757142857142857
00-0032725,Stephen Anderson,TE,2016,11,26.3,2.390909090909091
00-0028052,Cecil Shorts,WR,2016,7,26.2,3.742857142857143
00-0033110,Tyler Higbee,TE,2016,12,25.5,2.125
00-0028581,Patrick DiMarco,RB,2016,13,25.5,1.9615384615384615
00-0027057,Brandon Tate,WR,2016,15,24.5,1.6333333333333333
00-0029572,Jarius Wright,WR,2016,4,23.700000000000003,5.925000000000001
00-0024217,Reggie Bush,RB,2016,10,23.7,2.37
00-0030091,Tavarres King,WR,2016,4,23.3,5.825
00-0027139,John Phillips,TE,2016,9,23.2,2.5777777777777775
00-0032227,Jeff Heuerman,TE,2016,6,23.1,3.85
00-0031057,Ka'Deem Carey,RB,2016,11,23.1,2.1
00-0031291,James Wright,WR,2016,12,23.0,1.9166666666666667
00-0032120,Neal Sterling,TE,2016,6,23.0,3.8333333333333335
00-0033111,Pharoh Cooper,WR,2016,9,22.6,2.511111111111111
00-0027654,Arrelious Benn,WR,2016,12,22.6,1.8833333333333335
00-0032117,Nick O'Leary,TE,2016,13,22.400000000000002,1.7230769230769232
00-0032365,DeMarcus Ayers,WR,2016,4,21.8,5.45
00-0032841,Paul Turner,WR,2016,3,21.6,7.2
00-0030992,Crockett Gillmore,TE,2016,5,21.1,4.220000000000001
00-0027135,Brandon Myers,TE,2016,10,20.9,2.09
00-0029587,Rhett Ellison,TE,2016,11,20.8,1.8909090909090909
00-0031743,Akeem Hunt,RB,2016,10,20.3,2.0300000000000002
00-0029336,Brittan Golden,WR,2016,12,20.200000000000003,1.6833333333333336
00-0028040,Jordan Cameron,TE,2016,3,20.0,6.666666666666667
00-0030547,Denard Robinson,RB,2016,10,19.6,1.9600000000000002
00-0026796,Arian Foster,RB,2016,4,19.3,4.825
00-0032214,Tyler Kroft,TE,2016,9,19.2,2.1333333333333333
00-0028994,Dominique Jones,TE,2016,5,19.099999999999998,3.8199999999999994
00-0028050,Greg Salas,WR,2016,2,18.9,9.45
00-0027861,C.J. Spiller,RB,2016,6,18.8,3.1333333333333333
00-0031600,Keith Mumphery,WR,2016,10,18.6,1.86
00-0026957,David Johnson,TE,2016,12,18.1,1.5083333333333335
00-0031064,Tom Savage,QB,2016,3,17.64,5.88
00-0031682,Terron Ward,RB,2016,5,17.200000000000003,3.4400000000000004
00-0030460,Markus Wheaton,WR,2016,3,17.1,5.7
00-0032784,Kevin Hogan,QB,2016,3,16.66,5.553333333333334
00-0031068,Ryan Grant,WR,2016,12,16.6,1.3833333333333335
00-0023645,Derek Anderson,QB,2016,4,16.52,4.13
00-0026855,Antone Smith,RB,2016,3,16.400000000000002,5.466666666666668
00-0032441,Aaron Burbridge,WR,2016,15,15.8,1.0533333333333335
00-0032745,Alan Cross,TE,2016,11,15.8,1.4363636363636365
00-0032881,Tommylee Lewis,WR,2016,12,15.700000000000001,1.3083333333333333
00-0023662,Matt Cassel,QB,2016,4,15.66,3.915
00-0031344,Cody Latimer,WR,2016,11,15.600000000000001,1.4181818181818182
00-0026164,Chris Johnson,RB,2016,4,15.5,3.875
00-0032048,Mack Brown,RB,2016,2,15.000000000000002,7.500000000000001
00-0032362,Maurice Harris,WR,2016,7,14.600000000000001,2.085714285714286
00-0032063,Mike Davis,RB,2016,7,14.5,2.0714285714285716
00-0029601,Brandon Bostick,TE,2016,9,14.3,1.588888888888889
00-0031189,T.J. Jones,WR,2016,4,14.3,3.575
00-0031757,Lucky Whitehead,WR,2016,15,14.0,0.9333333333333333
00-0032977,Rashard Higgins,WR,2016,10,13.700000000000001,1.37
00-0028249,Jeremy Ross,WR,2016,5,13.7,2.7399999999999998
00-0032398,Chris Moore,WR,2016,14,13.5,0.9642857142857143
00-0026144,Darren McFadden,RB,2016,3,13.400000000000002,4.466666666666668
00-0026213,Jamaal Charles,RB,2016,3,13.4,4.466666666666667
00-0031060,De'Anthony Thomas,WR,2016,11,13.4,1.2181818181818183
00-0032599,Josh Perkins,TE,2016,7,13.200000000000001,1.885714285714286
00-0032543,Alex Erickson,WR,2016,16,13.100000000000001,0.8187500000000001
00-0030544,Gavin Escobar,TE,2016,7,13.0,1.8571428571428572
00-0032141,Geoff Swaim,TE,2016,7,12.9,1.842857142857143
00-0032062,Blake Bell,TE,2016,8,12.5,1.5625
00-0032975,Jonathan Williams,RB,2016,8,12.4,1.55
00-0030279,Keenan Allen,WR,2016,1,12.3,12.3
00-0031332,Fitzgerald Toussaint,RB,2016,13,12.100000000000001,0.9307692307692309
00-0033060,Leonte Carroo,WR,2016,5,11.9,2.38
00-0032724,Bryce Treggs,WR,2016,6,11.700000000000001,1.9500000000000002
00-0032739,Wendall Williams,WR,2016,2,11.5,5.75
00-0032423,Trevor Davis,WR,2016,9,11.4,1.2666666666666666
00-0029848,Nick Williams,WR,2016,2,10.9,5.45
00-0027651,Dexter McCluster,WR,2016,6,10.8,1.8
00-0032893,Connor Cook,QB,2016,2,10.440000000000001,5.220000000000001
00-0032964,Byron Marshall,RB,2016,2,10.400000000000002,5.200000000000001
00-0031598,Nick Boyle,TE,2016,4,10.4,2.6
00-0031793,Terrell Watson,RB,2016,1,10.3,10.3
00-0030280,Knile Davis,RB,2016,9,10.3,1.1444444444444446
00-0031788,Matt Lengel,TE,2016,3,10.200000000000001,3.4000000000000004
00-0028987,Phillip Supernaw,TE,2016,7,10.2,1.457142857142857
00-0020679,Shaun Hill,QB,2016,3,10.18,3.393333333333333
00-0031806,Malcolm Brown,RB,2016,11,9.5,0.8636363636363636
00-0031158,George Atkinson,RB,2016,9,9.4,1.0444444444444445
00-0025430,Drew Stanton,QB,2016,5,9.380000000000003,1.8760000000000006
00-0024296,Charlie Whitehurst,QB,2016,1,9.38,9.38
00-0030520,Mike Glennon,QB,2016,1,9.0,9.0
00-0025394,Adrian Peterson,RB,2016,3,9.0,3.0
00-0028595,Scott Tolzien,QB,2016,2,8.94,4.47
00-0028097,Lee Smith,TE,2016,4,8.9,2.225
00-0031042,Jace Amaro,TE,2016,1,8.9,8.9
00-0031055,Andre Williams,RB,2016,1,8.700000000000001,8.700000000000001
00-0031732,Connor Hamlett,TE,2016,1,8.7,8.7
00-0030705,Juwan Thompson,RB,2016,5,8.6,1.72
00-0032760,Josh Doctson,WR,2016,2,8.6,4.3
00-0028114,Dwayne Harris,WR,2016,17,8.3,0.4882352941176471
00-0032170,Rashad Greene,WR,2016,8,8.2,1.025
00-0032661,Ben Braunecker,TE,2016,6,8.100000000000001,1.3500000000000003
00-0030391,Mike James,RB,2016,3,8.1,2.6999999999999997
00-0030565,Geno Smith,QB,2016,2,7.9399999999999995,3.9699999999999998
00-0031577,Javorius Allen,RB,2016,4,7.8999999999999995,1.9749999999999999
00-0032462,Trevone Boykin,QB,2016,4,7.8999999999999995,1.9749999999999999
00-0032935,Johnny Holton,WR,2016,13,7.7,0.5923076923076923
00-0032068,Malcolm Johnson,RB,2016,5,7.6,1.52
00-0030758,Justin Perillo,TE,2016,4,7.5,1.875
00-0028063,Taiwan Jones,RB,2016,11,7.5,0.6818181818181818
00-0030526,EJ Manuel,QB,2016,5,7.440000000000001,1.4880000000000002
00-0031514,Quan Bray,WR,2016,6,7.300000000000001,1.2166666666666668
00-0028042,Luke Stocker,TE,2016,6,7.3,1.2166666666666666
00-0031025,Michael Campanaro,WR,2016,3,7.200000000000001,2.4000000000000004
00-0029740,Ifeanyi Momah,TE,2016,5,7.0,1.4
00-0031818,Bradley Marquez,WR,2016,9,6.9,0.7666666666666667
00-0032593,Brandon Wilds,RB,2016,3,6.700000000000001,2.233333333333334
00-0033114,Mike Thomas,WR,2016,8,6.7,0.8375
00-0032794,Danny Vitale,RB,2016,5,6.7,1.34
00-0032804,Daniel Lasco,RB,2016,5,6.300000000000001,1.2600000000000002
00-0032394,Nick Vannett,TE,2016,3,6.2,2.066666666666667
00-0033164,Troymaine Pope,RB,2016,4,5.900000000000001,1.4750000000000003
00-0028121,Jordan Todman,RB,2016,13,5.9,0.4538461538461539
00-0032602,J.D. McKissic,RB,2016,3,5.6000000000000005,1.866666666666667
00-0029793,Brandon Williams,TE,2016,7,5.6,0.7999999999999999
00-0021678,Tony Romo,QB,2016,1,5.16,5.16
00-0032404,Tyler Ervin,RB,2016,14,5.1,0.36428571428571427
00-0027725,Clay Harbor,TE,2016,4,4.9,1.225
00-0028093,Niles Paul,TE,2016,4,4.7,1.175
00-0027215,Logan Paulsen,TE,2016,10,4.5,0.45
00-0032319,Ross Travis,TE,2016,5,4.5,0.9
00-0029391,Sean McGrath,TE,2016,9,4.5,0.5
00-0029033,Griff Whalen,WR,2016,4,4.2,1.05
00-0032864,Alex Ellis,TE,2016,5,4.1,0.82
00-0031066,Lorenzo Taliaferro,RB,2016,1,4.0,4.0
00-0029239,Brandon Bolden,RB,2016,8,3.9,0.4875
00-0029626,Isaiah Pead,RB,2016,2,3.8000000000000003,1.9000000000000001
00-0032562,Cole Wick,TE,2016,3,3.8,1.2666666666666666
00-0029394,Brenton Bersin,WR,2016,2,3.7,1.85
00-0026998,Percy Harvin,WR,2016,1,3.7,3.7
00-0032577,D.J. Foster,RB,2016,3,3.6000000000000005,1.2000000000000002
00-0031684,Shane Wynn,WR,2016,2,3.4000000000000004,1.7000000000000002
00-0031585,MyCole Pruitt,TE,2016,2,3.3000000000000003,1.6500000000000001
00-0032064,DeAndre Smelter,WR,2016,1,3.3000000000000003,3.3000000000000003
00-0030780,Ryan Hewitt,TE,2016,4,3.3,0.825
00-0030805,Je'Ron Hamm,TE,2016,2,3.3,1.65
00-0032636,Don Jackson,RB,2016,3,3.2,1.0666666666666667
00-0030691,Jeremy Butler,WR,2016,2,3.1,1.55
00-0031310,Devin Street,WR,2016,2,3.0,1.5
00-0031934,Devin Smith,WR,2016,2,3.0,1.5
00-0029119,Derek Carrier,TE,2016,3,3.0,1.0
00-0032130,Jalston Fowler,RB,2016,6,2.7,0.45
00-0026008,Matthew Mulligan,TE,2016,2,2.6,1.3
00-0031868,Damiere Byrd,WR,2016,1,2.6,2.6
00-0032951,Laquon Treadwell,WR,2016,4,2.5,0.625
00-0032482,Bralon Addison,WR,2016,2,2.5,1.25
00-0031533,Randall Telfer,TE,2016,5,2.4000000000000004,0.4800000000000001
00-0032190,Gerald Christian,TE,2016,1,2.4000000000000004,2.4000000000000004
00-0032523,Henry Krieger-Coble,TE,2016,1,2.3,2.3
00-0031484,Chris Manhertz,TE,2016,1,2.0,2.0
00-0030856,Tony Washington,WR,2016,1,1.9,1.9
00-0031951,James O'Shaughnessy,TE,2016,13,1.9,0.14615384615384613
00-0031021,Jared Abbrederis,WR,2016,2,1.8,0.9
00-0030187,Rashad Ross,WR,2016,2,1.8,0.9
00-0033098,Cardale Jones,QB,2016,1,1.7399999999999998,1.7399999999999998
00-0030419,Matt McGloin,QB,2016,3,1.6999999999999997,0.5666666666666665
00-0032679,Paul McRoberts,WR,2016,1,1.6,1.6
00-0030789,Antonio Andrews,RB,2016,8,1.5,0.1875
00-0027816,Marc Mariani,WR,2016,16,1.5,0.09375
00-0031746,George Farmer,RB,2016,2,1.5,0.75
00-0026932,Cedric Peerman,RB,2016,4,1.5,0.375
00-0027218,Joique Bell,RB,2016,3,1.4000000000000001,0.46666666666666673
00-0028795,Chase Reynolds,RB,2016,11,1.4,0.12727272727272726
00-0032430,David Morgan,TE,2016,2,1.4,0.7
00-0031900,Rod Smith,RB,2016,4,1.4,0.35
00-0027796,Joe Webb,QB,2016,9,1.3,0.14444444444444446
00-0031959,Marcus Murphy,RB,2016,2,1.3,0.65
00-0032974,Jordan Payton,WR,2016,2,1.3,0.65
00-0030282,Stepfan Taylor,RB,2016,3,1.2000000000000002,0.4000000000000001
00-0031768,Terrence Magee,RB,2016,1,1.2000000000000002,1.2000000000000002
00-0032298,Bronson Hill,RB,2016,1,1.1,1.1
00-0031044,Troy Niklas,TE,2016,3,1.0,0.3333333333333333
00-0031076,David Fales,QB,2016,1,0.88,0.88
00-0029048,Joe Banyard,RB,2016,1,0.7000000000000001,0.7000000000000001
00-0029612,Daryl Richardson,RB,2016,2,0.7000000000000001,0.35000000000000003
00-0028011,Stevan Ridley,RB,2016,1,0.7000000000000001,0.7000000000000001
00-0026544,Chase Daniel,QB,2016,1,0.64,0.64
00-0031687,Raheem Mostert,RB,2016,1,0.6000000000000001,0.6000000000000001
00-0026293,Matthew Slater,WR,2016,8,0.5,0.0625
00-0022787,Matt Schaub,QB,2016,3,0.44,0.14666666666666667
00-0030348,Khiry Robinson,RB,2016,1,0.20000000000000018,0.20000000000000018
00-0032791,Jakeem Grant,WR,2016,15,0.1,0.006666666666666667
00-0031690,Eric Tomlinson,TE,2016,1,0.0,0.0
00-0029414,Orson Charles,TE,2016,1,0.0,0.0
00-0033021,Jake Lampman,WR,2016,4,0.0,0.0
00-0032801,Daniel Braverman,WR,2016,2,0.0,0.0
00-0029415,Keshawn Martin,WR,2016,1,0.0,0.0
00-0032070,Dezmin Lewis,WR,2016,1,0.0,0.0
00-0032250,Kasen Williams,WR,2016,1,0.0,0.0
00-0026298,Kellen Davis,TE,2016,5,0.0,0.0
00-0032188,Vince Mayle,TE,2016,5,0.0,0.0
00-0024535,Eric Weems,WR,2016,19,0.0,0.0
00-0031558,Maxx Williams,TE,2016,2,0.0,0.0
00-0030671,Isaiah Burse,WR,2016,8,0.0,0.0
00-0032464,Kalif Raymond,WR,2016,4,0.0,0.0
00-0032012,Isaac Fruechte,WR,2016,1,0.0,0.0
00-0033112,Temarrick Hemingway,TE,2016,2,0.0,0.0
00-0029091,Bradley Sowell,TE,2016,4,0.0,0.0
00-0031962,Mario Alford,WR,2016,3,0.0,0.0
00-0031922,Khari Lee,TE,2016,1,0.0,0.0
00-0032515,Braedon Bowman,TE,2016,2,0.0,0.0
00-0031953,Geremy Davis,WR,2016,3,0.0,0.0
00-0032508,Hakeem Valles,TE,2016,5,0.0,0.0
00-0024272,Devin Hester,WR,2016,14,0.0,0.0
00-0028958,Cory Harkey,TE,2016,1,0.0,0.0
00-0032775,Demarcus Robinson,WR,2016,7,0.0,0.0
00-0024264,Kellen Clemens,QB,2016,1,-0.1,-0.1
00-0031589,Brett Hundley,QB,2016,5,-0.11999999999999988,-0.023999999999999976
00-0026197,Chad Henne,QB,2016,1,-0.2,-0.2
00-0032844,Brandon Burks,RB,2016,1,-0.4,-0.4
00-0026898,Mark Sanchez,QB,2016,2,-0.4800000000000001,-0.24000000000000005
00-0032245,Sean Mannion,QB,2016,1,-1.34,-1.34
00-0028012,Ryan Mallett,QB,2016,4,-1.56,-0.39
00-0027939,Cam Newton,QB,2015,19,447.02,23.527368421052632
00-0027793,Antonio Brown,WR,2015,17,403.1,23.711764705882356
00-0019596,Tom Brady,QB,2015,18,385.08000000000004,21.393333333333334
00-0029263,Russell Wilson,QB,2015,18,371.88,20.66
00-0027944,Julio Jones,WR,2015,16,369.1,23.06875
00-0030564,DeAndre Hopkins,WR,2015,17,344.0,20.235294117647058
00-0024334,Brandon Marshall,WR,2015,16,339.2,21.2
00-0023459,Aaron Rodgers,QB,2015,18,338.08000000000004,18.782222222222224
00-0021429,Carson Palmer,QB,2015,18,332.6,18.477777777777778
00-0031235,Odell Beckham Jr.,WR,2015,15,319.3,21.28666666666667
00-0022921,Larry Fitzgerald,WR,2015,18,319.1,17.727777777777778
00-0031285,Devonta Freeman,RB,2015,15,316.40000000000003,21.093333333333337
00-0031407,Blake Bortles,QB,2015,16,316.12,19.7575
00-0029604,Kirk Cousins,QB,2015,17,314.8,18.51764705882353
00-0027656,Rob Gronkowski,TE,2015,17,311.3,18.311764705882354
00-0020531,Drew Brees,QB,2015,15,304.2,20.279999999999998
00-0031428,Allen Robinson,WR,2015,16,304.0,19.0
00-0023436,Alex Smith,QB,2015,18,301.78000000000003,16.765555555555558
00-0028434,Doug Baldwin,WR,2015,18,300.3,16.683333333333334
00-0027942,A.J. Green,WR,2015,17,291.8,17.16470588235294
00-0026498,Matthew Stafford,QB,2015,16,290.78000000000003,18.173750000000002
00-0022803,Eli Manning,QB,2015,16,287.38,17.96125
00-0023682,Ryan Fitzpatrick,QB,2015,16,285.2,17.825
00-0022942,Philip Rivers,QB,2015,16,284.48,17.78
00-0027874,Demaryius Thomas,WR,2015,19,282.40000000000003,14.863157894736844
00-0031503,Jameis Winston,QB,2015,16,274.98,17.18625
00-0025418,Greg Olsen,TE,2015,19,272.5,14.342105263157896
00-0028118,Tyrod Taylor,QB,2015,14,271.6,19.400000000000002
00-0031280,Derek Carr,QB,2015,16,271.28000000000003,16.955000000000002
00-0030472,Jordan Reed,TE,2015,15,271.2,18.08
00-0031382,Jarvis Landry,WR,2015,16,269.36,16.835
00-0025394,Adrian Peterson,RB,2015,17,266.5,15.676470588235293
00-0027685,Emmanuel Sanders,WR,2015,18,265.4,14.744444444444444
00-0025389,Calvin Johnson,WR,2015,16,261.4,16.3375
00-0029701,Ryan Tannehill,QB,2015,16,258.32,16.145
00-0022924,Ben Roethlisberger,QB,2015,14,254.84,18.202857142857145
00-0031236,Brandin Cooks,WR,2015,16,253.6,15.85
00-0032187,David Johnson,RB,2015,18,253.4,14.077777777777778
00-0026995,Jeremy Maclin,WR,2015,17,253.4,14.905882352941177
00-0027690,Eric Decker,WR,2015,15,252.7,16.846666666666668
00-0024389,Delanie Walker,TE,2015,15,244.4,16.293333333333333
00-0027973,Andy Dalton,QB,2015,13,244.20000000000002,18.784615384615385
00-0026019,Danny Woodhead,RB,2015,16,243.1,15.19375
00-0026281,Gary Barnidge,TE,2015,16,237.3,14.83125
00-0026143,Matt Ryan,QB,2015,16,233.94,14.62125
00-0024242,DeAngelo Williams,RB,2015,16,233.4,14.5875
00-0029613,Doug Martin,RB,2015,16,232.3,14.51875
00-0029615,Lamar Miller,RB,2015,16,231.9,14.49375
00-0026986,Michael Crabtree,WR,2015,16,231.20000000000002,14.450000000000001
00-0031299,Jordan Matthews,TE,2015,16,230.7,14.41875
00-0024226,Jay Cutler,QB,2015,15,226.46,15.097333333333333
00-0031051,John Brown,WR,2015,17,225.20000000000002,13.247058823529413
00-0030821,Allen Hurns,WR,2015,15,225.1,15.006666666666666
00-0031325,Sammy Watkins,WR,2015,13,218.8,16.83076923076923
00-0030506,Travis Kelce,TE,2015,18,218.60000000000002,12.144444444444446
00-0028002,Randall Cobb,WR,2015,18,218.1,12.116666666666667
00-0031373,Martavis Bryant,WR,2015,13,216.9,16.684615384615384
00-0026184,Matt Forte,RB,2015,13,214.7,16.515384615384615
00-0031544,Amari Cooper,WR,2015,16,212.7,13.29375
00-0031408,Mike Evans,WR,2015,15,212.60000000000002,14.173333333333336
00-0025396,Ted Ginn,WR,2015,18,211.8,11.766666666666667
00-0029608,T.Y. Hilton,WR,2015,16,211.4,13.2125
00-0032268,Marcus Mariota,QB,2015,12,211.02,17.585
00-0027891,Golden Tate,WR,2015,16,209.4,13.0875
00-0032241,Todd Gurley,RB,2015,13,208.4,16.03076923076923
00-0026153,Jonathan Stewart,RB,2015,16,207.5,12.96875
00-0031237,Teddy Bridgewater,QB,2015,17,206.28,12.134117647058824
00-0025465,James Jones,WR,2015,18,206.1,11.45
00-0027150,Julian Edelman,WR,2015,11,205.9,18.71818181818182
00-0030513,Latavius Murray,RB,2015,16,204.8,12.8
00-0027966,Mark Ingram,RB,2015,12,203.4,16.95
00-0027531,Chris Ivory,RB,2015,15,202.70000000000002,13.513333333333334
00-0030549,Tyler Eifert,TE,2015,14,202.3,14.450000000000001
00-0026345,Pierre Garcon,WR,2015,17,197.70000000000002,11.629411764705884
00-0028497,Kamar Aiken,WR,2015,16,197.4,12.3375
00-0029638,Michael Floyd,WR,2015,17,197.20000000000002,11.600000000000001
00-0026144,Darren McFadden,RB,2015,16,195.70000000000002,12.231250000000001
00-0027854,Sam Bradford,QB,2015,14,194.9,13.921428571428573
00-0030525,Tavon Austin,WR,2015,16,194.7,12.16875
00-0029269,Travis Benjamin,WR,2015,16,193.8,12.1125
00-0023500,Frank Gore,RB,2015,16,193.4,12.0875
00-0022943,Benjamin Watson,TE,2015,16,190.5,11.90625
00-0029854,C.J. Anderson,RB,2015,18,189.60000000000002,10.533333333333335
00-0027791,James Starks,RB,2015,18,187.5,10.416666666666666
00-0029159,Jermaine Kearse,WR,2015,18,186.3,10.350000000000001
00-0031301,Jeremy Hill,RB,2015,17,185.0,10.882352941176471
00-0029262,Rueben Randle,WR,2015,16,184.7,11.54375
00-0028009,DeMarco Murray,RB,2015,15,184.4,12.293333333333333
00-0030456,Giovani Bernard,RB,2015,17,184.20000000000002,10.83529411764706
00-0030663,Willie Snead,WR,2015,15,183.4,12.226666666666667
00-0029293,Marvin Jones,WR,2015,17,181.1,10.652941176470588
00-0031390,Charles Sims,RB,2015,16,180.0,11.25
00-0030107,Theo Riddick,RB,2015,16,179.0,11.1875
00-0027029,LeSean McCoy,RB,2015,12,178.70000000000002,14.891666666666667
00-0032211,Tyler Lockett,WR,2015,18,176.4,9.8
00-0031339,Donte Moncrief,WR,2015,16,173.3,10.83125
00-0031384,Richard Rodgers,TE,2015,18,172.7,9.594444444444443
00-0030061,Zach Ertz,TE,2015,15,170.3,11.353333333333333
00-0022084,Anquan Boldin,WR,2015,14,169.9,12.135714285714286
00-0029683,Ronnie Hillman,RB,2015,19,168.5,8.868421052631579
00-0027155,Rashad Jennings,RB,2015,16,164.9,10.30625
00-0022127,Jason Witten,TE,2015,16,164.3,10.26875
00-0032257,Duke Johnson,RB,2015,16,164.3,10.26875
00-0030279,Keenan Allen,WR,2015,8,163.5,20.4375
00-0026035,Danny Amendola,WR,2015,16,163.04000000000002,10.190000000000001
00-0030485,Eddie Lacy,RB,2015,17,162.0,9.529411764705882
00-0026625,Brian Hoyer,QB,2015,12,161.98,13.498333333333333
00-0026158,Joe Flacco,QB,2015,10,161.94,16.194
00-0030460,Markus Wheaton,WR,2015,18,161.2,8.955555555555556
00-0029137,Alshon Jeffery,WR,2015,9,158.70000000000002,17.633333333333336
00-0027994,Shane Vereen,RB,2015,16,158.4,9.9
00-0031588,Stefon Diggs,WR,2015,14,156.5,11.178571428571429
00-0032209,T.J. Yeldon,RB,2015,12,155.9,12.991666666666667
00-0030542,Terrance Williams,WR,2015,16,154.0,9.625
00-0030668,Charcandrick West,RB,2015,17,152.9,8.994117647058824
00-0023564,Darren Sproles,RB,2015,16,149.5,9.34375
00-0021547,Antonio Gates,TE,2015,11,149.0,13.545454545454545
00-0031569,Jeremy Langford,RB,2015,15,147.6,9.84
00-0031577,Javorius Allen,RB,2015,16,145.7,9.10625
00-0031118,Corey Brown,WR,2015,17,141.0,8.294117647058824
00-0031941,Jamison Crowder,WR,2015,17,140.1,8.241176470588234
00-0031062,James White,RB,2015,14,139.6,9.971428571428572
00-0024313,Owen Daniels,TE,2015,19,138.8,7.305263157894737
00-0023367,Nate Washington,WR,2015,14,138.1,9.864285714285714
00-0030656,Isaiah Crowell,RB,2015,16,137.8,8.6125
00-0028064,Bilal Powell,RB,2015,11,135.1,12.281818181818181
00-0029000,Cole Beasley,WR,2015,16,133.6,8.35
00-0029580,Rishard Matthews,WR,2015,11,133.6,12.145454545454545
00-0021206,Josh McCown,QB,2015,8,132.16,16.52
00-0023465,Heath Miller,TE,2015,17,132.1,7.770588235294118
00-0027981,Kyle Rudolph,TE,2015,17,131.9,7.758823529411765
00-0020337,Steve Smith,WR,2015,7,131.0,18.714285714285715
00-0029668,Andrew Luck,QB,2015,7,130.84,18.69142857142857
00-0031387,Eric Ebron,TE,2015,14,130.70000000000002,9.335714285714287
00-0026267,Jacob Tamme,TE,2015,15,130.7,8.713333333333333
00-0027948,Blaine Gabbert,QB,2015,8,129.74,16.2175
00-0031897,Thomas Rawls,RB,2015,12,127.60000000000001,10.633333333333335
00-0027996,Torrey Smith,WR,2015,16,125.30000000000001,7.831250000000001
00-0032055,Devin Funchess,WR,2015,19,124.60000000000001,6.557894736842106
00-0027864,Ryan Mathews,RB,2015,13,124.5,9.576923076923077
00-0032152,Karlos Williams,RB,2015,11,124.30000000000001,11.3
00-0029697,Coby Fleener,TE,2015,15,123.10000000000001,8.206666666666667
00-0027325,LeGarrette Blount,RB,2015,12,122.6,10.216666666666667
00-0026373,Justin Forsett,RB,2015,10,122.4,12.24
00-0027006,Kenny Britt,WR,2015,16,122.10000000000001,7.6312500000000005
00-0028112,Charles Clay,TE,2015,13,121.80000000000001,9.36923076923077
00-0031075,Alfred Blue,RB,2015,15,121.60000000000001,8.106666666666667
00-0028067,Julius Thomas,TE,2015,12,121.5,10.125
00-0031381,Davante Adams,WR,2015,14,121.1,8.65
00-0024466,Marques Colston,WR,2015,13,121.0,9.307692307692308
00-0027696,Jimmy Graham,TE,2015,11,120.5,10.954545454545455
00-0028087,Dion Lewis,RB,2015,7,120.2,17.17142857142857
00-0010346,Peyton Manning,QB,2015,13,119.92,9.224615384615385
00-0022811,Jerricho Cotchery,WR,2015,17,119.7,7.041176470588235
00-0030431,Robert Woods,WR,2015,14,118.2,8.442857142857143
00-0032104,Ameer Abdullah,RB,2015,16,117.0,7.3125
00-0029682,Brock Osweiler,QB,2015,8,116.78,14.5975
00-0030669,Albert Wilson,WR,2015,16,115.4,7.2125
00-0022044,Andre Johnson,WR,2015,16,115.30000000000001,7.206250000000001
00-0026201,Martellus Bennett,TE,2015,11,114.9,10.445454545454545
00-0031939,Matt Jones,RB,2015,13,114.4,8.8
00-0032218,Dorial Green-Beckham,WR,2015,14,112.89999999999999,8.064285714285713
00-0026364,Steve Johnson,WR,2015,9,112.70000000000002,12.522222222222224
00-0030789,Antonio Andrews,RB,2015,14,112.04,8.002857142857144
00-0030404,Chris Thompson,RB,2015,14,112.0,8.0
00-0031166,Seth Roberts,WR,2015,16,112.0,7.0
00-0028052,Cecil Shorts,WR,2015,12,111.44,9.286666666666667
00-0030496,Le'Veon Bell,RB,2015,6,111.2,18.533333333333335
00-0026189,DeSean Jackson,WR,2015,10,110.5,11.05
00-0027077,Brian Hartline,WR,2015,12,110.30000000000001,9.191666666666668
00-0027974,Colin Kaepernick,QB,2015,9,110.20000000000002,12.244444444444447
00-0032144,Melvin Gordon,RB,2015,14,108.3,7.735714285714286
00-0029275,Ladarius Green,TE,2015,13,107.9,8.3
00-0027125,Zach Miller,TE,2015,13,107.9,8.3
00-0023496,Vincent Jackson,WR,2015,10,107.30000000000001,10.73
00-0026164,Chris Johnson,RB,2015,11,107.2,9.745454545454546
00-0027218,Joique Bell,RB,2015,13,105.7,8.13076923076923
00-0032004,Will Tye,TE,2015,13,104.4,8.03076923076923
00-0022414,Malcom Floyd,WR,2015,15,102.10000000000001,6.8066666666666675
00-0029141,Alfred Morris,RB,2015,17,101.60000000000001,5.976470588235294
00-0026213,Jamaal Charles,RB,2015,5,101.1,20.22
00-0026901,Mike Wallace,WR,2015,16,100.9,6.30625
00-0028114,Dwayne Harris,WR,2015,15,100.80000000000001,6.720000000000001
00-0028411,Dontrelle Inman,WR,2015,13,99.60000000000001,7.661538461538462
00-0023462,Roddy White,WR,2015,15,99.6,6.64
00-0030992,Crockett Gillmore,TE,2015,10,98.2,9.82
00-0029708,Kendall Wright,WR,2015,10,96.5,9.65
00-0029632,Mohamed Sanu,WR,2015,17,96.2,5.658823529411765
00-0029567,Nick Foles,QB,2015,11,96.08,8.734545454545454
00-0030414,Spencer Ware,RB,2015,10,95.5,9.55
00-0031409,Johnny Manziel,QB,2015,9,95.0,10.555555555555555
00-0028237,Chris Hogan,WR,2015,15,93.56,6.237333333333334
00-0031547,DeVante Parker,WR,2015,10,93.4,9.34
00-0027681,Brandon LaFell,WR,2015,12,93.0,7.75
00-0027651,Dexter McCluster,WR,2015,11,91.7,8.336363636363636
00-0028040,Jordan Cameron,TE,2015,16,91.6,5.725
00-0007091,Matt Hasselbeck,QB,2015,8,91.1,11.3875
00-0029510,Jonathan Grimes,RB,2015,14,90.2,6.442857142857143
00-0031376,Jerick McKinnon,RB,2015,17,89.3,5.252941176470588
00-0027902,Dez Bryant,WR,2015,9,89.1,9.899999999999999
00-0030085,Kenny Stills,WR,2015,15,89.0,5.933333333333334
00-0026224,Harry Douglas,WR,2015,14,88.5,6.321428571428571
00-0025399,Marshawn Lynch,RB,2015,8,88.2,11.025
00-0030801,Brandon Coleman,WR,2015,16,87.4,5.4625
00-0027061,Jared Cook,TE,2015,16,87.1,5.44375
00-0024204,Fred Jackson,RB,2015,17,87.0,5.117647058823529
00-0026289,Tim Hightower,RB,2015,6,86.4,14.4
00-0029738,Darren Fells,TE,2015,14,85.10000000000001,6.078571428571429
00-0025549,Brent Celek,TE,2015,12,84.8,7.066666666666666
00-0023310,Lance Moore,WR,2015,13,84.7,6.515384615384615
00-0031045,Carlos Hyde,RB,2015,7,81.30000000000001,11.614285714285716
00-0027861,C.J. Spiller,RB,2015,13,81.1,6.238461538461538
00-0029572,Jarius Wright,WR,2015,16,81.0,5.0625
00-0030470,Vance McDonald,TE,2015,14,80.60000000000001,5.757142857142858
00-0030047,Marquess Wilson,WR,2015,11,80.4,7.3090909090909095
00-0032256,Clive Walford,TE,2015,15,78.9,5.260000000000001
00-0031418,Austin Seferian-Jenkins,TE,2015,7,78.8,11.257142857142856
00-0028202,Shaun Draughn,RB,2015,11,77.9,7.081818181818182
00-0024221,Vernon Davis,TE,2015,14,77.5,5.535714285714286
00-0026796,Arian Foster,RB,2015,4,77.0,19.25
00-0028017,Leonard Hankerson,WR,2015,7,76.7,10.957142857142857
00-0029239,Brandon Bolden,RB,2015,14,76.5,5.464285714285714
00-0030990,Josh Huff,WR,2015,15,76.2,5.08
00-0030450,Quinton Patton,WR,2015,16,75.9,4.74375
00-0030287,Andre Ellington,RB,2015,12,75.0,6.25
00-0027595,Bryan Walters,WR,2015,11,74.8,6.8
00-0030388,Joseph Randle,RB,2015,6,74.1,12.35
00-0025516,Scott Chandler,TE,2015,12,72.9,6.075
00-0026983,Darrius Heyward-Bey,WR,2015,16,72.8,4.55
00-0029438,Chris Polk,RB,2015,15,72.3,4.819999999999999
00-0029415,Keshawn Martin,WR,2015,11,71.2,6.472727272727273
00-0028012,Ryan Mallett,QB,2015,7,70.94,10.134285714285713
00-0030348,Khiry Robinson,RB,2015,8,70.5,8.8125
00-0031273,Cameron Brate,TE,2015,12,69.8,5.816666666666666
00-0030547,Denard Robinson,RB,2015,12,68.0,5.666666666666667
00-0030691,Jeremy Butler,WR,2015,8,67.3,8.4125
00-0024268,Anthony Fasano,TE,2015,14,66.9,4.778571428571429
00-0023662,Matt Cassel,QB,2015,8,66.84,8.355
00-0026182,Eddie Royal,WR,2015,9,66.7,7.411111111111111
00-0029677,Brandon Weeden,QB,2015,6,66.42,11.07
00-0030514,Mychal Rivera,TE,2015,15,66.0,4.4
00-0027758,Riley Cooper,WR,2015,12,65.7,5.4750000000000005
00-0029795,Benny Cunningham,RB,2015,16,65.0,4.0625
00-0031558,Maxx Williams,TE,2015,14,64.8,4.628571428571428
00-0031288,AJ McCarron,QB,2015,8,64.64,8.08
00-0028838,Larry Donnell,TE,2015,8,63.300000000000004,7.9125000000000005
00-0029614,Chris Givens,WR,2015,14,63.1,4.507142857142857
00-0030108,Ryan Griffin,TE,2015,10,63.0,6.3
00-0031068,Ryan Grant,WR,2015,15,61.8,4.12
00-0027985,Lance Kendricks,TE,2015,14,61.5,4.392857142857143
00-0032112,J.J. Nelson,WR,2015,12,61.2,5.1000000000000005
00-0031413,Bishop Sankey,RB,2015,12,59.2,4.933333333333334
00-0032128,Chris Conley,WR,2015,14,59.1,4.2214285714285715
00-0032009,Adam Humphries,WR,2015,11,59.0,5.363636363636363
00-0028263,Andre Holmes,WR,2015,15,58.1,3.8733333333333335
00-0031549,Nelson Agholor,WR,2015,13,57.3,4.407692307692307
00-0028903,Garrett Celek,TE,2015,10,55.6,5.5600000000000005
00-0027918,Andrew Hawkins,WR,2015,8,54.6,6.825
00-0030521,Justin Hunter,WR,2015,9,54.4,6.044444444444444
00-0030089,Luke Willson,TE,2015,14,53.7,3.835714285714286
00-0031023,Quincy Enunwa,WR,2015,11,53.5,4.863636363636363
00-0029319,Josh Bellamy,WR,2015,14,53.4,3.814285714285714
00-0031228,Taylor Gabriel,WR,2015,12,52.1,4.341666666666667
00-0027816,Marc Mariani,WR,2015,16,52.0,3.25
00-0030433,Mike Gillislee,RB,2015,5,51.6,10.32
00-0031391,Tre Mason,RB,2015,13,51.5,3.9615384615384617
00-0031560,Jaelen Strong,WR,2015,11,50.800000000000004,4.618181818181818
00-0026998,Percy Harvin,WR,2015,5,49.9,9.98
00-0029004,Lance Dunbar,RB,2015,4,49.2,12.3
00-0026739,Jordan Norwood,WR,2015,13,48.300000000000004,3.7153846153846155
00-0032208,Phillip Dorsett,WR,2015,11,48.2,4.381818181818182
00-0031060,De'Anthony Thomas,WR,2015,10,46.4,4.64
00-0027873,Jermaine Gresham,TE,2015,14,46.3,3.307142857142857
00-0024267,Greg Jennings,WR,2015,12,45.8,3.8166666666666664
00-0027003,Donald Brown,RB,2015,6,45.7,7.616666666666667
00-0028198,Matt Asiata,RB,2015,16,45.7,2.85625
00-0027675,Ed Dickson,TE,2015,19,45.3,2.384210526315789
00-0029205,Travaris Cadet,RB,2015,6,45.2,7.533333333333334
00-0030874,Damien Williams,RB,2015,14,45.1,3.2214285714285715
00-0029848,Nick Williams,WR,2015,11,44.9,4.081818181818182
00-0030920,Javontee Herndon,WR,2015,8,44.8,5.6
00-0031431,Marqise Lee,WR,2015,9,43.9,4.877777777777777
00-0030670,Bennie Fowler,WR,2015,18,43.8,2.433333333333333
00-0028986,Case Keenum,QB,2015,5,43.620000000000005,8.724
00-0029033,Griff Whalen,WR,2015,12,43.5,3.625
00-0031001,Jeff Janis,WR,2015,15,43.4,2.893333333333333
00-0028091,Jeremy Kerley,WR,2015,16,43.2,2.7
00-0025637,Ahmad Bradshaw,RB,2015,6,42.9,7.1499999999999995
00-0031590,Jay Ajayi,RB,2015,9,42.7,4.7444444444444445
00-0032058,Tevin Coleman,RB,2015,12,42.6,3.5500000000000003
00-0031266,Zach Mettenberger,QB,2015,7,42.2,6.028571428571429
00-0032200,Ty Montgomery,WR,2015,6,42.0,7.0
00-0023921,Miles Austin,WR,2015,11,41.4,3.7636363636363637
00-0021678,Tony Romo,QB,2015,4,40.66,10.165
00-0031570,Justin Hardy,WR,2015,9,40.4,4.488888888888889
00-0032170,Rashad Greene,WR,2015,9,40.300000000000004,4.477777777777778
00-0030216,Josh Hill,TE,2015,14,40.0,2.857142857142857
00-0029731,Fozzy Whittaker,RB,2015,16,40.0,2.5
00-0030526,EJ Manuel,QB,2015,4,38.84,9.71
00-0031302,C.J. Fiedorowicz,TE,2015,15,38.800000000000004,2.586666666666667
00-0028142,Virgil Green,TE,2015,15,38.7,2.58
00-0024243,Marcedes Lewis,TE,2015,15,38.6,2.5733333333333333
00-0030432,Christine Michael,RB,2015,10,38.300000000000004,3.8300000000000005
00-0030516,Brice Butler,WR,2015,5,37.8,7.56
00-0024324,Jason Avant,WR,2015,11,37.8,3.436363636363636
00-0029119,Derek Carrier,TE,2015,12,37.1,3.091666666666667
00-0031599,Cameron Artis-Payne,RB,2015,7,36.9,5.271428571428571
00-0027725,Clay Harbor,TE,2015,10,36.9,3.69
00-0031057,Ka'Deem Carey,RB,2015,9,36.8,4.088888888888889
00-0030532,Stedman Bailey,WR,2015,8,36.2,4.525
00-0026225,Craig Stevens,TE,2015,10,36.1,3.6100000000000003
00-0026237,Andre Caldwell,WR,2015,15,36.1,2.4066666666666667
00-0028581,Patrick DiMarco,RB,2015,12,36.0,3.0
00-0028409,DuJuan Harris,RB,2015,4,35.599999999999994,8.899999999999999
00-0031055,Andre Williams,RB,2015,16,35.4,2.2125
00-0031598,Nick Boyle,TE,2015,9,35.3,3.922222222222222
00-0030035,Adam Thielen,WR,2015,11,35.3,3.209090909090909
00-0029273,Robert Turbin,RB,2015,10,35.2,3.5200000000000005
00-0031021,Jared Abbrederis,WR,2015,10,35.0,3.5
00-0031277,Branden Oliver,RB,2015,8,35.0,4.375
00-0030422,Dion Sims,TE,2015,13,34.7,2.6692307692307695
00-0027732,Michael Hoomanawanui,TE,2015,10,34.6,3.46
00-0029492,Jamize Olawale,RB,2015,13,34.4,2.646153846153846
00-0028702,Chris Matthews,WR,2015,12,34.1,2.841666666666667
00-0030300,Jaron Brown,WR,2015,14,34.0,2.4285714285714284
00-0030187,Rashad Ross,WR,2015,14,33.6,2.4
00-0032062,Blake Bell,TE,2015,9,33.6,3.7333333333333334
00-0030000,Kenbrell Thompkins,WR,2015,6,33.5,5.583333333333333
00-0027659,Jimmy Clausen,QB,2015,4,33.160000000000004,8.290000000000001
00-0031332,Fitzgerald Toussaint,RB,2015,5,33.1,6.62
00-0029234,Kellen Moore,QB,2015,3,33.06,11.020000000000001
00-0029689,Dwayne Allen,TE,2015,13,33.0,2.5384615384615383
00-0026898,Mark Sanchez,QB,2015,3,32.84,10.946666666666667
00-0029104,Jonas Gray,RB,2015,7,32.2,4.6000000000000005
00-0031682,Terron Ward,RB,2015,10,31.8,3.18
00-0028063,Taiwan Jones,RB,2015,12,31.0,2.5833333333333335
00-0020245,Mike Vick,QB,2015,5,30.740000000000002,6.148000000000001
00-0030536,Zac Stacy,RB,2015,7,30.400000000000002,4.342857142857143
00-0032008,Donteea Dye,WR,2015,10,30.2,3.02
00-0032214,Tyler Kroft,TE,2015,13,29.9,2.3
00-0027089,Louis Murphy,WR,2015,5,29.800000000000004,5.960000000000001
00-0029587,Rhett Ellison,TE,2015,12,29.400000000000002,2.45
00-0031326,Bruce Ellington,WR,2015,13,29.0,2.230769230769231
00-0031189,T.J. Jones,WR,2015,10,28.900000000000002,2.89
00-0029910,Timothy Wright,TE,2015,8,28.7,3.5875
00-0030860,Orleans Darkwa,RB,2015,12,27.400000000000002,2.2833333333333337
00-0030758,Justin Perillo,TE,2015,6,27.2,4.533333333333333
00-0030540,Aaron Dobson,WR,2015,6,27.1,4.516666666666667
00-0030049,Chris Gragg,TE,2015,7,27.0,3.857142857142857
00-0031600,Keith Mumphery,WR,2015,15,26.900000000000002,1.7933333333333334
00-0022787,Matt Schaub,QB,2015,2,26.6,13.3
00-0031934,Devin Smith,WR,2015,7,26.5,3.7857142857142856
00-0028043,Roy Helu,RB,2015,8,26.4,3.3
00-0029534,Cooper Helfet,TE,2015,7,26.0,3.7142857142857144
00-0031972,Darius Jennings,WR,2015,3,25.7,8.566666666666666
00-0030288,Rex Burkhead,RB,2015,16,25.7,1.60625
00-0030181,Jack Doyle,TE,2015,10,25.200000000000003,2.5200000000000005
00-0030400,Marlon Brown,WR,2015,9,25.2,2.8
00-0031375,Terrance West,RB,2015,8,25.2,3.15
00-0028097,Lee Smith,TE,2015,13,25.0,1.9230769230769231
00-0032135,Jesse James,TE,2015,6,24.8,4.133333333333334
00-0027135,Brandon Myers,TE,2015,6,24.7,4.116666666666666
00-0027691,Andre Roberts,WR,2015,8,24.5,3.0625
00-0024813,Pierre Thomas,RB,2015,5,24.5,4.9
00-0031344,Cody Latimer,WR,2015,10,24.099999999999998,2.4099999999999997
00-0022736,Steven Jackson,RB,2015,4,23.6,5.9
00-0022427,Wes Welker,WR,2015,7,23.2,3.314285714285714
00-0031585,MyCole Pruitt,TE,2015,12,23.1,1.925
00-0030280,Knile Davis,RB,2015,15,23.1,1.54
00-0031912,Cameron Meredith,WR,2015,6,23.0,3.8333333333333335
00-0027139,John Phillips,TE,2015,9,22.9,2.5444444444444443
00-0028090,T.J. Yates,QB,2015,4,22.8,5.7
00-0032130,Jalston Fowler,RB,2015,12,22.700000000000003,1.8916666666666668
00-0031310,Devin Street,WR,2015,11,22.4,2.036363636363636
00-0030155,Demetrius Harris,TE,2015,9,22.4,2.488888888888889
00-0030117,Kerwynn Williams,RB,2015,6,21.8,3.6333333333333333
00-0030274,Myles White,WR,2015,10,21.8,2.18
00-0031818,Bradley Marquez,WR,2015,14,21.8,1.5571428571428572
00-0030272,Jake Stoneburner,TE,2015,3,21.7,7.233333333333333
00-0030113,Charles D. Johnson,WR,2015,6,21.7,3.6166666666666667
00-0029588,Dan Herron,RB,2015,9,21.6,2.4000000000000004
00-0030465,Kenjon Barner,RB,2015,6,21.6,3.6
00-0032133,David Cobb,RB,2015,7,21.4,3.057142857142857
00-0027069,Chase Coffman,TE,2015,3,21.1,7.033333333333334
00-0027356,Marlon Moore,WR,2015,10,21.1,2.1100000000000003
00-0028042,Luke Stocker,TE,2015,8,21.1,2.6375
00-0027772,Anthony Dixon,RB,2015,15,20.8,1.3866666666666667
00-0030524,Landry Jones,QB,2015,8,20.459999999999997,2.5574999999999997
00-0029640,Brian Quick,WR,2015,9,20.200000000000003,2.244444444444445
00-0030565,Geno Smith,QB,2015,1,20.0,20.0
00-0026996,Brandon Pettigrew,TE,2015,8,19.700000000000003,2.4625000000000004
00-0031743,Akeem Hunt,RB,2015,8,19.5,2.4375
00-0031044,Troy Niklas,TE,2015,5,19.3,3.8600000000000003
00-0028957,Austin Davis,QB,2015,3,19.18,6.3933333333333335
00-0029394,Brenton Bersin,WR,2015,5,18.900000000000002,3.7800000000000002
00-0030039,Kendall Gaskins,RB,2015,5,18.7,3.7399999999999998
00-0031066,Lorenzo Taliaferro,RB,2015,3,18.6,6.2
00-0030544,Gavin Escobar,TE,2015,8,18.400000000000002,2.3000000000000003
00-0031757,Lucky Whitehead,WR,2015,12,18.3,1.5250000000000001
00-0028249,Jeremy Ross,WR,2015,11,18.0,1.6363636363636365
00-0030780,Ryan Hewitt,TE,2015,9,17.9,1.9888888888888887
00-0032160,Tyrell Williams,WR,2015,4,17.0,4.25
00-0029634,James Hanna,TE,2015,10,16.900000000000002,1.6900000000000002
00-0028442,Ricardo Lockette,WR,2015,6,16.900000000000002,2.816666666666667
00-0032063,Mike Davis,RB,2015,5,16.6,3.3200000000000003
00-0026186,Jerome Simpson,WR,2015,5,16.4,3.28
00-0031025,Michael Campanaro,WR,2015,4,16.2,4.05
00-0030705,Juwan Thompson,RB,2015,8,15.900000000000002,1.9875000000000003
00-0027695,Tony Moeaki,TE,2015,5,14.799999999999999,2.96
00-0031951,James O'Shaughnessy,TE,2015,6,14.700000000000001,2.45
00-0028905,Chris Owusu,WR,2015,3,14.0,4.666666666666667
00-0027057,Brandon Tate,WR,2015,16,13.9,0.86875
00-0031462,Jerome Cunningham,TE,2015,7,13.899999999999999,1.9857142857142855
00-0031493,Jarryd Hayne,RB,2015,8,13.899999999999999,1.7374999999999998
00-0030443,Levine Toilolo,TE,2015,11,13.4,1.2181818181818183
00-0029429,Bryce Brown,RB,2015,3,13.2,4.3999999999999995
00-0027718,Garrett Graham,TE,2015,8,13.0,1.625
00-0028011,Stevan Ridley,RB,2015,8,12.8,1.6
00-0027708,Marcus Easley,WR,2015,11,12.8,1.1636363636363638
00-0027321,Jeff Cumberland,TE,2015,9,12.700000000000001,1.4111111111111112
00-0030855,Zurlon Tipton,RB,2015,6,12.7,2.1166666666666667
00-0027005,Hakeem Nicks,WR,2015,6,12.4,2.066666666666667
00-0032098,Daniel Brown,TE,2015,4,12.399999999999999,3.0999999999999996
00-0028841,Will Johnson,RB,2015,8,12.3,1.5375
00-0027825,Jim Dray,TE,2015,11,12.1,1.0999999999999999
00-0023752,Daniel Fells,TE,2015,2,12.0,6.0
00-0030147,Russell Shepard,WR,2015,11,11.8,1.0727272727272728
00-0030095,Corey Fuller,WR,2015,7,11.600000000000001,1.6571428571428573
00-0022864,Luke McCown,QB,2015,2,11.4,5.7
00-0031320,Kevin Smith,WR,2015,6,11.4,1.9000000000000001
00-0031611,Josh Robinson,RB,2015,5,11.2,2.2399999999999998
00-0026298,Kellen Davis,TE,2015,13,10.799999999999999,0.8307692307692307
00-0026993,Josh Freeman,QB,2015,1,10.360000000000001,10.360000000000001
00-0025410,Dwayne Bowe,WR,2015,7,10.3,1.4714285714285715
00-0032166,Sammie Coates,WR,2015,2,10.200000000000001,5.1000000000000005
00-0029388,Deonte Thompson,WR,2015,7,10.1,1.4428571428571428
00-0023578,Dan Orlovsky,QB,2015,2,10.040000000000001,5.0200000000000005
00-0027888,Toby Gerhart,RB,2015,5,9.700000000000001,1.9400000000000002
00-0030419,Matt McGloin,QB,2015,2,9.68,4.84
00-0032123,Tre McBride,WR,2015,6,9.600000000000001,1.6000000000000003
00-0028121,Jordan Todman,RB,2015,8,9.3,1.1625
00-0031665,Zach Zenner,RB,2015,4,9.100000000000001,2.2750000000000004
00-0027450,Preston Parker,WR,2015,2,9.0,4.5
00-0027688,Colt McCoy,QB,2015,2,8.82,4.41
00-0024217,Reggie Bush,RB,2015,5,8.7,1.7399999999999998
00-0030710,Trey Burton,TE,2015,12,8.4,0.7000000000000001
00-0029623,Alex Tanney,QB,2015,1,7.96,7.96
00-0028958,Cory Harkey,TE,2015,9,7.6,0.8444444444444444
00-0028007,Rob Housler,TE,2015,5,7.3,1.46
00-0030282,Stepfan Taylor,RB,2015,10,7.2,0.72
00-0027753,Andrew Quarless,TE,2015,3,7.1000000000000005,2.3666666666666667
00-0028050,Greg Salas,WR,2015,2,7.1000000000000005,3.5500000000000003
00-0030586,Ryan Nassib,QB,2015,1,6.720000000000001,6.720000000000001
00-0024264,Kellen Clemens,QB,2015,2,6.42,3.21
00-0029384,Bobby Rainey,RB,2015,15,6.4,0.4266666666666667
00-0029660,Trevor Graham,WR,2015,4,6.4,1.6
00-0029531,Ryan Lindley,QB,2015,1,6.32,6.32
00-0028083,Jacquizz Rodgers,RB,2015,5,6.1,1.22
00-0030110,Michael Williams,TE,2015,11,5.6,0.509090909090909
00-0032068,Malcolm Johnson,RB,2015,5,5.5,1.1
00-0031744,Matt LaCosse,TE,2015,1,5.2,5.2
00-0028825,Terrelle Pryor,WR,2015,2,5.1000000000000005,2.5500000000000003
00-0031257,Paul Richardson,WR,2015,1,5.0,5.0
00-0029264,Bernard Pierce,RB,2015,5,4.800000000000001,0.9600000000000002
00-0032117,Nick O'Leary,TE,2015,3,4.7,1.5666666666666667
00-0030120,B.J. Daniels,WR,2015,6,4.680000000000001,0.7800000000000001
00-0030578,Cordarrelle Patterson,RB,2015,15,4.5,0.3
00-0032045,Andrew Turzilli,WR,2015,1,4.5,4.5
00-0030068,Marquise Goodwin,WR,2015,2,4.4,2.2
00-0031932,Chandler Worthy,WR,2015,3,4.4,1.4666666666666668
00-0028987,Phillip Supernaw,TE,2015,10,4.2,0.42000000000000004
00-0024296,Charlie Whitehurst,QB,2015,4,4.1,1.025
00-0025464,Matt Spaeth,TE,2015,5,4.1,0.82
00-0031953,Geremy Davis,WR,2015,5,4.1,0.82
00-0031610,Darren Waller,TE,2015,4,3.8000000000000003,0.9500000000000001
00-0031511,DeAndrew White,WR,2015,3,3.8,1.2666666666666666
00-0028020,Vincent Brown,WR,2015,1,3.2,3.2
00-0030659,Jonathan Krause,WR,2015,2,3.1,1.55
00-0031816,Tyler Murphy,WR,2015,1,2.6,2.6
00-0023506,Alex Smith,TE,2015,3,2.6,0.8666666666666667
00-0030154,Frankie Hammond,WR,2015,9,2.5,0.2777777777777778
00-0024535,Eric Weems,WR,2015,12,2.5,0.20833333333333334
00-0031806,Malcolm Brown,RB,2015,1,2.5,2.5
00-0031962,Mario Alford,WR,2015,1,2.5,2.5
00-0032250,Kasen Williams,WR,2015,2,2.3,1.15
00-0031900,Rod Smith,RB,2015,5,2.1,0.42000000000000004
00-0031826,John Crockett,RB,2015,2,2.1,1.05
00-0031167,Scott Simonson,TE,2015,1,2.0,2.0
00-0031830,Alonzo Harris,RB,2015,3,1.9000000000000001,0.6333333333333334
00-0032001,Ben Edwards,WR,2015,1,1.9,1.9
00-0029129,Rod Streater,WR,2015,1,1.8,1.8
00-0031968,E.J. Bibbs,TE,2015,2,1.7000000000000002,0.8500000000000001
00-0031922,Khari Lee,TE,2015,4,1.7000000000000002,0.42500000000000004
00-0031768,Terrence Magee,RB,2015,2,1.7,0.85
00-0031854,Chris Harper,WR,2015,3,1.6,0.5333333333333333
00-0032089,Brian Parker,TE,2015,3,1.6,0.5333333333333333
00-0030806,Nic Jacobs,TE,2015,4,1.6,0.4
00-0031731,Corey Grant,RB,2015,5,1.5000000000000004,0.3000000000000001
00-0029336,Brittan Golden,WR,2015,8,1.5,0.1875
00-0032134,C.J. Uzomah,TE,2015,3,1.4,0.4666666666666666
00-0029755,Brian Leonhardt,TE,2015,1,1.4,1.4
00-0027581,Seyi Ajirotutu,WR,2015,7,1.4,0.19999999999999998
00-0032245,Sean Mannion,QB,2015,1,1.24,1.24
00-0031531,Trey Williams,RB,2015,1,1.2000000000000002,1.2000000000000002
00-0026008,Matthew Mulligan,TE,2015,3,1.2,0.39999999999999997
00-0029878,MarQueis Gray,TE,2015,1,1.2,1.2
00-0026855,Antone Smith,RB,2015,1,1.1,1.1
00-0030832,Asante Cleveland,TE,2015,1,1.1,1.1
00-0023645,Derek Anderson,QB,2015,4,1.04,0.26
00-0032141,Geoff Swaim,TE,2015,2,1.0,0.5
00-0030856,Tony Washington,WR,2015,2,0.8,0.4
00-0030248,Cierre Wood,RB,2015,2,0.7,0.35
00-0024279,Tarvaris Jackson,QB,2015,4,0.68,0.17
00-0029435,Damaris Johnson,WR,2015,1,0.6000000000000001,0.6000000000000001
00-0025708,Matt Moore,QB,2015,1,0.36000000000000004,0.36000000000000004
00-0028053,Kendall Hunter,RB,2015,1,0.2,0.2
00-0030247,George Winn,RB,2015,4,0.1,0.025
00-0020679,Shaun Hill,QB,2015,3,0.09999999999999998,0.033333333333333326
00-0025460,Jacoby Jones,WR,2015,9,0.0,0.0
00-0031327,Kevin Norwood,WR,2015,1,0.0,0.0
00-0029048,Joe Banyard,RB,2015,2,0.0,0.0
00-0032115,Kaelin Clay,WR,2015,7,0.0,0.0
00-0031959,Marcus Murphy,RB,2015,13,0.0,0.0
00-0031514,Quan Bray,WR,2015,9,0.0,0.0
00-0031954,Evan Spencer,WR,2015,1,0.0,0.0
00-0030807,Seantavius Jones,WR,2015,1,0.0,0.0
00-0031102,Kapri Bibbs,RB,2015,1,0.0,0.0
00-0029260,LaMichael James,RB,2015,1,0.0,0.0
00-0026932,Cedric Peerman,RB,2015,12,0.0,0.0
00-0031687,Raheem Mostert,RB,2015,9,0.0,0.0
00-0028795,Chase Reynolds,RB,2015,8,0.0,0.0
00-0026293,Matthew Slater,WR,2015,14,0.0,0.0
00-0024272,Devin Hester,WR,2015,5,0.0,0.0
00-0026931,Bear Pascoe,TE,2015,1,0.0,0.0
00-0032188,Vince Mayle,TE,2015,1,0.0,0.0
00-0032120,Neal Sterling,TE,2015,1,0.0,0.0
00-0027583,Richie Brockel,TE,2015,1,0.0,0.0
00-0031392,Dri Archer,RB,2015,6,0.0,0.0
00-0029793,Brandon Williams,TE,2015,1,0.0,0.0
00-0029006,Saalim Hakim,WR,2015,1,0.0,0.0
00-0028086,Denarius Moore,WR,2015,5,0.0,0.0
00-0029308,Greg Scruggs,TE,2015,1,0.0,0.0
00-0031315,Matt Hazel,WR,2015,1,0.0,0.0
00-0031268,Walt Powell,WR,2015,2,0.0,0.0
00-0030162,Rico Richardson,WR,2015,3,0.0,0.0
00-0026577,Marcus Thigpen,WR,2015,9,-0.1,-0.011111111111111112
00-0032156,Trevor Siemian,QB,2015,1,-0.1,-0.1
00-0027796,Joe Webb,QB,2015,12,-0.1,-0.008333333333333333
00-0028595,Scott Tolzien,QB,2015,2,-0.14000000000000004,-0.07000000000000002
00-0026957,David Johnson,TE,2015,4,-0.20000000000000007,-0.05000000000000002
00-0026544,Chase Daniel,QB,2015,3,-0.24000000000000002,-0.08
00-0031345,Jimmy Garoppolo,QB,2015,4,-0.26,-0.065
00-0025430,Drew Stanton,QB,2015,6,-1.1400000000000001,-0.19000000000000003
00-0029626,Isaiah Pead,RB,2015,2,-1.7,-0.85
00-0030569,Sean Renfree,QB,2015,2,-1.96,-0.98
00-0031459,Glenn Winston,RB,2015,1,-2.8,-2.8
00-0027793,Antonio Brown,WR,2014,17,403.6,23.741176470588236
00-0029668,Andrew Luck,QB,2014,19,392.12,20.637894736842107
00-0029263,Russell Wilson,QB,2014,19,388.16,20.429473684210528
00-0028009,DeMarco Murray,RB,2014,18,387.6,21.533333333333335
00-0023459,Aaron Rodgers,QB,2014,18,384.7,21.37222222222222
00-0030496,Le'Veon Bell,RB,2014,16,370.5,23.15625
00-0027874,Demaryius Thomas,WR,2014,17,357.8,21.04705882352941
00-0025399,Marshawn Lynch,RB,2014,19,357.40000000000003,18.810526315789474
00-0019596,Tom Brady,QB,2014,19,353.9,18.626315789473683
00-0026184,Matt Forte,RB,2014,16,346.6,21.6625
00-0026176,Jordy Nelson,WR,2014,18,344.2,19.12222222222222
00-0028002,Randall Cobb,WR,2014,18,334.7,18.594444444444445
00-0027902,Dez Bryant,WR,2014,18,330.6,18.366666666666667
00-0010346,Peyton Manning,QB,2014,17,323.12,19.007058823529412
00-0022924,Ben Roethlisberger,QB,2014,17,321.14,18.890588235294118
00-0027656,Rob Gronkowski,TE,2014,18,320.8,17.822222222222223
00-0027685,Emmanuel Sanders,WR,2014,17,313.40000000000003,18.43529411764706
00-0026158,Joe Flacco,QB,2014,18,305.28000000000003,16.96
00-0020531,Drew Brees,QB,2014,16,303.98,18.99875
00-0021678,Tony Romo,QB,2014,17,302.15999999999997,17.774117647058823
00-0027944,Julio Jones,WR,2014,15,297.40000000000003,19.826666666666668
00-0031235,Odell Beckham Jr.,WR,2014,12,297.0,24.75
00-0030485,Eddie Lacy,RB,2014,18,292.0,16.22222222222222
00-0029608,T.Y. Hilton,WR,2014,18,290.7,16.15
00-0027150,Julian Edelman,WR,2014,17,290.64,17.09647058823529
00-0026143,Matt Ryan,QB,2014,16,284.26,17.76625
00-0027891,Golden Tate,WR,2014,17,280.0,16.470588235294116
00-0027939,Cam Newton,QB,2014,16,279.94,17.49625
00-0029701,Ryan Tannehill,QB,2014,16,279.5,17.46875
00-0026995,Jeremy Maclin,WR,2014,16,276.8,17.3
00-0026796,Arian Foster,RB,2014,13,273.5,21.03846153846154
00-0026373,Justin Forsett,RB,2014,18,273.20000000000005,15.17777777777778
00-0022803,Eli Manning,QB,2014,16,269.5,16.84375
00-0022942,Philip Rivers,QB,2014,16,265.64,16.6025
00-0026498,Matthew Stafford,QB,2014,17,263.4,15.494117647058822
00-0029137,Alshon Jeffery,WR,2014,16,261.6,16.35
00-0031359,Kelvin Benjamin,WR,2014,18,259.6,14.422222222222224
00-0024226,Jay Cutler,QB,2014,15,255.58,17.038666666666668
00-0027974,Colin Kaepernick,QB,2014,16,250.66000000000003,15.666250000000002
00-0026213,Jamaal Charles,RB,2014,15,250.4,16.693333333333335
00-0020337,Steve Smith,WR,2014,18,248.0,13.777777777777779
00-0027681,Brandon LaFell,WR,2014,19,247.5,13.026315789473685
00-0031408,Mike Evans,WR,2014,15,245.10000000000002,16.34
00-0025389,Calvin Johnson,WR,2014,14,240.20000000000002,17.15714285714286
00-0025418,Greg Olsen,TE,2014,18,237.3,13.183333333333334
00-0027973,Andy Dalton,QB,2014,17,233.22,13.718823529411765
00-0030564,DeAndre Hopkins,WR,2014,16,231.0,14.4375
00-0027696,Jimmy Graham,TE,2014,15,229.9,15.326666666666666
00-0029854,C.J. Anderson,RB,2014,15,228.2,15.213333333333333
00-0029615,Lamar Miller,RB,2014,16,225.4,14.0875
00-0021547,Antonio Gates,TE,2014,16,223.1,13.94375
00-0026201,Martellus Bennett,TE,2014,16,221.6,13.85
00-0031301,Jeremy Hill,RB,2014,17,221.6,13.035294117647059
00-0023436,Alex Smith,QB,2014,15,220.0,14.666666666666666
00-0022084,Anquan Boldin,WR,2014,16,219.6,13.725
00-0026901,Mike Wallace,WR,2014,16,212.8,13.3
00-0023462,Roddy White,WR,2014,14,212.1,15.15
00-0027996,Torrey Smith,WR,2014,17,211.70000000000002,12.452941176470588
00-0027218,Joique Bell,RB,2014,16,210.70000000000002,13.168750000000001
00-0026189,DeSean Jackson,WR,2014,15,209.60000000000002,13.973333333333334
00-0027942,A.J. Green,WR,2014,12,205.3,17.108333333333334
00-0028434,Doug Baldwin,WR,2014,19,204.0,10.736842105263158
00-0031299,Jordan Matthews,TE,2014,16,202.2,12.6375
00-0030456,Giovani Bernard,RB,2014,14,201.1,14.364285714285714
00-0027994,Shane Vereen,RB,2014,19,200.3,10.542105263157895
00-0027690,Eric Decker,WR,2014,15,200.2,13.346666666666666
00-0027029,LeSean McCoy,RB,2014,16,199.4,12.4625
00-0031325,Sammy Watkins,WR,2014,16,198.00000000000003,12.375000000000002
00-0028198,Matt Asiata,RB,2014,15,194.2,12.946666666666665
00-0029697,Coby Fleener,TE,2014,19,193.1,10.163157894736841
00-0031280,Derek Carr,QB,2014,16,192.0,12.0
00-0027966,Mark Ingram,RB,2014,13,191.9,14.761538461538462
00-0022044,Andre Johnson,WR,2014,15,190.6,12.706666666666667
00-0031382,Jarvis Landry,WR,2014,16,189.4,11.8375
00-0022127,Jason Witten,TE,2014,18,188.70000000000002,10.483333333333334
00-0024204,Fred Jackson,RB,2014,14,188.60000000000002,13.471428571428573
00-0029141,Alfred Morris,RB,2014,16,187.9,11.74375
00-0029632,Mohamed Sanu,WR,2014,17,185.35999999999999,10.903529411764705
00-0029262,Rueben Randle,WR,2014,16,182.8,11.425
00-0030542,Terrance Williams,WR,2014,17,182.1,10.711764705882352
00-0026182,Eddie Royal,WR,2014,16,181.2,11.325
00-0023496,Vincent Jackson,WR,2014,16,180.2,11.2625
00-0023682,Ryan Fitzpatrick,QB,2014,12,179.72,14.976666666666667
00-0031237,Teddy Bridgewater,QB,2014,13,179.66,13.82
00-0024334,Brandon Marshall,WR,2014,13,179.1,13.776923076923076
00-0030287,Andre Ellington,RB,2014,12,177.5,14.791666666666666
00-0030279,Keenan Allen,WR,2014,14,177.3,12.664285714285715
00-0024466,Marques Colston,WR,2014,15,177.2,11.813333333333333
00-0030506,Travis Kelce,TE,2014,16,177.2,11.075
00-0023541,Kyle Orton,QB,2014,12,176.12,14.676666666666668
00-0024389,Delanie Walker,TE,2014,15,176.0,11.733333333333333
00-0028067,Julius Thomas,TE,2014,13,175.20000000000002,13.476923076923079
00-0030085,Kenny Stills,WR,2014,15,173.9,11.593333333333334
00-0022414,Malcom Floyd,WR,2014,16,173.6,10.85
00-0025465,James Jones,WR,2014,16,173.6,10.85
00-0026153,Jonathan Stewart,RB,2014,15,173.4,11.56
00-0023465,Heath Miller,TE,2014,17,171.70000000000002,10.100000000000001
00-0024267,Greg Jennings,WR,2014,16,169.20000000000002,10.575000000000001
00-0031407,Blake Bortles,QB,2014,14,168.22,12.015714285714285
00-0029708,Kendall Wright,WR,2014,14,167.9,11.992857142857144
00-0029638,Michael Floyd,WR,2014,17,165.1,9.711764705882352
00-0030431,Robert Woods,WR,2014,16,164.9,10.30625
00-0026986,Michael Crabtree,WR,2014,16,162.20000000000002,10.137500000000001
00-0026345,Pierre Garcon,WR,2014,16,161.2,10.075
00-0027918,Andrew Hawkins,WR,2014,15,158.9,10.593333333333334
00-0023500,Frank Gore,RB,2014,16,158.7,9.91875
00-0022921,Larry Fitzgerald,WR,2014,15,157.5,10.5
00-0026625,Brian Hoyer,QB,2014,14,156.94,11.209999999999999
00-0030821,Allen Hurns,WR,2014,16,154.7,9.66875
00-0025637,Ahmad Bradshaw,RB,2014,10,154.5,15.45
00-0031051,John Brown,WR,2014,17,154.4,9.08235294117647
00-0020498,Reggie Wayne,WR,2014,18,154.1,8.56111111111111
00-0028838,Larry Donnell,TE,2014,16,153.3,9.58125
00-0027531,Chris Ivory,RB,2014,16,152.4,9.525
00-0030565,Geno Smith,QB,2014,14,150.8,10.771428571428572
00-0024313,Owen Daniels,TE,2014,17,149.8,8.811764705882354
00-0031373,Martavis Bryant,WR,2014,11,147.8,13.436363636363637
00-0023564,Darren Sproles,RB,2014,15,145.6,9.706666666666667
00-0031277,Branden Oliver,RB,2014,14,145.3,10.37857142857143
00-0031055,Andre Williams,RB,2014,16,145.10000000000002,9.068750000000001
00-0030061,Zach Ertz,TE,2014,16,144.2,9.0125
00-0030460,Markus Wheaton,WR,2014,17,142.9,8.405882352941177
00-0029689,Dwayne Allen,TE,2014,15,142.5,9.5
00-0027006,Kenny Britt,WR,2014,16,142.2,8.8875
00-0022736,Steven Jackson,RB,2014,15,141.5,9.433333333333334
00-0028263,Andre Holmes,WR,2014,16,140.3,8.76875
00-0029159,Jermaine Kearse,WR,2014,18,139.78,7.765555555555555
00-0026898,Mark Sanchez,QB,2014,9,139.42,15.49111111111111
00-0031236,Brandin Cooks,WR,2014,10,139.3,13.930000000000001
00-0027155,Rashad Jennings,RB,2014,11,138.5,12.590909090909092
00-0027873,Jermaine Gresham,TE,2014,15,138.0,9.2
00-0028112,Charles Clay,TE,2014,14,136.5,9.75
00-0025410,Dwayne Bowe,WR,2014,15,135.4,9.026666666666667
00-0031391,Tre Mason,RB,2014,12,135.3,11.275
00-0029588,Dan Herron,RB,2014,17,135.2,7.9529411764705875
00-0027325,LeGarrette Blount,RB,2014,18,135.0,7.5
00-0030514,Mychal Rivera,TE,2014,16,133.4,8.3375
00-0027061,Jared Cook,TE,2014,16,133.4,8.3375
00-0026998,Percy Harvin,WR,2014,13,131.5,10.115384615384615
00-0027758,Riley Cooper,WR,2014,16,128.70000000000002,8.043750000000001
00-0028043,Roy Helu,RB,2014,13,127.30000000000001,9.792307692307693
00-0031381,Davante Adams,WR,2014,16,127.0,7.9375
00-0021206,Josh McCown,QB,2014,11,126.94,11.54
00-0029795,Benny Cunningham,RB,2014,16,126.8,7.925
00-0022811,Jerricho Cotchery,WR,2014,17,124.4,7.31764705882353
00-0027005,Hakeem Nicks,WR,2014,18,124.3,6.905555555555555
00-0024813,Pierre Thomas,RB,2014,11,123.0,11.181818181818182
00-0030656,Isaiah Crowell,RB,2014,15,122.4,8.16
00-0024217,Reggie Bush,RB,2014,12,120.7,10.058333333333334
00-0026224,Harry Douglas,WR,2014,12,120.60000000000001,10.05
00-0026144,Darren McFadden,RB,2014,16,120.6,7.5375
00-0029572,Jarius Wright,WR,2014,15,119.9,7.993333333333334
00-0029567,Nick Foles,QB,2014,8,119.32000000000001,14.915000000000001
00-0028052,Cecil Shorts,WR,2014,13,117.98,9.075384615384616
00-0029675,Trent Richardson,RB,2014,15,117.8,7.8533333333333335
00-0031428,Allen Robinson,WR,2014,10,116.80000000000001,11.680000000000001
00-0023367,Nate Washington,WR,2014,16,116.7,7.29375
00-0029000,Cole Beasley,WR,2014,17,116.10000000000001,6.829411764705883
00-0023921,Miles Austin,WR,2014,12,115.8,9.65
00-0031339,Donte Moncrief,WR,2014,17,115.7,6.805882352941176
00-0026164,Chris Johnson,RB,2014,16,115.4,7.2125
00-0030280,Knile Davis,RB,2014,16,115.00000000000001,7.187500000000001
00-0025516,Scott Chandler,TE,2014,16,114.7,7.16875
00-0030547,Denard Robinson,RB,2014,13,113.60000000000001,8.73846153846154
00-0031375,Terrance West,RB,2014,14,112.7,8.05
00-0029384,Bobby Rainey,RB,2014,15,111.10000000000001,7.406666666666667
00-0022427,Wes Welker,WR,2014,15,110.4,7.36
00-0024272,Devin Hester,WR,2014,16,108.0,6.75
00-0028957,Austin Davis,QB,2014,9,107.64,11.96
00-0028237,Chris Hogan,WR,2014,13,105.6,8.123076923076923
00-0031228,Taylor Gabriel,WR,2014,16,105.10000000000001,6.5687500000000005
00-0021429,Carson Palmer,QB,2014,6,103.54,17.256666666666668
00-0029683,Ronnie Hillman,RB,2014,9,103.1,11.455555555555556
00-0030107,Theo Riddick,RB,2014,14,102.6,7.328571428571428
00-0027077,Brian Hartline,WR,2014,16,98.4,6.15
00-0030089,Luke Willson,TE,2014,16,98.1,6.13125
00-0031075,Alfred Blue,RB,2014,16,97.10000000000001,6.0687500000000005
00-0026364,Steve Johnson,WR,2014,13,96.5,7.423076923076923
00-0031413,Bishop Sankey,RB,2014,16,96.2,6.0125
00-0030521,Justin Hunter,WR,2014,12,95.8,7.983333333333333
00-0026035,Danny Amendola,WR,2014,18,95.5,5.305555555555555
00-0030578,Cordarrelle Patterson,RB,2014,16,95.10000000000001,5.9437500000000005
00-0025430,Drew Stanton,QB,2014,9,94.74000000000001,10.526666666666667
00-0030472,Jordan Reed,TE,2014,11,94.5,8.590909090909092
00-0031376,Jerick McKinnon,RB,2014,11,94.30000000000001,8.572727272727274
00-0028093,Niles Paul,TE,2014,16,93.7,5.85625
00-0028091,Jeremy Kerley,WR,2014,16,93.5,5.84375
00-0027691,Andre Roberts,WR,2014,16,93.4,5.8375
00-0027753,Andrew Quarless,TE,2014,18,92.4,5.133333333333334
00-0030113,Charles D. Johnson,WR,2014,11,91.4,8.30909090909091
00-0020679,Shaun Hill,QB,2014,8,90.28,11.285
00-0027450,Preston Parker,WR,2014,16,89.8,5.6125
00-0030525,Tavon Austin,WR,2014,15,89.6,5.973333333333333
00-0030520,Mike Glennon,QB,2014,6,89.58,14.93
00-0029604,Kirk Cousins,QB,2014,6,88.4,14.733333333333334
00-0029910,Timothy Wright,TE,2014,13,87.7,6.746153846153846
00-0029665,Robert Griffin III,QB,2014,9,87.36,9.706666666666667
00-0031285,Devonta Freeman,RB,2014,16,87.3,5.45625
00-0024296,Charlie Whitehurst,QB,2014,7,87.04,12.434285714285716
00-0031431,Marqise Lee,WR,2014,12,86.1,7.175
00-0030513,Latavius Murray,RB,2014,13,85.7,6.592307692307693
00-0031042,Jace Amaro,TE,2014,14,84.5,6.035714285714286
00-0027791,James Starks,RB,2014,16,84.3,5.26875
00-0031118,Corey Brown,WR,2014,15,83.2,5.546666666666667
00-0027985,Lance Kendricks,TE,2014,16,82.9,5.18125
00-0026178,John Carlson,TE,2014,17,81.5,4.794117647058823
00-0029273,Robert Turbin,RB,2014,19,81.2,4.273684210526316
00-0027888,Toby Gerhart,RB,2014,14,81.2,5.8
00-0027089,Louis Murphy,WR,2014,11,81.0,7.363636363636363
00-0027890,Ben Tate,RB,2014,12,80.9,6.741666666666667
00-0029613,Doug Martin,RB,2014,11,80.80000000000001,7.345454545454547
00-0030532,Stedman Bailey,WR,2014,13,80.8,6.2153846153846155
00-0029640,Brian Quick,WR,2014,7,80.5,11.5
00-0028083,Jacquizz Rodgers,RB,2014,16,80.0,5.0
00-0028497,Kamar Aiken,WR,2014,15,79.0,5.266666666666667
00-0028040,Jordan Cameron,TE,2014,10,78.4,7.840000000000001
00-0026855,Antone Smith,RB,2014,10,77.6,7.76
00-0028121,Jordan Todman,RB,2014,16,75.4,4.7125
00-0024324,Jason Avant,WR,2014,15,75.4,5.026666666666667
00-0031045,Carlos Hyde,RB,2014,14,74.10000000000001,5.292857142857144
00-0029104,Jonas Gray,RB,2014,9,73.3,8.144444444444444
00-0029205,Travaris Cadet,RB,2014,14,72.8,5.2
00-0027003,Donald Brown,RB,2014,13,72.4,5.56923076923077
00-0029435,Damaris Johnson,WR,2014,16,72.0,4.5
00-0024268,Anthony Fasano,TE,2014,14,71.6,5.114285714285714
00-0031266,Zach Mettenberger,QB,2014,7,70.88,10.125714285714285
00-0031066,Lorenzo Taliaferro,RB,2014,12,70.6,5.883333333333333
00-0031384,Richard Rodgers,TE,2014,15,70.3,4.6866666666666665
00-0025549,Brent Celek,TE,2014,16,70.0,4.375
00-0029269,Travis Benjamin,WR,2014,16,68.5,4.28125
00-0027772,Anthony Dixon,RB,2014,14,68.10000000000001,4.864285714285715
00-0027864,Ryan Mathews,RB,2014,6,66.9,11.15
00-0030348,Khiry Robinson,RB,2014,9,66.5,7.388888888888889
00-0030282,Stepfan Taylor,RB,2014,13,66.2,5.092307692307693
00-0027321,Jeff Cumberland,TE,2014,16,65.7,4.10625
00-0027861,C.J. Spiller,RB,2014,9,65.5,7.277777777777778
00-0031257,Paul Richardson,WR,2014,13,65.2,5.015384615384615
00-0027651,Dexter McCluster,WR,2014,13,64.8,4.984615384615385
00-0030443,Levine Toilolo,TE,2014,15,64.8,4.319999999999999
00-0026937,Brandon Gibson,WR,2014,14,64.5,4.607142857142857
00-0030536,Zac Stacy,RB,2014,9,64.5,7.166666666666667
00-0030422,Dion Sims,TE,2014,14,64.4,4.6000000000000005
00-0027946,Jake Locker,QB,2014,7,63.92,9.131428571428572
00-0024221,Vernon Davis,TE,2014,13,62.9,4.838461538461538
00-0027688,Colt McCoy,QB,2014,5,62.88,12.576
00-0027265,Victor Cruz,WR,2014,6,62.7,10.450000000000001
00-0030216,Josh Hill,TE,2014,14,61.6,4.4
00-0028249,Jeremy Ross,WR,2014,17,61.3,3.605882352941176
00-0030516,Brice Butler,WR,2014,14,61.0,4.357142857142857
00-0031387,Eric Ebron,TE,2014,13,60.900000000000006,4.684615384615385
00-0027725,Clay Harbor,TE,2014,10,60.900000000000006,6.090000000000001
00-0031390,Charles Sims,RB,2014,8,60.5,7.5625
00-0030400,Marlon Brown,WR,2014,15,60.3,4.02
00-0027981,Kyle Rudolph,TE,2014,9,59.1,6.566666666666666
00-0030526,EJ Manuel,QB,2014,4,58.72,14.68
00-0028442,Ricardo Lockette,WR,2014,19,58.1,3.057894736842105
00-0030874,Damien Williams,RB,2014,15,57.900000000000006,3.8600000000000003
00-0030300,Jaron Brown,WR,2014,15,56.9,3.7933333333333334
00-0023752,Daniel Fells,TE,2014,13,56.8,4.369230769230769
00-0029264,Bernard Pierce,RB,2014,15,56.6,3.7733333333333334
00-0030388,Joseph Randle,RB,2014,15,56.10000000000001,3.7400000000000007
00-0031060,De'Anthony Thomas,WR,2014,12,55.900000000000006,4.658333333333334
00-0024332,Leon Washington,RB,2014,14,55.6,3.9714285714285715
00-0029432,Chase Ford,TE,2014,10,54.800000000000004,5.48
00-0029664,Josh Gordon,WR,2014,5,54.3,10.86
00-0028000,Daniel Thomas,RB,2014,12,53.9,4.491666666666666
00-0031418,Austin Seferian-Jenkins,TE,2014,9,53.1,5.9
00-0028011,Stevan Ridley,RB,2014,6,52.00000000000001,8.666666666666668
00-0030705,Juwan Thompson,RB,2014,12,51.7,4.308333333333334
00-0026899,Shonn Greene,RB,2014,13,51.5,3.9615384615384617
00-0024243,Marcedes Lewis,TE,2014,8,50.6,6.325
00-0023645,Derek Anderson,QB,2014,5,50.440000000000005,10.088000000000001
00-0024297,Derek Hagan,WR,2014,11,50.4,4.581818181818182
00-0030181,Jack Doyle,TE,2014,14,50.1,3.5785714285714287
00-0029004,Lance Dunbar,RB,2014,16,49.6,3.1
00-0022097,Brandon Lloyd,WR,2014,12,49.400000000000006,4.116666666666667
00-0029731,Fozzy Whittaker,RB,2014,10,48.9,4.89
00-0023310,Lance Moore,WR,2014,11,47.800000000000004,4.345454545454546
00-0029587,Rhett Ellison,TE,2014,14,47.800000000000004,3.4142857142857146
00-0030000,Kenbrell Thompkins,WR,2014,13,47.7,3.6692307692307695
00-0027825,Jim Dray,TE,2014,13,47.2,3.630769230769231
00-0022943,Benjamin Watson,TE,2014,15,45.6,3.04
00-0029438,Chris Polk,RB,2014,11,44.8,4.072727272727272
00-0027057,Brandon Tate,WR,2014,16,44.4,2.775
00-0029429,Bryce Brown,RB,2014,7,44.2,6.314285714285715
00-0030095,Corey Fuller,WR,2014,14,43.8,3.1285714285714286
00-0027718,Garrett Graham,TE,2014,10,43.7,4.37
00-0030544,Gavin Escobar,TE,2014,13,43.5,3.3461538461538463
00-0020245,Mike Vick,QB,2014,9,43.46,4.828888888888889
00-0029667,Nick Toon,WR,2014,6,42.9,7.1499999999999995
00-0029534,Cooper Helfet,TE,2014,9,42.5,4.722222222222222
00-0030669,Albert Wilson,WR,2014,10,42.0,4.2
00-0029275,Ladarius Green,TE,2014,10,41.6,4.16
00-0027135,Brandon Myers,TE,2014,11,41.0,3.727272727272727
00-0028064,Bilal Powell,RB,2014,15,40.300000000000004,2.686666666666667
00-0030992,Crockett Gillmore,TE,2014,11,39.1,3.5545454545454547
00-0030855,Zurlon Tipton,RB,2014,7,38.6,5.514285714285714
00-0029394,Brenton Bersin,WR,2014,17,37.800000000000004,2.223529411764706
00-0029580,Rishard Matthews,WR,2014,11,37.8,3.436363636363636
00-0027675,Ed Dickson,TE,2014,15,37.2,2.48
00-0030047,Marquess Wilson,WR,2014,7,37.0,5.285714285714286
00-0030522,Montee Ball,RB,2014,5,36.4,7.279999999999999
00-0026267,Jacob Tamme,TE,2014,13,34.9,2.6846153846153844
00-0024242,DeAngelo Williams,RB,2014,8,34.5,4.3125
00-0025396,Ted Ginn,WR,2014,17,34.0,2.0
00-0029614,Chris Givens,WR,2014,9,33.3,3.6999999999999997
00-0031326,Bruce Ellington,WR,2014,13,33.0,2.5384615384615383
00-0030117,Kerwynn Williams,RB,2014,5,33.0,6.6
00-0028050,Greg Salas,WR,2014,8,32.7,4.0875
00-0031008,Silas Redd,RB,2014,9,32.2,3.577777777777778
00-0024535,Eric Weems,WR,2014,10,32.2,3.22
00-0031025,Michael Campanaro,WR,2014,6,31.1,5.183333333333334
00-0026173,Donnie Avery,WR,2014,5,30.6,6.12
00-0026367,Peyton Hillis,RB,2014,8,30.200000000000003,3.7750000000000004
00-0026197,Chad Henne,QB,2014,3,30.18,10.06
00-0029510,Jonathan Grimes,RB,2014,12,29.9,2.4916666666666667
00-0028016,Austin Pettis,WR,2014,4,29.800000000000004,7.450000000000001
00-0030288,Rex Burkhead,RB,2014,8,29.3,3.6625
00-0026281,Gary Barnidge,TE,2014,10,28.600000000000005,2.8600000000000003
00-0027714,Dennis Pitta,TE,2014,3,28.5,9.5
00-0027702,Mike Williams,WR,2014,6,28.2,4.7
00-0028905,Chris Owusu,WR,2014,6,28.1,4.683333333333334
00-0028411,Dontrelle Inman,WR,2014,2,27.8,13.9
00-0024275,Maurice Jones-Drew,RB,2014,11,27.700000000000003,2.5181818181818185
00-0030035,Adam Thielen,WR,2014,12,27.7,2.308333333333333
00-0025542,Dante Rosario,TE,2014,14,27.6,1.9714285714285715
00-0027695,Tony Moeaki,TE,2014,6,27.400000000000002,4.566666666666667
00-0031057,Ka'Deem Carey,RB,2014,11,26.5,2.409090909090909
00-0030999,Marion Grice,RB,2014,7,26.1,3.7285714285714286
00-0026314,Josh Morgan,WR,2014,8,26.0,3.25
00-0029531,Ryan Lindley,QB,2014,4,25.76,6.44
00-0030780,Ryan Hewitt,TE,2014,9,25.3,2.8111111111111113
00-0030108,Ryan Griffin,TE,2014,10,25.1,2.5100000000000002
00-0025460,Jacoby Jones,WR,2014,18,25.0,1.3888888888888888
00-0027215,Logan Paulsen,TE,2014,15,24.8,1.6533333333333333
00-0028345,Robert Hughes,RB,2014,12,24.7,2.058333333333333
00-0027712,Joe McKnight,RB,2014,1,24.7,24.7
00-0029048,Joe Banyard,RB,2014,8,24.0,3.0
00-0028020,Vincent Brown,WR,2014,6,23.8,3.966666666666667
00-0028086,Denarius Moore,WR,2014,10,23.6,2.3600000000000003
00-0029129,Rod Streater,WR,2014,3,23.400000000000002,7.800000000000001
00-0028986,Case Keenum,QB,2014,2,22.9,11.45
00-0023662,Matt Cassel,QB,2014,3,22.8,7.6000000000000005
00-0029311,Junior Hemingway,WR,2014,11,22.799999999999997,2.0727272727272723
00-0026988,Knowshon Moreno,RB,2014,3,22.599999999999998,7.533333333333332
00-0029878,MarQueis Gray,TE,2014,9,22.400000000000002,2.488888888888889
00-0028007,Rob Housler,TE,2014,13,22.0,1.6923076923076923
00-0020494,Santana Moss,WR,2014,5,21.6,4.32
00-0028958,Cory Harkey,TE,2014,11,21.5,1.9545454545454546
00-0029883,Joseph Fauria,TE,2014,6,21.4,3.5666666666666664
00-0031243,Storm Johnson,RB,2014,5,21.2,4.24
00-0028581,Patrick DiMarco,RB,2014,12,21.2,1.7666666666666666
00-0028142,Virgil Green,TE,2014,10,21.1,2.1100000000000003
00-0027109,James Casey,TE,2014,9,20.9,2.322222222222222
00-0028702,Chris Matthews,WR,2014,3,20.9,6.966666666666666
00-0028114,Dwayne Harris,WR,2014,18,20.8,1.1555555555555557
00-0029239,Brandon Bolden,RB,2014,14,20.5,1.4642857142857142
00-0029677,Brandon Weeden,QB,2014,4,20.02,5.005
00-0028532,Joseph Morgan,WR,2014,4,19.9,4.975
00-0028012,Ryan Mallett,QB,2014,3,19.799999999999997,6.599999999999999
00-0030432,Christine Michael,RB,2014,10,19.700000000000003,1.9700000000000002
00-0029119,Derek Carrier,TE,2014,7,19.700000000000003,2.8142857142857145
00-0030466,Justin Brown,WR,2014,6,19.4,3.233333333333333
00-0028984,Brian Tyms,WR,2014,5,19.200000000000003,3.8400000000000007
00-0031327,Kevin Norwood,WR,2014,7,19.200000000000003,2.7428571428571433
00-0029738,Darren Fells,TE,2014,7,19.2,2.742857142857143
00-0026996,Brandon Pettigrew,TE,2014,10,19.1,1.9100000000000001
00-0029492,Jamize Olawale,RB,2014,10,18.799999999999997,1.8799999999999997
00-0027732,Michael Hoomanawanui,TE,2014,10,18.700000000000003,1.8700000000000003
00-0025414,Robert Meachem,WR,2014,10,18.4,1.8399999999999999
00-0027069,Chase Coffman,TE,2014,8,18.4,2.3
00-0030860,Orleans Darkwa,RB,2014,8,18.1,2.2625
00-0029654,A.J. Jenkins,WR,2014,7,18.1,2.585714285714286
00-0031187,Robert Herron,WR,2014,6,17.8,2.966666666666667
00-0030049,Chris Gragg,TE,2014,6,17.8,2.966666666666667
00-0031392,Dri Archer,RB,2014,11,17.700000000000003,1.6090909090909093
00-0029660,Trevor Graham,WR,2014,11,17.7,1.6090909090909091
00-0028352,Dane Sanzenbacher,WR,2014,6,17.4,2.9
00-0028097,Lee Smith,TE,2014,8,17.2,2.15
00-0031291,James Wright,WR,2014,11,17.1,1.5545454545454547
00-0007091,Matt Hasselbeck,QB,2014,4,16.939999999999998,4.234999999999999
00-0030990,Josh Huff,WR,2014,12,16.5,1.375
00-0030897,Corey Washington,WR,2014,3,16.2,5.3999999999999995
00-0029281,Adrien Robinson,TE,2014,9,16.0,1.7777777777777777
00-0030404,Chris Thompson,RB,2014,2,15.9,7.95
00-0031123,Darrin Reaves,RB,2014,5,15.899999999999999,3.1799999999999997
00-0027659,Jimmy Clausen,QB,2014,4,15.82,3.955
00-0023437,Ronnie Brown,RB,2014,8,15.700000000000003,1.9625000000000004
00-0025464,Matt Spaeth,TE,2014,5,15.600000000000001,3.12
00-0029755,Brian Leonhardt,TE,2014,8,15.5,1.9375
00-0025701,Jackie Battle,RB,2014,10,14.7,1.47
00-0024240,Santonio Holmes,WR,2014,7,14.7,2.1
00-0027322,David Nelson,WR,2014,6,14.5,2.4166666666666665
00-0027786,Jonathan Dwyer,RB,2014,2,13.899999999999999,6.949999999999999
00-0029155,Mike Brown,WR,2014,5,13.8,2.7600000000000002
00-0029415,Keshawn Martin,WR,2014,14,13.8,0.9857142857142858
00-0031068,Ryan Grant,WR,2014,6,13.799999999999999,2.3
00-0025425,Zach Miller,TE,2014,3,13.600000000000001,4.533333333333334
00-0029999,Zach Sudfeld,TE,2014,13,13.5,1.0384615384615385
00-0027997,Greg Little,WR,2014,5,12.9,2.58
00-0031302,C.J. Fiedorowicz,TE,2014,8,12.799999999999999,1.5999999999999999
00-0027950,Christian Ponder,QB,2014,2,12.48,6.24
00-0026019,Danny Woodhead,RB,2014,3,12.2,4.066666666666666
00-0031345,Jimmy Garoppolo,QB,2014,5,12.18,2.436
00-0031409,Johnny Manziel,QB,2014,4,11.9,2.975
00-0030550,Ace Sanders,WR,2014,12,11.5,0.9583333333333334
00-0027595,Bryan Walters,WR,2014,16,11.5,0.71875
00-0028045,Kris Durham,WR,2014,4,11.4,2.85
00-0025394,Adrian Peterson,RB,2014,1,11.3,11.3
00-0031062,James White,RB,2014,3,11.1,3.6999999999999997
00-0028042,Luke Stocker,TE,2014,7,11.1,1.5857142857142856
00-0027140,Chris Ogbonnaya,RB,2014,3,11.0,3.6666666666666665
00-0028841,Will Johnson,RB,2014,12,10.4,0.8666666666666667
00-0030147,Russell Shepard,WR,2014,12,10.3,0.8583333333333334
00-0026780,Kevin Ogletree,WR,2014,4,10.0,2.5
00-0026932,Cedric Peerman,RB,2014,13,10.0,0.7692307692307693
00-0028021,Jerrel Jernigan,WR,2014,2,9.8,4.9
00-0026237,Andre Caldwell,WR,2014,14,9.7,0.6928571428571428
00-0030806,Nic Jacobs,TE,2014,7,9.600000000000001,1.3714285714285717
00-0028543,Jeff Maehl,WR,2014,4,9.6,2.4
00-0029298,Cyrus Gray,RB,2014,7,9.1,1.3
00-0029634,James Hanna,TE,2014,11,8.8,0.8
00-0026699,Kevin Brock,TE,2014,6,8.799999999999999,1.4666666666666666
00-0027581,Seyi Ajirotutu,WR,2014,16,8.5,0.53125
00-0028409,DuJuan Harris,RB,2014,12,8.5,0.7083333333333334
00-0030154,Frankie Hammond,WR,2014,10,8.5,0.85
00-0029793,Brandon Williams,TE,2014,10,8.4,0.8400000000000001
00-0029601,Brandon Bostick,TE,2014,8,8.3,1.0375
00-0026931,Bear Pascoe,TE,2014,2,8.299999999999999,4.1499999999999995
00-0030985,Trey Watts,RB,2014,8,7.800000000000001,0.9750000000000001
00-0026544,Chase Daniel,QB,2014,2,7.780000000000001,3.8900000000000006
00-0031332,Fitzgerald Toussaint,RB,2014,3,7.7,2.566666666666667
00-0030450,Quinton Patton,WR,2014,3,7.4,2.466666666666667
00-0030247,George Winn,RB,2014,5,7.300000000000001,1.4600000000000002
00-0028903,Garrett Celek,TE,2014,2,7.3,3.65
00-0031260,Logan Thomas,TE,2014,2,7.24,3.62
00-0027202,Michael Palmer,TE,2014,6,7.1,1.1833333333333333
00-0027139,John Phillips,TE,2014,9,7.1,0.7888888888888889
00-0031044,Troy Niklas,TE,2014,4,6.800000000000001,1.7000000000000002
00-0030540,Aaron Dobson,WR,2014,4,6.8,1.7
00-0030549,Tyler Eifert,TE,2014,1,6.7,6.7
00-0031450,Josh Harris,RB,2014,3,6.699999999999999,2.233333333333333
00-0030128,Michael Cox,RB,2014,4,6.2,1.55
00-0029682,Brock Osweiler,QB,2014,4,6.080000000000001,1.5200000000000002
00-0027948,Blaine Gabbert,QB,2014,1,6.02,6.02
00-0030068,Marquise Goodwin,WR,2014,8,6.000000000000001,0.7500000000000001
00-0027346,Alfonso Smith,RB,2014,3,6.0,2.0
00-0028987,Phillip Supernaw,TE,2014,3,6.0,2.0
00-0026983,Darrius Heyward-Bey,WR,2014,10,5.9,0.5900000000000001
00-0030419,Matt McGloin,QB,2014,1,5.46,5.46
00-0029051,Jarrett Boykin,WR,2014,9,5.300000000000001,0.588888888888889
00-0030865,Gator Hoskins,TE,2014,4,5.1000000000000005,1.2750000000000001
00-0030155,Demetrius Harris,TE,2014,5,5.0,1.0
00-0030653,Ray Agnew,RB,2014,10,4.7,0.47000000000000003
00-0026225,Craig Stevens,TE,2014,1,4.6,4.6
00-0029209,Ryan Broyles,WR,2014,3,4.5,1.5
00-0029590,Taylor Thompson,TE,2014,3,4.4,1.4666666666666668
00-0031344,Cody Latimer,WR,2014,4,4.300000000000001,1.0750000000000002
00-0029033,Griff Whalen,WR,2014,9,4.300000000000001,0.47777777777777786
00-0030391,Mike James,RB,2014,5,4.2,0.8400000000000001
00-0029673,DeVier Posey,WR,2014,1,4.0,4.0
00-0030661,Connor Shaw,QB,2014,1,3.9800000000000004,3.9800000000000004
00-0031310,Devin Street,WR,2014,5,3.8,0.76
00-0031001,Jeff Janis,WR,2014,1,3.6,3.6
00-0028179,David Ausberry,TE,2014,1,3.4000000000000004,3.4000000000000004
00-0030091,Tavarres King,WR,2014,1,3.3,3.3
00-0030789,Antonio Andrews,RB,2014,3,3.1,1.0333333333333334
00-0030470,Vance McDonald,TE,2014,4,3.0,0.75
00-0031273,Cameron Brate,TE,2014,1,2.7,2.7
00-0027796,Joe Webb,QB,2014,5,2.6,0.52
00-0025439,Brian Leonard,RB,2014,1,2.5,2.5
00-0027893,Damian Williams,WR,2014,1,2.4000000000000004,2.4000000000000004
00-0029441,Jeremy Stewart,RB,2014,5,2.2,0.44000000000000006
00-0024318,Brad Smith,WR,2014,8,2.1,0.2625
00-0023503,Courtney Roby,WR,2014,1,2.1,2.1
00-0030586,Ryan Nassib,QB,2014,2,2.0999999999999996,1.0499999999999998
00-0030839,Solomon Patton,WR,2014,7,1.9000000000000001,0.27142857142857146
00-0028202,Shaun Draughn,RB,2014,7,1.9000000000000001,0.27142857142857146
00-0030822,Marcel Jensen,TE,2014,1,1.8,1.8
00-0023968,Micheal Spurlock,WR,2014,1,1.8,1.8
00-0023176,Josh Cribbs,WR,2014,9,1.8,0.2
00-0029151,Matt Simms,QB,2014,1,1.76,1.76
00-0031053,Jalen Saunders,WR,2014,8,1.7000000000000002,0.21250000000000002
00-0028116,Aldrick Robinson,WR,2014,2,1.6,0.8
00-0026957,David Johnson,TE,2014,4,1.4,0.35
00-0030116,Kevin Dorsey,WR,2014,1,1.4,1.4
00-0023460,Jason Campbell,QB,2014,4,1.06,0.265
00-0030710,Trey Burton,TE,2014,6,1.0,0.16666666666666666
00-0031209,Senorise Perry,RB,2014,13,0.9,0.06923076923076923
00-0029260,LaMichael James,RB,2014,3,0.9,0.3
00-0024408,Bruce Gradkowski,QB,2014,2,0.6799999999999999,0.33999999999999997
00-0025708,Matt Moore,QB,2014,2,0.6399999999999999,0.31999999999999995
00-0028090,T.J. Yates,QB,2014,1,0.56,0.56
00-0031064,Tom Savage,QB,2014,2,0.48000000000000015,0.24000000000000007
00-0024264,Kellen Clemens,QB,2014,1,0.4,0.4
00-0029317,Edwin Baker,RB,2014,1,0.2,0.2
00-0025592,Jordan Palmer,QB,2014,1,0.18000000000000002,0.18000000000000002
00-0031158,George Atkinson,RB,2014,4,0.0,0.0
00-0030187,Rashad Ross,WR,2014,2,0.0,0.0
00-0029319,Josh Bellamy,WR,2014,1,0.0,0.0
00-0028451,Brett Brackett,TE,2014,1,0.0,0.0
00-0024279,Tarvaris Jackson,QB,2014,1,0.0,0.0
00-0030533,Matt Barkley,QB,2014,1,0.0,0.0
00-0030668,Charcandrick West,RB,2014,2,0.0,0.0
00-0027816,Marc Mariani,WR,2014,6,0.0,0.0
00-0027809,Mickey Shuler,TE,2014,3,0.0,0.0
00-0026008,Matthew Mulligan,TE,2014,1,0.0,0.0
00-0029308,Greg Scruggs,TE,2014,2,0.0,0.0
00-0028156,Ryan Taylor,TE,2014,3,0.0,0.0
00-0026293,Matthew Slater,WR,2014,11,0.0,0.0
00-0030737,Freddie Martino,WR,2014,1,0.0,0.0
00-0028307,Drew Davis,WR,2014,2,0.0,0.0
00-0027583,Richie Brockel,TE,2014,2,0.0,0.0
00-0028119,Richard Gordon,TE,2014,3,0.0,0.0
00-0031268,Walt Powell,WR,2014,4,0.0,0.0
00-0028892,Gerell Robinson,TE,2014,1,0.0,0.0
00-0027567,Steve Maneri,TE,2014,1,0.0,0.0
00-0027708,Marcus Easley,WR,2014,6,0.0,0.0
00-0030171,Chris Pantale,TE,2014,1,0.0,0.0
00-0031459,Glenn Winston,RB,2014,1,0.0,0.0
00-0031140,Anthony Denham,TE,2014,2,0.0,0.0
00-0027606,Trindon Holliday,WR,2014,2,0.0,0.0
00-0029300,Tommy Streeter,WR,2014,1,0.0,0.0
00-0021570,Kassim Osgood,WR,2014,5,0.0,0.0
00-0030671,Isaiah Burse,WR,2014,12,0.0,0.0
00-0029934,Rodney Smith,WR,2014,1,0.0,0.0
00-0029006,Saalim Hakim,WR,2014,12,0.0,0.0
00-0030832,Asante Cleveland,TE,2014,1,0.0,0.0
00-0024103,Montell Owens,RB,2014,1,0.0,0.0
00-0030975,Alex Bayer,TE,2014,1,0.0,0.0
00-0030290,Cobi Hamilton,WR,2014,1,0.0,0.0
00-0026298,Kellen Davis,TE,2014,2,0.0,0.0
00-0030647,Jordan Thompson,TE,2014,1,0.0,0.0
00-0031167,Scott Simonson,TE,2014,1,0.0,0.0
00-0028017,Leonard Hankerson,WR,2014,1,0.0,0.0
00-0027356,Marlon Moore,WR,2014,12,0.0,0.0
00-0026316,Jalen Parmele,RB,2014,1,0.0,0.0
00-0026577,Marcus Thigpen,WR,2014,9,0.0,0.0
00-0028795,Chase Reynolds,RB,2014,11,0.0,0.0
00-0029463,De'Andre Presley,WR,2014,3,-0.2,-0.06666666666666667
00-0028118,Tyrod Taylor,QB,2014,1,-0.30000000000000004,-0.30000000000000004
00-0026691,Chris Williams,WR,2014,6,-0.8,-0.13333333333333333
00-0029401,Tauren Poole,RB,2014,1,-2.0,-2.0
00-0026349,Matt Flynn,QB,2014,7,-2.3600000000000003,-0.3371428571428572
00-0022787,Matt Schaub,QB,2014,2,-3.7199999999999998,-1.8599999999999999
00-0010346,Peyton Manning,QB,2013,19,460.18,24.22
00-0027874,Demaryius Thomas,WR,2013,19,393.6,20.71578947368421
00-0020531,Drew Brees,QB,2013,18,385.34000000000003,21.40777777777778
00-0026213,Jamaal Charles,RB,2013,16,379.8,23.7375
00-0027029,LeSean McCoy,RB,2013,17,349.8,20.576470588235296
00-0029668,Andrew Luck,QB,2013,18,338.54,18.80777777777778
00-0026184,Matt Forte,RB,2013,16,337.3,21.08125
00-0026988,Knowshon Moreno,RB,2013,19,329.8,17.357894736842105
00-0025399,Marshawn Lynch,RB,2013,19,329.40000000000003,17.33684210526316
00-0027974,Colin Kaepernick,QB,2013,19,321.62,16.92736842105263
00-0022942,Philip Rivers,QB,2013,18,314.62,17.47888888888889
00-0029664,Josh Gordon,WR,2013,14,314.40000000000003,22.45714285714286
00-0027939,Cam Newton,QB,2013,17,313.74,18.45529411764706
00-0027942,A.J. Green,WR,2013,17,313.0,18.41176470588235
00-0027696,Jimmy Graham,TE,2013,18,312.7,17.37222222222222
00-0027793,Antonio Brown,WR,2013,16,308.90000000000003,19.306250000000002
00-0024334,Brandon Marshall,WR,2013,16,305.5,19.09375
00-0029263,Russell Wilson,QB,2013,19,305.34,16.070526315789472
00-0025389,Calvin Johnson,WR,2013,14,303.2,21.657142857142855
00-0027973,Andy Dalton,QB,2013,17,301.98,17.763529411764708
00-0027690,Eric Decker,WR,2013,19,298.90000000000003,15.731578947368423
00-0027902,Dez Bryant,WR,2013,16,292.4,18.275
00-0027150,Julian Edelman,WR,2013,18,291.0,16.166666666666668
00-0022084,Anquan Boldin,WR,2013,19,290.7,15.299999999999999
00-0023436,Alex Smith,QB,2013,16,289.04,18.065
00-0029137,Alshon Jeffery,WR,2013,16,283.6,17.725
00-0026176,Jordy Nelson,WR,2013,17,283.6,16.68235294117647
00-0029608,T.Y. Hilton,WR,2013,18,282.6,15.700000000000001
00-0019596,Tom Brady,QB,2013,18,281.12,15.617777777777778
00-0022044,Andre Johnson,WR,2013,16,279.7,17.48125
00-0026498,Matthew Stafford,QB,2013,16,278.90000000000003,17.431250000000002
00-0026189,DeSean Jackson,WR,2013,17,277.7,16.33529411764706
00-0026345,Pierre Garcon,WR,2013,16,277.5,17.34375
00-0029567,Nick Foles,QB,2013,14,275.84000000000003,19.702857142857145
00-0021678,Tony Romo,QB,2013,15,260.92,17.39466666666667
00-0022924,Ben Roethlisberger,QB,2013,16,258.84000000000003,16.177500000000002
00-0028009,DeMarco Murray,RB,2013,14,258.1,18.435714285714287
00-0030279,Keenan Allen,WR,2013,17,257.9,15.170588235294117
00-0030485,Eddie Lacy,RB,2013,16,253.3,15.83125
00-0022427,Wes Welker,WR,2013,16,252.8,15.8
00-0028067,Julius Thomas,TE,2013,17,250.60000000000002,14.741176470588236
00-0026143,Matt Ryan,QB,2013,16,248.1,15.50625
00-0026019,Danny Woodhead,RB,2013,18,245.1,13.616666666666667
00-0023496,Vincent Jackson,WR,2013,16,242.39999999999998,15.149999999999999
00-0026164,Chris Johnson,RB,2013,16,240.20000000000002,15.012500000000001
00-0030456,Giovani Bernard,RB,2013,17,239.7,14.1
00-0024217,Reggie Bush,RB,2013,14,239.2,17.085714285714285
00-0029701,Ryan Tannehill,QB,2013,16,238.32,14.895
00-0022921,Larry Fitzgerald,WR,2013,16,236.20000000000002,14.762500000000001
00-0024221,Vernon Davis,TE,2013,18,235.4,13.077777777777778
00-0024204,Fred Jackson,RB,2013,16,234.7,14.66875
00-0024466,Marques Colston,WR,2013,17,234.3,13.782352941176471
00-0025394,Adrian Peterson,RB,2013,14,232.7,16.62142857142857
00-0027864,Ryan Mathews,RB,2013,18,221.4,12.3
00-0023500,Frank Gore,RB,2013,19,219.9,11.573684210526316
00-0006101,Tony Gonzalez,TE,2013,16,218.9,13.68125
00-0021429,Carson Palmer,QB,2013,16,217.26,13.57875
00-0030496,Le'Veon Bell,RB,2013,13,216.9,16.684615384615384
00-0027218,Joique Bell,RB,2013,16,216.70000000000002,13.543750000000001
00-0029708,Kendall Wright,WR,2013,16,213.9,13.36875
00-0028040,Jordan Cameron,TE,2013,15,213.70000000000002,14.246666666666668
00-0024813,Pierre Thomas,RB,2013,16,213.20000000000002,13.325000000000001
00-0029665,Robert Griffin III,QB,2013,13,213.02,16.386153846153846
00-0029293,Marvin Jones,WR,2013,17,209.7,12.335294117647058
00-0026158,Joe Flacco,QB,2013,16,207.58,12.97375
00-0022127,Jason Witten,TE,2013,16,206.1,12.88125
00-0027996,Torrey Smith,WR,2013,16,203.8,12.7375
00-0027758,Riley Cooper,WR,2013,17,203.10000000000002,11.947058823529414
00-0026224,Harry Douglas,WR,2013,16,201.7,12.60625
00-0027077,Brian Hartline,WR,2013,16,201.60000000000002,12.600000000000001
00-0027891,Golden Tate,WR,2013,19,201.0,10.578947368421053
00-0025418,Greg Olsen,TE,2013,17,200.1,11.770588235294117
00-0026901,Mike Wallace,WR,2013,16,199.3,12.45625
00-0029638,Michael Floyd,WR,2013,16,199.1,12.44375
00-0028434,Doug Baldwin,WR,2013,19,197.6,10.4
00-0027265,Victor Cruz,WR,2013,14,194.8,13.914285714285715
00-0030565,Geno Smith,QB,2013,16,194.74,12.17125
00-0023564,Darren Sproles,RB,2013,17,193.8,11.4
00-0021547,Antonio Gates,TE,2013,18,188.7,10.483333333333333
00-0028112,Charles Clay,TE,2013,16,188.4,11.775
00-0024275,Maurice Jones-Drew,RB,2013,15,187.02,12.468
00-0027003,Donald Brown,RB,2013,18,183.9,10.216666666666667
00-0030536,Zac Stacy,RB,2013,13,183.4,14.107692307692307
00-0025410,Dwayne Bowe,WR,2013,16,183.3,11.45625
00-0023459,Aaron Rodgers,QB,2013,10,181.62,18.162
00-0027685,Emmanuel Sanders,WR,2013,16,181.5,11.34375
00-0020337,Steve Smith,WR,2013,16,179.89999999999998,11.243749999999999
00-0029141,Alfred Morris,RB,2013,16,178.3,11.14375
00-0026195,Ray Rice,RB,2013,15,178.1,11.873333333333333
00-0029129,Rod Streater,WR,2013,16,174.5,10.90625
00-0027155,Rashad Jennings,RB,2013,15,174.5,11.633333333333333
00-0024267,Greg Jennings,WR,2013,15,172.4,11.493333333333334
00-0022803,Eli Manning,QB,2013,16,170.32,10.645
00-0029697,Coby Fleener,TE,2013,18,169.8,9.433333333333334
00-0026182,Eddie Royal,WR,2013,17,169.4,9.964705882352941
00-0026201,Martellus Bennett,TE,2013,16,168.9,10.55625
00-0024226,Jay Cutler,QB,2013,11,168.64000000000001,15.330909090909092
00-0023367,Nate Washington,WR,2013,16,167.9,10.49375
00-0023682,Ryan Fitzpatrick,QB,2013,11,167.66,15.241818181818182
00-0022811,Jerricho Cotchery,WR,2013,15,165.70000000000002,11.046666666666669
00-0030287,Andre Ellington,RB,2013,15,165.3,11.020000000000001
00-0024242,DeAngelo Williams,RB,2013,16,164.9,10.30625
00-0027325,LeGarrette Blount,RB,2013,18,162.20000000000002,9.011111111111113
00-0028052,Cecil Shorts,WR,2013,13,161.7,12.438461538461537
00-0026197,Chad Henne,QB,2013,15,161.34,10.756
00-0025465,James Jones,WR,2013,15,160.70000000000002,10.713333333333335
00-0030520,Mike Glennon,QB,2013,13,158.02,12.155384615384616
00-0027861,C.J. Spiller,RB,2013,15,154.8,10.32
00-0027994,Shane Vereen,RB,2013,10,154.1,15.41
00-0024389,Delanie Walker,TE,2013,15,153.1,10.206666666666667
00-0027681,Brandon LaFell,WR,2013,16,151.20000000000002,9.450000000000001
00-0023462,Roddy White,WR,2013,13,150.10000000000002,11.546153846153848
00-0030578,Cordarrelle Patterson,RB,2013,16,149.7,9.35625
00-0028011,Stevan Ridley,RB,2013,16,148.4,9.275
00-0022736,Steven Jackson,RB,2013,12,148.4,12.366666666666667
00-0030542,Terrance Williams,WR,2013,15,148.0,9.866666666666667
00-0027061,Jared Cook,TE,2013,16,146.1,9.13125
00-0027005,Hakeem Nicks,WR,2013,15,145.6,9.706666666666667
00-0028086,Denarius Moore,WR,2013,13,145.5,11.192307692307692
00-0030400,Marlon Brown,WR,2013,14,145.20000000000002,10.371428571428572
00-0027890,Ben Tate,RB,2013,14,145.1,10.364285714285714
00-0026163,Rashard Mendenhall,RB,2013,15,144.1,9.606666666666666
00-0028825,Terrelle Pryor,WR,2013,11,143.52,13.047272727272729
00-0029675,Trent Richardson,RB,2013,18,143.0,7.944444444444445
00-0030564,DeAndre Hopkins,WR,2013,16,142.20000000000002,8.887500000000001
00-0029910,Timothy Wright,TE,2013,14,141.3,10.092857142857143
00-0028083,Jacquizz Rodgers,RB,2013,15,141.3,9.42
00-0028064,Bilal Powell,RB,2013,16,140.1,8.75625
00-0026035,Danny Amendola,WR,2013,14,140.1,10.007142857142856
00-0025396,Ted Ginn,WR,2013,17,138.9,8.170588235294119
00-0029262,Rueben Randle,WR,2013,16,138.1,8.63125
00-0021206,Josh McCown,QB,2013,8,136.06,17.0075
00-0029051,Jarrett Boykin,WR,2013,16,135.1,8.44375
00-0030085,Kenny Stills,WR,2013,17,133.7,7.864705882352941
00-0030526,EJ Manuel,QB,2013,10,133.48,13.347999999999999
00-0027718,Garrett Graham,TE,2013,12,131.5,10.958333333333334
00-0026364,Steve Johnson,WR,2013,12,130.7,10.891666666666666
00-0027873,Jermaine Gresham,TE,2013,15,129.2,8.613333333333333
00-0027651,Dexter McCluster,WR,2013,16,129.1,8.06875
00-0025516,Scott Chandler,TE,2013,16,128.5,8.03125
00-0026186,Jerome Simpson,WR,2013,16,126.60000000000001,7.9125000000000005
00-0026173,Donnie Avery,WR,2013,16,125.10000000000001,7.8187500000000005
00-0030525,Tavon Austin,WR,2013,13,124.9,9.607692307692307
00-0030522,Montee Ball,RB,2013,19,124.5,6.552631578947368
00-0025860,BenJarvus Green-Ellis,RB,2013,17,124.0,7.294117647058823
00-0029615,Lamar Miller,RB,2013,16,123.9,7.74375
00-0027135,Brandon Myers,TE,2013,15,123.2,8.213333333333333
00-0027656,Rob Gronkowski,TE,2013,7,122.2,17.45714285714286
00-0023465,Heath Miller,TE,2013,14,121.30000000000001,8.664285714285715
00-0030431,Robert Woods,WR,2013,14,120.30000000000001,8.592857142857143
00-0025549,Brent Celek,TE,2013,17,119.8,7.047058823529412
00-0027854,Sam Bradford,QB,2013,7,118.58,16.94
00-0030540,Aaron Dobson,WR,2013,12,118.2,9.85
00-0030061,Zach Ertz,TE,2013,16,118.1,7.38125
00-0023460,Jason Campbell,QB,2013,9,115.3,12.81111111111111
00-0030472,Jordan Reed,TE,2013,9,114.7,12.744444444444445
00-0028091,Jeremy Kerley,WR,2013,12,114.4,9.533333333333333
00-0027140,Chris Ogbonnaya,RB,2013,16,114.30000000000001,7.143750000000001
00-0028002,Randall Cobb,WR,2013,7,113.3,16.185714285714287
00-0029159,Jermaine Kearse,WR,2013,17,113.0,6.647058823529412
00-0025425,Zach Miller,TE,2013,16,111.30000000000001,6.956250000000001
00-0030550,Ace Sanders,WR,2013,15,110.64,7.376
00-0029384,Bobby Rainey,RB,2013,14,110.2,7.871428571428572
00-0023310,Lance Moore,WR,2013,15,109.8,7.319999999999999
00-0027944,Julio Jones,WR,2013,5,109.7,21.94
00-0026796,Arian Foster,RB,2013,8,108.5,13.5625
00-0023662,Matt Cassel,QB,2013,9,107.98,11.997777777777777
00-0028043,Roy Helu,RB,2013,16,107.5,6.71875
00-0029632,Mohamed Sanu,WR,2013,17,107.4,6.31764705882353
00-0027950,Christian Ponder,QB,2013,9,107.02,11.89111111111111
00-0022787,Matt Schaub,QB,2013,10,104.80000000000001,10.48
00-0027531,Chris Ivory,RB,2013,15,104.3,6.953333333333333
00-0028986,Case Keenum,QB,2013,8,103.60000000000001,12.950000000000001
00-0020498,Reggie Wayne,WR,2013,7,102.80000000000001,14.685714285714287
00-0030514,Mychal Rivera,TE,2013,16,102.7,6.41875
00-0030000,Kenbrell Thompkins,WR,2013,12,102.60000000000001,8.55
00-0027691,Andre Roberts,WR,2013,16,102.1,6.38125
00-0028016,Austin Pettis,WR,2013,14,101.9,7.278571428571429
00-0020245,Mike Vick,QB,2013,7,101.0,14.428571428571429
00-0024324,Jason Avant,WR,2013,16,99.8,6.2375
00-0027946,Jake Locker,QB,2013,7,99.74000000000001,14.248571428571429
00-0020494,Santana Moss,WR,2013,16,99.7,6.23125
00-0027997,Greg Little,WR,2013,16,99.5,6.21875
00-0026144,Darren McFadden,RB,2013,10,98.34,9.834
00-0028000,Daniel Thomas,RB,2013,15,97.89999999999999,6.526666666666666
00-0029580,Rishard Matthews,WR,2013,14,97.8,6.985714285714286
00-0027791,James Starks,RB,2013,14,97.4,6.957142857142857
00-0028045,Kris Durham,WR,2013,16,97.0,6.0625
00-0030549,Tyler Eifert,TE,2013,16,95.5,5.96875
00-0025460,Jacoby Jones,WR,2013,12,94.5,7.875
00-0028020,Vincent Brown,WR,2013,17,94.2,5.541176470588235
00-0030280,Knile Davis,RB,2013,17,93.7,5.511764705882353
00-0027094,Andre Brown,RB,2013,8,93.5,11.6875
00-0026996,Brandon Pettigrew,TE,2013,14,92.6,6.614285714285714
00-0026000,Davone Bess,WR,2013,14,92.2,6.585714285714286
00-0027156,Tiquan Underwood,WR,2013,12,92.0,7.666666666666667
00-0028007,Rob Housler,TE,2013,13,90.4,6.953846153846154
00-0027322,David Nelson,WR,2013,12,90.30000000000001,7.525000000000001
00-0021999,Nate Burleson,WR,2013,9,90.30000000000001,10.033333333333335
00-0027321,Jeff Cumberland,TE,2013,13,89.8,6.907692307692307
00-0029614,Chris Givens,WR,2013,16,89.7,5.60625
00-0029677,Brandon Weeden,QB,2013,8,89.64,11.205
00-0026986,Michael Crabtree,WR,2013,8,88.7,11.0875
00-0029000,Cole Beasley,WR,2013,14,87.8,6.271428571428571
00-0029275,Ladarius Green,TE,2013,16,87.7,5.48125
00-0029572,Jarius Wright,WR,2013,15,87.4,5.826666666666667
00-0029155,Mike Brown,WR,2013,11,86.60000000000001,7.872727272727274
00-0029264,Bernard Pierce,RB,2013,16,86.0,5.375
00-0028021,Jerrel Jernigan,WR,2013,13,85.6,6.584615384615384
00-0028017,Leonard Hankerson,WR,2013,10,85.5,8.55
00-0024264,Kellen Clemens,QB,2013,10,85.32000000000001,8.532
00-0027966,Mark Ingram,RB,2013,13,83.7,6.438461538461539
00-0022165,Dallas Clark,TE,2013,11,83.30000000000001,7.572727272727274
00-0024243,Marcedes Lewis,TE,2013,10,82.9,8.290000000000001
00-0029883,Joseph Fauria,TE,2013,13,82.7,6.361538461538462
00-0026210,Earl Bennett,WR,2013,14,82.3,5.878571428571428
00-0022922,Kellen Winslow,TE,2013,12,81.8,6.816666666666666
00-0027985,Lance Kendricks,TE,2013,14,81.8,5.8428571428571425
00-0029239,Brandon Bolden,RB,2013,11,81.3,7.390909090909091
00-0026937,Brandon Gibson,WR,2013,7,80.60000000000001,11.514285714285716
00-0027981,Kyle Rudolph,TE,2013,8,79.30000000000001,9.912500000000001
00-0030419,Matt McGloin,QB,2013,7,78.58,11.225714285714286
00-0029033,Griff Whalen,WR,2013,10,78.2,7.82
00-0030521,Justin Hunter,WR,2013,13,77.39999999999999,5.953846153846153
00-0027753,Andrew Quarless,TE,2013,14,77.0,5.5
00-0029707,Justin Blackmon,WR,2013,4,76.4,19.1
00-0024240,Santonio Holmes,WR,2013,10,74.60000000000001,7.460000000000001
00-0025414,Robert Meachem,WR,2013,17,74.2,4.364705882352942
00-0028263,Andre Holmes,WR,2013,10,74.10000000000001,7.410000000000001
00-0026231,Jermichael Finley,TE,2013,6,73.0,12.166666666666666
00-0026178,John Carlson,TE,2013,13,72.4,5.56923076923077
00-0026349,Matt Flynn,QB,2013,7,72.18,10.311428571428573
00-0029548,LaVon Brazill,WR,2013,11,70.8,6.4363636363636365
00-0026983,Darrius Heyward-Bey,WR,2013,16,70.5,4.40625
00-0029660,Trevor Graham,WR,2013,16,70.5,4.40625
00-0029613,Doug Martin,RB,2013,6,70.2,11.700000000000001
00-0028121,Jordan Todman,RB,2013,16,69.2,4.325
00-0027215,Logan Paulsen,TE,2013,15,68.7,4.58
00-0029391,Sean McGrath,TE,2013,13,68.2,5.246153846153846
00-0024313,Owen Daniels,TE,2013,5,67.2,13.440000000000001
00-0028116,Aldrick Robinson,WR,2013,13,66.1,5.084615384615384
00-0025439,Brian Leonard,RB,2013,16,65.1,4.06875
00-0024268,Anthony Fasano,TE,2013,10,63.6,6.36
00-0026899,Shonn Greene,RB,2013,11,63.400000000000006,5.763636363636365
00-0027725,Clay Harbor,TE,2013,14,63.2,4.514285714285714
00-0030068,Marquise Goodwin,WR,2013,12,62.6,5.216666666666667
00-0028995,Stephen Hill,WR,2013,12,62.2,5.183333333333334
00-0029429,Bryce Brown,RB,2013,15,61.8,4.12
00-0029640,Brian Quick,WR,2013,14,60.2,4.3
00-0027888,Toby Gerhart,RB,2013,13,60.1,4.6230769230769235
00-0026780,Kevin Ogletree,WR,2013,12,59.9,4.991666666666666
00-0028053,Kendall Hunter,RB,2013,19,59.800000000000004,3.1473684210526316
00-0029415,Keshawn Martin,WR,2013,16,59.300000000000004,3.7062500000000003
00-0026237,Andre Caldwell,WR,2013,17,59.300000000000004,3.488235294117647
00-0027253,Thad Lewis,QB,2013,5,58.879999999999995,11.776
00-0027675,Ed Dickson,TE,2013,14,58.300000000000004,4.164285714285715
00-0022943,Benjamin Watson,TE,2013,16,58.300000000000004,3.6437500000000003
00-0022178,Willis McGahee,RB,2013,11,57.7,5.245454545454546
00-0026267,Jacob Tamme,TE,2013,14,57.699999999999996,4.121428571428571
00-0027825,Jim Dray,TE,2013,15,57.5,3.8333333333333335
00-0026367,Peyton Hillis,RB,2013,7,57.300000000000004,8.185714285714287
00-0023437,Ronnie Brown,RB,2013,16,57.1,3.56875
00-0030089,Luke Willson,TE,2013,14,56.900000000000006,4.064285714285715
00-0029731,Fozzy Whittaker,RB,2013,13,56.400000000000006,4.338461538461539
00-0027702,Mike Williams,WR,2013,6,55.6,9.266666666666667
00-0025431,Sidney Rice,WR,2013,8,54.1,6.7625
00-0025487,Michael Bush,RB,2013,14,52.5,3.75
00-0028606,Kerry Taylor,WR,2013,7,50.9,7.271428571428571
00-0030043,Da'Rick Rogers,WR,2013,6,50.800000000000004,8.466666666666667
00-0029683,Ronnie Hillman,RB,2013,9,49.7,5.522222222222222
00-0028061,Tandon Doss,WR,2013,12,49.5,4.125
00-0030108,Ryan Griffin,TE,2013,11,49.4,4.490909090909091
00-0023545,Brandon Jacobs,RB,2013,7,49.1,7.014285714285714
00-0030532,Stedman Bailey,WR,2013,11,48.900000000000006,4.445454545454546
00-0023921,Miles Austin,WR,2013,11,48.4,4.3999999999999995
00-0030391,Mike James,RB,2013,7,47.88,6.840000000000001
00-0029612,Daryl Richardson,RB,2013,7,47.6,6.8
00-0029778,Darius Johnson,WR,2013,10,47.0,4.7
00-0030348,Khiry Robinson,RB,2013,12,46.900000000000006,3.9083333333333337
00-0029273,Robert Turbin,RB,2013,19,46.300000000000004,2.436842105263158
00-0028307,Drew Davis,WR,2013,12,45.599999999999994,3.7999999999999994
00-0029795,Benny Cunningham,RB,2013,14,44.0,3.142857142857143
00-0027714,Dennis Pitta,TE,2013,4,42.900000000000006,10.725000000000001
00-0029317,Edwin Baker,RB,2013,3,42.800000000000004,14.266666666666667
00-0026314,Josh Morgan,WR,2013,14,42.7,3.0500000000000003
00-0029311,Junior Hemingway,WR,2013,13,42.5,3.269230769230769
00-0030388,Joseph Randle,RB,2013,7,42.5,6.071428571428571
00-0025637,Ahmad Bradshaw,RB,2013,3,41.8,13.933333333333332
00-0026625,Brian Hoyer,QB,2013,3,40.199999999999996,13.399999999999999
00-0028198,Matt Asiata,RB,2013,6,38.900000000000006,6.483333333333334
00-0027732,Michael Hoomanawanui,TE,2013,12,38.5,3.2083333333333335
00-0029438,Chris Polk,RB,2013,9,37.900000000000006,4.211111111111112
00-0026281,Gary Barnidge,TE,2013,14,37.7,2.692857142857143
00-0027918,Andrew Hawkins,WR,2013,9,37.2,4.133333333333334
00-0028958,Cory Harkey,TE,2013,10,36.300000000000004,3.6300000000000003
00-0028159,Da'Rel Scott,RB,2013,5,34.5,6.9
00-0030544,Gavin Escobar,TE,2013,9,34.4,3.822222222222222
00-0028595,Scott Tolzien,QB,2013,3,34.18,11.393333333333333
00-0027786,Jonathan Dwyer,RB,2013,15,34.1,2.2733333333333334
00-0029604,Kirk Cousins,QB,2013,5,33.56,6.712000000000001
00-0027893,Damian Williams,WR,2013,9,32.8,3.644444444444444
00-0026162,Felix Jones,RB,2013,15,31.700000000000003,2.1133333333333337
00-0027772,Anthony Dixon,RB,2013,17,31.7,1.8647058823529412
00-0030300,Jaron Brown,WR,2013,12,31.0,2.5833333333333335
00-0030236,Dennis Johnson,RB,2013,8,30.900000000000002,3.8625000000000003
00-0029673,DeVier Posey,WR,2013,9,30.5,3.388888888888889
00-0026993,Josh Freeman,QB,2013,4,30.44,7.61
00-0028114,Dwayne Harris,WR,2013,13,29.6,2.276923076923077
00-0026855,Antone Smith,RB,2013,10,29.5,2.95
00-0026153,Jonathan Stewart,RB,2013,6,29.4,4.8999999999999995
00-0030443,Levine Toilolo,TE,2013,10,28.5,2.85
00-0025701,Jackie Battle,RB,2013,11,27.8,2.5272727272727273
00-0030282,Stepfan Taylor,RB,2013,12,26.6,2.216666666666667
00-0027259,Jake Ballard,TE,2013,5,26.5,5.3
00-0026373,Justin Forsett,RB,2013,8,26.3,3.2875
00-0027346,Alfonso Smith,RB,2013,10,26.2,2.62
00-0029004,Lance Dunbar,RB,2013,8,25.900000000000002,3.2375000000000003
00-0027608,Kyle Williams,WR,2013,9,25.6,2.8444444444444446
00-0026577,Marcus Thigpen,WR,2013,16,25.5,1.59375
00-0029654,A.J. Jenkins,WR,2013,8,25.3,3.1625
00-0029601,Brandon Bostick,TE,2013,7,25.0,3.5714285714285716
00-0029510,Jonathan Grimes,RB,2013,2,24.900000000000002,12.450000000000001
00-0015754,Brandon Stokley,WR,2013,6,24.5,4.083333333333333
00-0027092,Austin Collie,WR,2013,6,24.5,4.083333333333333
00-0028905,Chris Owusu,WR,2013,7,24.4,3.4857142857142853
00-0029432,Chase Ford,TE,2013,8,24.3,3.0375
00-0028049,Clyde Gates,WR,2013,6,24.200000000000003,4.033333333333334
00-0026262,Tashard Choice,RB,2013,16,23.5,1.46875
00-0029626,Isaiah Pead,RB,2013,9,22.900000000000002,2.5444444444444447
00-0028249,Jeremy Ross,WR,2013,12,22.700000000000003,1.8916666666666668
00-0027709,Jacoby Ford,WR,2013,13,22.400000000000002,1.7230769230769232
00-0028050,Greg Salas,WR,2013,5,22.3,4.46
00-0030470,Vance McDonald,TE,2013,11,22.2,2.018181818181818
00-0030078,Johnathan Franklin,RB,2013,7,21.700000000000003,3.1000000000000005
00-0030474,Josh Boyce,WR,2013,6,21.1,3.516666666666667
00-0022414,Malcom Floyd,WR,2013,2,20.900000000000002,10.450000000000001
00-0030216,Josh Hill,TE,2013,8,20.8,2.6
00-0023541,Kyle Orton,QB,2013,2,20.720000000000002,10.360000000000001
00-0028362,Michael Preston,WR,2013,3,20.7,6.8999999999999995
00-0027006,Kenny Britt,WR,2013,10,20.6,2.06
00-0026931,Bear Pascoe,TE,2013,12,20.3,1.6916666666666667
00-0029269,Travis Benjamin,WR,2013,8,20.0,2.5
00-0026188,Fred Davis,TE,2013,7,20.0,2.857142857142857
00-0029388,Deonte Thompson,WR,2013,5,19.6,3.9200000000000004
00-0029251,David Wilson,RB,2013,5,19.4,3.88
00-0029634,James Hanna,TE,2013,10,19.3,1.9300000000000002
00-0030516,Brice Butler,WR,2013,8,19.3,2.4125
00-0024345,Domenik Hixon,WR,2013,7,18.5,2.642857142857143
00-0028237,Chris Hogan,WR,2013,11,18.3,1.6636363636363638
00-0028841,Will Johnson,RB,2013,11,18.1,1.6454545454545455
00-0023630,Joel Dreessen,TE,2013,7,17.7,2.5285714285714285
00-0029336,Brittan Golden,WR,2013,5,17.6,3.5200000000000005
00-0026235,Mario Manningham,WR,2013,5,17.5,3.5
00-0026544,Chase Daniel,QB,2013,5,17.119999999999997,3.4239999999999995
00-0029587,Rhett Ellison,TE,2013,7,17.1,2.442857142857143
00-0028543,Jeff Maehl,WR,2013,7,16.700000000000003,2.385714285714286
00-0029209,Ryan Broyles,WR,2013,6,16.5,2.75
00-0030049,Chris Gragg,TE,2013,2,16.3,8.15
00-0024279,Tarvaris Jackson,QB,2013,4,16.14,4.035
00-0028442,Ricardo Lockette,WR,2013,8,15.900000000000002,1.9875000000000003
00-0030274,Myles White,WR,2013,5,15.6,3.12
00-0027581,Seyi Ajirotutu,WR,2013,13,15.4,1.1846153846153846
00-0028142,Virgil Green,TE,2013,14,15.4,1.1
00-0024276,Tony Scheffler,TE,2013,4,15.2,3.8
00-0030422,Dion Sims,TE,2013,7,15.2,2.1714285714285713
00-0030107,Theo Riddick,RB,2013,12,15.100000000000001,1.2583333333333335
00-0028930,Josh Cooper,WR,2013,2,15.0,7.5
00-0027445,Jeron Mastrud,TE,2013,11,14.8,1.3454545454545455
00-0028174,Stephen Burton,WR,2013,4,14.7,3.675
00-0026998,Percy Harvin,WR,2013,3,14.7,4.8999999999999995
00-0029298,Cyrus Gray,RB,2013,13,14.5,1.1153846153846154
00-0029183,Danny Noble,TE,2013,4,14.299999999999999,3.5749999999999997
00-0029218,David Paulson,TE,2013,5,14.200000000000001,2.8400000000000003
00-0027356,Marlon Moore,WR,2013,11,14.1,1.2818181818181817
00-0029694,Michael Egnew,TE,2013,7,13.9,1.9857142857142858
00-0029492,Jamize Olawale,RB,2013,11,13.9,1.2636363636363637
00-0027089,Louis Murphy,WR,2013,7,13.700000000000001,1.9571428571428573
00-0028613,Phillip Tanner,RB,2013,9,13.5,1.5
00-0030450,Quinton Patton,WR,2013,6,13.4,2.2333333333333334
00-0028581,Patrick DiMarco,RB,2013,10,12.9,1.29
00-0028097,Lee Smith,TE,2013,9,12.8,1.4222222222222223
00-0027948,Blaine Gabbert,QB,2013,3,12.44,4.1466666666666665
00-0030460,Markus Wheaton,WR,2013,9,12.4,1.3777777777777778
00-0026298,Kellen Davis,TE,2013,6,12.2,2.033333333333333
00-0029098,Eric Page,WR,2013,16,12.2,0.7625
00-0028352,Dane Sanzenbacher,WR,2013,6,12.100000000000001,2.016666666666667
00-0026878,Tom Crabtree,TE,2013,5,12.100000000000001,2.4200000000000004
00-0030024,Jeff Tuel,QB,2013,2,12.059999999999999,6.029999999999999
00-0029999,Zach Sudfeld,TE,2013,5,11.3,2.2600000000000002
00-0026008,Matthew Mulligan,TE,2013,6,11.2,1.8666666666666665
00-0026957,David Johnson,TE,2013,4,11.0,2.75
00-0029667,Nick Toon,WR,2013,5,10.8,2.16
00-0029590,Taylor Thompson,TE,2013,9,10.3,1.1444444444444446
00-0023506,Alex Smith,TE,2013,8,10.2,1.275
00-0029588,Dan Herron,RB,2013,4,10.0,2.5
00-0029108,Derek Moye,WR,2013,4,10.0,2.5
00-0027080,Mike Goodson,RB,2013,2,10.0,5.0
00-0029151,Matt Simms,QB,2013,3,9.94,3.313333333333333
00-0028063,Taiwan Jones,RB,2013,15,9.8,0.6533333333333334
00-0023176,Josh Cribbs,WR,2013,6,9.620000000000001,1.6033333333333335
00-0029227,Pat Edwards,WR,2013,3,9.6,3.1999999999999997
00-0029260,LaMichael James,RB,2013,13,9.5,0.7307692307692307
00-0028876,Collin Mooney,RB,2013,5,9.2,1.8399999999999999
00-0028093,Niles Paul,TE,2013,13,9.1,0.7
00-0029689,Dwayne Allen,TE,2013,1,9.0,9.0
00-0028267,Allen Reisner,TE,2013,4,9.0,2.25
00-0028156,Ryan Taylor,TE,2013,9,9.0,1.0
00-0029441,Jeremy Stewart,RB,2013,7,8.8,1.2571428571428573
00-0028270,Weslye Saunders,TE,2013,6,8.6,1.4333333333333333
00-0030181,Jack Doyle,TE,2013,7,8.6,1.2285714285714284
00-0029205,Travaris Cadet,RB,2013,8,8.5,1.0625
00-0030128,Michael Cox,RB,2013,11,8.5,0.7727272727272727
00-0027796,Joe Webb,QB,2013,8,8.3,1.0375
00-0025464,Matt Spaeth,TE,2013,2,8.1,4.05
00-0030512,Nick Kasa,TE,2013,4,7.9,1.975
00-0030432,Christine Michael,RB,2013,3,7.9,2.6333333333333333
00-0028542,Lestar Jean,WR,2013,8,7.5,0.9375
00-0028903,Garrett Celek,TE,2013,6,7.4,1.2333333333333334
00-0029878,MarQueis Gray,TE,2013,8,7.1000000000000005,0.8875000000000001
00-0029854,C.J. Anderson,RB,2013,3,7.1,2.3666666666666667
00-0027139,John Phillips,TE,2013,9,7.0,0.7777777777777778
00-0029547,Vick Ballard,RB,2013,1,6.800000000000001,6.800000000000001
00-0027780,Nate Byham,TE,2013,3,6.8,2.2666666666666666
00-0026699,Kevin Brock,TE,2013,4,6.6,1.65
00-0026566,Isaac Redman,RB,2013,2,6.6,3.3
00-0030320,Michael Hill,RB,2013,5,6.6,1.3199999999999998
00-0029848,Nick Williams,WR,2013,5,6.5,1.3
00-0029722,Jeff Demps,RB,2013,2,6.5,3.25
00-0028034,Alex Green,RB,2013,7,6.300000000000001,0.9000000000000001
00-0029702,Juron Criner,WR,2013,1,6.2,6.2
00-0027109,James Casey,TE,2013,12,6.1000000000000005,0.5083333333333334
00-0028838,Larry Donnell,TE,2013,8,6.1,0.7625
00-0028118,Tyrod Taylor,QB,2013,3,6.08,2.026666666666667
00-0027779,Deji Karim,RB,2013,4,6.0,1.5
00-0027964,Jon Baldwin,WR,2013,4,5.800000000000001,1.4500000000000002
00-0027819,Dorin Dickerson,TE,2013,3,5.4,1.8
00-0028994,Dominique Jones,TE,2013,2,5.4,2.7
00-0029856,Lamaar Thomas,WR,2013,2,5.1,2.55
00-0026956,LaRod Stephens-Howling,RB,2013,1,5.0,5.0
00-0024318,Brad Smith,WR,2013,6,4.9,0.8166666666666668
00-0029552,Jeremy Ebert,WR,2013,4,4.8,1.2
00-0029868,Skye Dawson,WR,2013,6,4.7,0.7833333333333333
00-0026941,Bernard Scott,RB,2013,2,4.4,2.2
00-0027188,Chad Hall,WR,2013,4,4.0,1.0
00-0029682,Brock Osweiler,QB,2013,2,4.0,2.0
00-0023679,Billy Bajema,TE,2013,3,3.8,1.2666666666666666
00-0022055,Seneca Wallace,QB,2013,2,3.5600000000000005,1.7800000000000002
00-0029435,Damaris Johnson,WR,2013,10,3.4000000000000004,0.34
00-0030465,Kenjon Barner,RB,2013,5,3.4000000000000004,0.68
00-0028863,Dominique Davis,QB,2013,1,3.3600000000000003,3.3600000000000003
00-0027708,Marcus Easley,WR,2013,14,3.3,0.2357142857142857
00-0030047,Marquess Wilson,WR,2013,3,3.3,1.0999999999999999
00-0028984,Brian Tyms,WR,2013,4,3.2,0.8
00-0007091,Matt Hasselbeck,QB,2013,3,3.0,1.0
00-0030233,Ray Graham,RB,2013,1,3.0,3.0
00-0021570,Kassim Osgood,WR,2013,12,2.7,0.225
00-0030547,Denard Robinson,RB,2013,14,2.6000000000000005,0.18571428571428575
00-0026757,Kory Sperry,TE,2013,1,2.6,2.6
00-0026225,Craig Stevens,TE,2013,6,2.5,0.4166666666666667
00-0028596,Tori Gurley,WR,2013,2,2.5,1.25
00-0027583,Richie Brockel,TE,2013,6,2.3000000000000003,0.38333333333333336
00-0025542,Dante Rosario,TE,2013,9,2.3,0.25555555555555554
00-0022054,Visanthe Shiancoe,TE,2013,1,2.2,2.2
00-0028792,Kevin Cone,WR,2013,7,2.2,0.31428571428571433
00-0029048,Joe Banyard,RB,2013,2,2.1,1.05
00-0030433,Mike Gillislee,RB,2013,2,2.1,1.05
00-0027692,Armanti Edwards,WR,2013,4,2.0,0.5
00-0026300,Josh Johnson,QB,2013,2,2.0,1.0
00-0030533,Matt Barkley,QB,2013,3,1.8000000000000005,0.6000000000000002
00-0029414,Orson Charles,TE,2013,7,1.8,0.2571428571428572
00-0024535,Eric Weems,WR,2013,9,1.8,0.2
00-0027202,Michael Palmer,TE,2013,3,1.8,0.6
00-0024463,Ben Obomanu,WR,2013,1,1.8,1.8
00-0028238,Konrad Reuland,TE,2013,4,1.7000000000000002,0.42500000000000004
00-0026932,Cedric Peerman,RB,2013,13,1.7000000000000002,0.13076923076923078
00-0027057,Brandon Tate,WR,2013,17,1.6,0.09411764705882353
00-0028345,Robert Hughes,RB,2013,1,1.6,1.6
00-0029791,Ronnie Wingo,RB,2013,1,1.5999999999999999,1.5999999999999999
00-0028651,Mike McNeill,TE,2013,1,1.5,1.5
00-0025951,Darius Reynaud,RB,2013,9,1.4,0.15555555555555556
00-0030129,Justice Cunningham,TE,2013,1,1.4,1.4
00-0028115,Evan Royster,RB,2013,4,1.3,0.325
00-0028119,Richard Gordon,TE,2013,1,1.3,1.3
00-0027755,David Reed,WR,2013,7,1.2,0.17142857142857143
00-0030414,Spencer Ware,RB,2013,1,1.0,1.0
00-0027995,Mikel Leshoure,RB,2013,1,0.9,0.9
00-0030248,Cierre Wood,RB,2013,2,0.9,0.45
00-0027606,Trindon Holliday,WR,2013,18,0.7000000000000001,0.03888888888888889
00-0026644,Josh Vaughan,RB,2013,2,0.6000000000000001,0.30000000000000004
00-0028090,T.J. Yates,QB,2013,2,0.5199999999999999,0.25999999999999995
00-0028706,Armond Smith,RB,2013,3,0.5,0.16666666666666666
00-0028202,Shaun Draughn,RB,2013,1,0.2,0.2
00-0024332,Leon Washington,RB,2013,7,0.1,0.014285714285714287
00-0030147,Russell Shepard,WR,2013,7,0.0,0.0
00-0022847,Ben Hartsock,TE,2013,3,0.0,0.0
00-0029091,Bradley Sowell,TE,2013,4,0.0,0.0
00-0023968,Micheal Spurlock,WR,2013,11,0.0,0.0
00-0027349,Stephen Williams,WR,2013,3,0.0,0.0
00-0030370,Greg Jenkins,WR,2013,5,0.0,0.0
00-0029367,Julian Talley,WR,2013,1,0.0,0.0
00-0024272,Devin Hester,WR,2013,16,0.0,0.0
00-0029793,Brandon Williams,TE,2013,1,0.0,0.0
00-0028337,Kyle Adams,TE,2013,1,0.0,0.0
00-0030404,Chris Thompson,RB,2013,4,0.0,0.0
00-0026266,Lavelle Hawkins,WR,2013,4,0.0,0.0
00-0030077,Chris Harper,WR,2013,1,0.0,0.0
00-0028353,Andre Smith,TE,2013,1,0.0,0.0
00-0030175,Ryan Spadola,WR,2013,1,0.0,0.0
00-0028293,Michael Campbell,WR,2013,1,0.0,0.0
00-0028795,Chase Reynolds,RB,2013,9,0.0,0.0
00-0030134,Michael Ford,RB,2013,7,0.0,0.0
00-0029175,Jake Byrne,TE,2013,1,0.0,0.0
00-0028105,Ryan Whalen,WR,2013,1,0.0,0.0
00-0030117,Kerwynn Williams,RB,2013,1,0.0,0.0
00-0026293,Matthew Slater,WR,2013,10,0.0,0.0
00-0029276,Evan Rodriguez,TE,2013,3,0.0,0.0
00-0029140,Chris Rainey,RB,2013,2,0.0,0.0
00-0027567,Steve Maneri,TE,2013,2,0.0,0.0
00-0028079,D.J. Williams,TE,2013,4,0.0,0.0
00-0029274,Devon Wylie,WR,2013,2,0.0,0.0
00-0027069,Chase Coffman,TE,2013,1,0.0,0.0
00-0026579,Kahlil Bell,RB,2013,2,0.0,0.0
00-0030272,Jake Stoneburner,TE,2013,3,0.0,0.0
00-0029319,Josh Bellamy,WR,2013,2,0.0,0.0
00-0029934,Rodney Smith,WR,2013,1,0.0,0.0
00-0029424,Marvin McNutt,WR,2013,1,0.0,0.0
00-0029494,Joe Anderson,WR,2013,4,0.0,0.0
00-0027012,Brian Robiskie,WR,2013,1,0.0,0.0
00-0030467,Justin Veltung,WR,2013,3,0.0,0.0
00-0023645,Derek Anderson,QB,2013,3,0.0,0.0
00-0027688,Colt McCoy,QB,2013,3,-0.08000000000000007,-0.02666666666666669
00-0020679,Shaun Hill,QB,2013,1,-0.2,-0.2
00-0029006,Saalim Hakim,WR,2013,2,-0.30000000000000004,-0.15000000000000002
00-0022864,Luke McCown,QB,2013,3,-0.4,-0.13333333333333333
00-0024296,Charlie Whitehurst,QB,2013,2,-0.5,-0.25
00-0025708,Matt Moore,QB,2013,1,-1.88,-1.88
00-0027134,Curtis Painter,QB,2013,3,-1.92,-0.64
00-0023459,Aaron Rodgers,QB,2012,18,379.84,21.10222222222222
00-0019596,Tom Brady,QB,2012,18,379.24,21.06888888888889
00-0026796,Arian Foster,RB,2012,18,367.8,20.433333333333334
00-0025394,Adrian Peterson,RB,2012,17,359.1,21.123529411764707
00-0026143,Matt Ryan,QB,2012,18,347.6,19.311111111111114
00-0020531,Drew Brees,QB,2012,16,345.58,21.59875
00-0025389,Calvin Johnson,WR,2012,16,342.40000000000003,21.400000000000002
00-0026195,Ray Rice,RB,2012,20,336.5,16.825
00-0022427,Wes Welker,WR,2012,18,336.2,18.677777777777777
00-0024334,Brandon Marshall,WR,2012,16,334.6,20.9125
00-0029263,Russell Wilson,QB,2012,18,329.2,18.288888888888888
00-0010346,Peyton Manning,QB,2012,17,328.46,19.321176470588235
00-0029665,Robert Griffin III,QB,2012,16,326.96,20.435
00-0022044,Andre Johnson,WR,2012,18,325.5,18.083333333333332
00-0027939,Cam Newton,QB,2012,16,325.46000000000004,20.341250000000002
00-0026158,Joe Flacco,QB,2012,20,324.08,16.204
00-0027944,Julio Jones,WR,2012,18,314.8,17.48888888888889
00-0026986,Michael Crabtree,WR,2012,19,314.8,16.568421052631578
00-0027942,A.J. Green,WR,2012,17,312.8,18.400000000000002
00-0029613,Doug Martin,RB,2012,16,311.6,19.475
00-0027874,Demaryius Thomas,WR,2012,17,306.1,18.00588235294118
00-0023462,Roddy White,WR,2012,18,304.7,16.927777777777777
00-0025399,Marshawn Lynch,RB,2012,18,304.0,16.88888888888889
00-0027902,Dez Bryant,WR,2012,16,298.6,18.6625
00-0020498,Reggie Wayne,WR,2012,17,289.40000000000003,17.02352941176471
00-0023500,Frank Gore,RB,2012,19,287.5,15.131578947368421
00-0029668,Andrew Luck,QB,2012,17,287.48,16.910588235294117
00-0027690,Eric Decker,WR,2012,17,283.8,16.694117647058825
00-0021678,Tony Romo,QB,2012,16,279.92,17.495
00-0026498,Matthew Stafford,QB,2012,16,276.58,17.28625
00-0006101,Tony Gonzalez,TE,2012,18,272.90000000000003,15.161111111111113
00-0022084,Anquan Boldin,WR,2012,19,267.40000000000003,14.073684210526318
00-0027974,Colin Kaepernick,QB,2012,16,262.38,16.39875
00-0023496,Vincent Jackson,WR,2012,16,260.4,16.275
00-0029141,Alfred Morris,RB,2012,17,260.0,15.294117647058824
00-0027973,Andy Dalton,QB,2012,17,255.34,15.02
00-0027861,C.J. Spiller,RB,2012,16,255.3,15.95625
00-0027265,Victor Cruz,WR,2012,16,255.20000000000002,15.950000000000001
00-0029675,Trent Richardson,RB,2012,15,254.7,16.98
00-0024466,Marques Colston,WR,2012,16,254.4,15.9
00-0022787,Matt Schaub,QB,2012,18,254.22,14.123333333333333
00-0025465,James Jones,WR,2012,17,254.20000000000002,14.952941176470588
00-0028002,Randall Cobb,WR,2012,17,248.60000000000002,14.623529411764707
00-0026993,Josh Freeman,QB,2012,16,248.5,15.53125
00-0026213,Jamaal Charles,RB,2012,16,239.50000000000003,14.968750000000002
00-0027696,Jimmy Graham,TE,2012,15,237.20000000000002,15.813333333333334
00-0022803,Eli Manning,QB,2012,16,232.92000000000002,14.557500000000001
00-0022127,Jason Witten,TE,2012,16,231.9,14.49375
00-0027854,Sam Bradford,QB,2012,16,230.48,14.405
00-0027996,Torrey Smith,WR,2012,20,229.70000000000002,11.485000000000001
00-0028011,Stevan Ridley,RB,2012,18,226.9,12.605555555555556
00-0021429,Carson Palmer,QB,2012,15,224.32000000000002,14.954666666666668
00-0022924,Ben Roethlisberger,QB,2012,13,223.8,17.215384615384615
00-0026184,Matt Forte,RB,2012,15,221.4,14.76
00-0027714,Dennis Pitta,TE,2012,20,218.20000000000002,10.91
00-0027702,Mike Williams,WR,2012,16,217.72,13.6075
00-0026364,Steve Johnson,WR,2012,16,217.60000000000002,13.600000000000001
00-0022097,Brandon Lloyd,WR,2012,18,217.3,12.072222222222223
00-0023564,Darren Sproles,RB,2012,13,216.1,16.623076923076923
00-0020337,Steve Smith,WR,2012,16,215.1,13.44375
00-0023682,Ryan Fitzpatrick,QB,2012,16,213.70000000000002,13.356250000000001
00-0026164,Chris Johnson,RB,2012,16,211.50000000000003,13.218750000000002
00-0022942,Philip Rivers,QB,2012,16,208.24,13.015
00-0024217,Reggie Bush,RB,2012,16,206.8,12.925
00-0023310,Lance Moore,WR,2012,15,205.10000000000002,13.673333333333336
00-0024313,Owen Daniels,TE,2012,17,204.8,12.047058823529412
00-0023465,Heath Miller,TE,2012,15,202.60000000000002,13.506666666666668
00-0022736,Steven Jackson,RB,2012,16,200.60000000000002,12.537500000000001
00-0027029,LeSean McCoy,RB,2012,12,199.3,16.608333333333334
00-0027656,Rob Gronkowski,TE,2012,12,198.0,16.5
00-0029608,T.Y. Hilton,WR,2012,16,195.60000000000002,12.225000000000001
00-0026995,Jeremy Maclin,WR,2012,15,194.70000000000002,12.98
00-0026901,Mike Wallace,WR,2012,15,194.3,12.953333333333335
00-0023921,Miles Austin,WR,2012,16,194.3,12.14375
00-0027950,Christian Ponder,QB,2012,16,194.2,12.1375
00-0027891,Golden Tate,WR,2012,17,192.52,11.324705882352943
00-0028052,Cecil Shorts,WR,2012,14,192.5,13.75
00-0022821,Michael Turner,RB,2012,18,188.6,10.477777777777778
00-0026899,Shonn Greene,RB,2012,16,186.4,11.65
00-0027077,Brian Hartline,WR,2012,15,186.3,12.42
00-0026176,Jordy Nelson,WR,2012,14,185.20000000000002,13.22857142857143
00-0029707,Justin Blackmon,WR,2012,16,184.8,11.55
00-0024226,Jay Cutler,QB,2012,15,184.62,12.308
00-0027135,Brandon Myers,TE,2012,16,183.6,11.475
00-0025418,Greg Olsen,TE,2012,16,183.3,11.45625
00-0027995,Mikel Leshoure,RB,2012,14,183.2,13.085714285714285
00-0029701,Ryan Tannehill,QB,2012,16,182.86,11.42875
00-0025431,Sidney Rice,WR,2012,18,182.1,10.116666666666667
00-0025860,BenJarvus Green-Ellis,RB,2012,16,181.20000000000002,11.325000000000001
00-0025637,Ahmad Bradshaw,RB,2012,14,179.0,12.785714285714286
00-0022921,Larry Fitzgerald,WR,2012,16,174.8,10.925
00-0027793,Antonio Brown,WR,2012,13,173.10000000000002,13.315384615384618
00-0027691,Andre Roberts,WR,2012,15,172.8,11.520000000000001
00-0024221,Vernon Davis,TE,2012,19,169.20000000000002,8.905263157894737
00-0027873,Jermaine Gresham,TE,2012,17,168.4,9.905882352941177
00-0022414,Malcom Floyd,WR,2012,14,167.4,11.957142857142857
00-0028086,Denarius Moore,WR,2012,15,166.6,11.106666666666666
00-0029677,Brandon Weeden,QB,2012,15,165.60000000000002,11.040000000000001
00-0027981,Kyle Rudolph,TE,2012,17,165.5,9.735294117647058
00-0027713,Aaron Hernandez,TE,2012,12,162.2,13.516666666666666
00-0026173,Donnie Avery,WR,2012,17,161.70000000000002,9.511764705882355
00-0026998,Percy Harvin,WR,2012,9,161.3,17.922222222222224
00-0026019,Danny Woodhead,RB,2012,17,160.0,9.411764705882353
00-0029664,Josh Gordon,WR,2012,16,158.5,9.90625
00-0027218,Joique Bell,RB,2012,16,157.9,9.86875
00-0025410,Dwayne Bowe,WR,2012,13,155.1,11.930769230769231
00-0028083,Jacquizz Rodgers,RB,2012,18,153.8,8.544444444444444
00-0026144,Darren McFadden,RB,2012,12,152.5,12.708333333333334
00-0020245,Mike Vick,QB,2012,10,151.68,15.168000000000001
00-0028091,Jeremy Kerley,WR,2012,16,151.18,9.44875
00-0020494,Santana Moss,WR,2012,17,150.6,8.858823529411765
00-0026937,Brandon Gibson,WR,2012,15,150.10000000000002,10.006666666666668
00-0029708,Kendall Wright,WR,2012,15,149.0,9.933333333333334
00-0026201,Martellus Bennett,TE,2012,16,147.6,9.225
00-0026231,Jermichael Finley,TE,2012,18,147.2,8.177777777777777
00-0026035,Danny Amendola,WR,2012,11,146.4,13.30909090909091
00-0028009,DeMarco Murray,RB,2012,10,146.4,14.64
00-0026000,Davone Bess,WR,2012,13,144.8,11.13846153846154
00-0027912,Danario Alexander,WR,2012,10,144.8,14.48
00-0021547,Antonio Gates,TE,2012,15,144.8,9.653333333333334
00-0023367,Nate Washington,WR,2012,16,144.6,9.0375
00-0024242,DeAngelo Williams,RB,2012,16,143.4,8.9625
00-0027997,Greg Little,WR,2012,16,143.2,8.95
00-0029547,Vick Ballard,RB,2012,17,142.0,8.352941176470589
00-0026345,Pierre Garcon,WR,2012,11,141.2,12.836363636363636
00-0015754,Brandon Stokley,WR,2012,15,141.1,9.406666666666666
00-0027005,Hakeem Nicks,WR,2012,12,140.20000000000002,11.683333333333335
00-0027681,Brandon LaFell,WR,2012,13,139.20000000000002,10.707692307692309
00-0022178,Willis McGahee,RB,2012,10,139.20000000000002,13.920000000000002
00-0027864,Ryan Mathews,RB,2012,12,136.9,11.408333333333333
00-0027918,Andrew Hawkins,WR,2012,15,134.8,8.986666666666668
00-0025516,Scott Chandler,TE,2012,15,134.1,8.94
00-0024813,Pierre Thomas,RB,2012,15,133.7,8.913333333333332
00-0026983,Darrius Heyward-Bey,WR,2012,15,133.20000000000002,8.88
00-0029614,Chris Givens,WR,2012,15,133.0,8.866666666666667
00-0025425,Zach Miller,TE,2012,18,132.6,7.366666666666666
00-0027946,Jake Locker,QB,2012,11,132.14000000000001,12.012727272727274
00-0024243,Marcedes Lewis,TE,2012,15,130.0,8.666666666666666
00-0026996,Brandon Pettigrew,TE,2012,13,129.7,9.976923076923075
00-0025549,Brent Celek,TE,2012,15,129.4,8.626666666666667
00-0027006,Kenny Britt,WR,2012,14,127.9,9.135714285714286
00-0026267,Jacob Tamme,TE,2012,16,126.9,7.93125
00-0026189,DeSean Jackson,WR,2012,11,126.3,11.481818181818182
00-0026988,Knowshon Moreno,RB,2012,9,125.5,13.944444444444445
00-0029689,Dwayne Allen,TE,2012,16,124.7,7.79375
00-0024267,Greg Jennings,WR,2012,10,124.1,12.41
00-0023436,Alex Smith,QB,2012,10,122.68,12.268
00-0027985,Lance Kendricks,TE,2012,16,119.9,7.49375
00-0026162,Felix Jones,RB,2012,16,119.4,7.4625
00-0027061,Jared Cook,TE,2012,13,118.3,9.1
00-0026898,Mark Sanchez,QB,2012,15,118.12,7.874666666666667
00-0024324,Jason Avant,WR,2012,14,117.80000000000001,8.414285714285715
00-0023630,Joel Dreessen,TE,2012,17,117.2,6.894117647058824
00-0022943,Benjamin Watson,TE,2012,16,117.1,7.31875
00-0022781,Michael Jenkins,WR,2012,17,115.5,6.794117647058823
00-0028017,Leonard Hankerson,WR,2012,16,115.5,7.21875
00-0029129,Rod Streater,WR,2012,15,115.4,7.693333333333333
00-0024204,Fred Jackson,RB,2012,10,115.4,11.540000000000001
00-0021931,Kevin Walter,WR,2012,18,114.9,6.383333333333334
00-0026314,Josh Morgan,WR,2012,17,114.5,6.735294117647059
00-0022165,Dallas Clark,TE,2012,16,114.5,7.15625
00-0026197,Chad Henne,QB,2012,10,114.16,11.416
00-0027994,Shane Vereen,RB,2012,14,111.2,7.942857142857143
00-0029638,Michael Floyd,WR,2012,15,111.2,7.413333333333333
00-0027685,Emmanuel Sanders,WR,2012,16,111.0,6.9375
00-0027518,Donald Jones,WR,2012,12,109.3,9.108333333333333
00-0027094,Andre Brown,RB,2012,10,109.1,10.91
00-0025460,Jacoby Jones,WR,2012,20,108.9,5.445
00-0027651,Dexter McCluster,WR,2012,16,108.2,6.7625
00-0023437,Ronnie Brown,RB,2012,14,108.1,7.721428571428571
00-0024345,Domenik Hixon,WR,2012,13,107.7,8.284615384615385
00-0011754,Randy Moss,WR,2012,19,107.6,5.663157894736842
00-0024268,Anthony Fasano,TE,2012,16,106.2,6.6375
00-0026780,Kevin Ogletree,WR,2012,14,100.5,7.178571428571429
00-0027966,Mark Ingram,RB,2012,16,99.10000000000001,6.1937500000000005
00-0027786,Jonathan Dwyer,RB,2012,13,98.9,7.607692307692308
00-0028064,Bilal Powell,RB,2012,14,98.7,7.05
00-0024276,Tony Scheffler,TE,2012,15,98.4,6.5600000000000005
00-0026235,Mario Manningham,WR,2012,12,97.3,8.108333333333333
00-0027982,Titus Young,WR,2012,10,96.9,9.690000000000001
00-0026224,Harry Douglas,WR,2012,17,94.9,5.582352941176471
00-0027109,James Casey,TE,2012,18,94.5,5.25
00-0027948,Blaine Gabbert,QB,2012,10,94.08,9.408
00-0029429,Bryce Brown,RB,2012,16,93.0,5.8125
00-0029264,Bernard Pierce,RB,2012,19,92.9,4.889473684210526
00-0028434,Doug Baldwin,WR,2012,16,91.10000000000001,5.6937500000000005
00-0026566,Isaac Redman,RB,2012,14,90.4,6.457142857142857
00-0026956,LaRod Stephens-Howling,RB,2012,14,87.2,6.228571428571429
00-0028007,Rob Housler,TE,2012,15,86.7,5.78
00-0025487,Michael Bush,RB,2012,13,86.4,6.6461538461538465
00-0029567,Nick Foles,QB,2012,7,86.16,12.308571428571428
00-0029612,Daryl Richardson,RB,2012,16,85.8,5.3625
00-0024389,Delanie Walker,TE,2012,19,84.9,4.468421052631579
00-0025423,Kevin Kolb,QB,2012,6,84.76,14.126666666666667
00-0027695,Tony Moeaki,TE,2012,14,84.3,6.021428571428571
00-0029273,Robert Turbin,RB,2012,17,83.80000000000001,4.929411764705883
00-0028000,Daniel Thomas,RB,2012,12,83.10000000000001,6.925000000000001
00-0027321,Jeff Cumberland,TE,2012,14,82.9,5.921428571428572
00-0027156,Tiquan Underwood,WR,2012,14,82.6,5.8999999999999995
00-0027718,Garrett Graham,TE,2012,16,81.5,5.09375
00-0025701,Jackie Battle,RB,2012,15,80.9,5.3933333333333335
00-0028016,Austin Pettis,WR,2012,13,80.1,6.161538461538461
00-0029137,Alshon Jeffery,WR,2012,10,78.7,7.87
00-0026210,Earl Bennett,WR,2012,12,78.5,6.541666666666667
00-0023662,Matt Cassel,QB,2012,9,78.34,8.704444444444444
00-0026153,Jonathan Stewart,RB,2012,9,78.3,8.7
00-0028034,Alex Green,RB,2012,11,76.9,6.990909090909091
00-0007091,Matt Hasselbeck,QB,2012,8,76.48,9.56
00-0024275,Maurice Jones-Drew,RB,2012,6,76.0,12.666666666666666
00-0028202,Shaun Draughn,RB,2012,16,73.10000000000001,4.5687500000000005
00-0027155,Rashad Jennings,RB,2012,10,72.3,7.2299999999999995
00-0026170,Dustin Keller,TE,2012,8,71.7,8.9625
00-0029697,Coby Fleener,TE,2012,13,71.6,5.507692307692308
00-0027215,Logan Paulsen,TE,2012,14,71.3,5.0928571428571425
00-0029251,David Wilson,RB,2012,16,71.2,4.45
00-0021999,Nate Burleson,WR,2012,6,69.80000000000001,11.633333333333335
00-0029660,Trevor Graham,WR,2012,15,69.7,4.6466666666666665
00-0029572,Jarius Wright,WR,2012,8,69.4,8.675
00-0027003,Donald Brown,RB,2012,10,68.0,6.8
00-0026366,Chaz Schilens,WR,2012,12,66.9,5.575
00-0029262,Rueben Randle,WR,2012,13,66.80000000000001,5.13846153846154
00-0028409,DuJuan Harris,RB,2012,6,66.8,11.133333333333333
00-0029683,Ronnie Hillman,RB,2012,15,66.5,4.433333333333334
00-0028532,Joseph Morgan,WR,2012,11,66.0,6.0
00-0027758,Riley Cooper,WR,2012,11,65.8,5.9818181818181815
00-0027783,Anthony McCoy,TE,2012,16,65.10000000000001,4.0687500000000005
00-0027150,Julian Edelman,WR,2012,9,65.0,7.222222222222222
00-0029209,Ryan Broyles,WR,2012,8,65.0,8.125
00-0027089,Louis Murphy,WR,2012,15,64.9,4.326666666666667
00-0029269,Travis Benjamin,WR,2012,13,64.4,4.953846153846154
00-0028995,Stephen Hill,WR,2012,11,64.2,5.836363636363637
00-0028053,Kendall Hunter,RB,2012,11,64.10000000000001,5.827272727272728
00-0029632,Mohamed Sanu,WR,2012,6,63.82,10.636666666666667
00-0027080,Mike Goodson,RB,2012,12,63.60000000000001,5.300000000000001
00-0027893,Damian Williams,WR,2012,13,62.400000000000006,4.800000000000001
00-0022929,Devery Henderson,WR,2012,15,60.9,4.06
00-0027964,Jon Baldwin,WR,2012,14,58.5,4.178571428571429
00-0027675,Ed Dickson,TE,2012,15,58.5,3.9
00-0024318,Brad Smith,WR,2012,15,56.8,3.7866666666666666
00-0026188,Fred Davis,TE,2012,7,56.6,8.085714285714285
00-0026225,Craig Stevens,TE,2012,15,56.5,3.7666666666666666
00-0028400,Armon Binns,WR,2012,9,55.7,6.188888888888889
00-0026186,Jerome Simpson,WR,2012,13,55.5,4.269230769230769
00-0029293,Marvin Jones,WR,2012,9,55.2,6.133333333333334
00-0027007,Chris Wells,RB,2012,8,54.8,6.85
00-0026182,Eddie Royal,WR,2012,10,54.6,5.46
00-0023439,Cedric Benson,RB,2012,5,54.5,10.9
00-0027888,Toby Gerhart,RB,2012,15,54.4,3.6266666666666665
00-0028115,Evan Royster,RB,2012,16,54.1,3.38125
00-0028116,Aldrick Robinson,WR,2012,9,54.1,6.011111111111111
00-0027890,Ben Tate,RB,2012,12,53.9,4.491666666666666
00-0028736,William Powell,RB,2012,12,53.9,4.491666666666666
00-0024272,Devin Hester,WR,2012,15,53.800000000000004,3.586666666666667
00-0027725,Clay Harbor,TE,2012,11,53.6,4.872727272727273
00-0027687,Jordan Shipley,WR,2012,7,53.400000000000006,7.628571428571429
00-0026298,Kellen Davis,TE,2012,15,51.9,3.46
00-0028112,Charles Clay,TE,2012,13,51.2,3.9384615384615387
00-0024240,Santonio Holmes,WR,2012,4,51.2,12.8
00-0026373,Justin Forsett,RB,2012,14,50.2,3.585714285714286
00-0026221,Early Doucet,WR,2012,12,49.6,4.133333333333334
00-0026932,Cedric Peerman,RB,2012,12,49.300000000000004,4.108333333333333
00-0026367,Peyton Hillis,RB,2012,13,49.1,3.776923076923077
00-0023968,Micheal Spurlock,WR,2012,13,49.0,3.769230769230769
00-0028040,Jordan Cameron,TE,2012,14,48.6,3.4714285714285715
00-0026878,Tom Crabtree,TE,2012,12,48.3,4.0249999999999995
00-0024103,Montell Owens,RB,2012,9,48.2,5.355555555555556
00-0025462,Laurent Robinson,WR,2012,7,47.2,6.742857142857143
00-0028114,Dwayne Harris,WR,2012,15,47.2,3.146666666666667
00-0025414,Robert Meachem,WR,2012,9,46.1,5.122222222222223
00-0024297,Derek Hagan,WR,2012,12,45.9,3.8249999999999997
00-0029435,Damaris Johnson,WR,2012,14,45.8,3.2714285714285714
00-0025409,Brady Quinn,QB,2012,10,44.24,4.424
00-0023438,Braylon Edwards,WR,2012,9,43.9,4.877777777777777
00-0027140,Chris Ogbonnaya,RB,2012,12,43.7,3.641666666666667
00-0024301,David Thomas,TE,2012,10,43.6,4.36
00-0026204,Kevin Smith,RB,2012,9,43.300000000000004,4.811111111111112
00-0027608,Kyle Williams,WR,2012,11,43.3,3.936363636363636
00-0029239,Brandon Bolden,RB,2012,9,42.50000000000001,4.722222222222223
00-0027026,Mohamed Massaquoi,WR,2012,9,42.400000000000006,4.711111111111112
00-0029615,Lamar Miller,RB,2012,9,41.5,4.611111111111111
00-0027076,Mike Thomas,WR,2012,14,40.5,2.892857142857143
00-0029140,Chris Rainey,RB,2012,16,40.199999999999996,2.5124999999999997
00-0027057,Brandon Tate,WR,2012,17,40.10000000000001,2.358823529411765
00-0028049,Clyde Gates,WR,2012,10,39.6,3.96
00-0029702,Juron Criner,WR,2012,9,39.1,4.344444444444445
00-0026432,Lance Ball,RB,2012,12,38.900000000000006,3.241666666666667
00-0029640,Brian Quick,WR,2012,14,38.6,2.757142857142857
00-0027791,James Starks,RB,2012,6,38.6,6.433333333333334
00-0028042,Luke Stocker,TE,2012,13,38.5,2.9615384615384617
00-0029548,LaVon Brazill,WR,2012,13,38.3,2.946153846153846
00-0021756,Will Heller,TE,2012,11,38.0,3.4545454545454546
00-0022811,Jerricho Cotchery,WR,2012,12,37.5,3.125
00-0026163,Rashard Mendenhall,RB,2012,6,37.4,6.233333333333333
00-0027531,Chris Ivory,RB,2012,6,37.2,6.2
00-0027666,Montario Hardesty,RB,2012,10,36.7,3.6700000000000004
00-0026902,Ramses Barden,WR,2012,7,36.0,5.142857142857143
00-0025542,Dante Rosario,TE,2012,11,35.5,3.227272727272727
00-0028841,Will Johnson,RB,2012,13,35.4,2.723076923076923
00-0021192,Deion Branch,WR,2012,10,34.1,3.41
00-0029604,Kirk Cousins,QB,2012,4,34.08,8.52
00-0028057,Delone Carter,RB,2012,8,32.5,4.0625
00-0029260,LaMichael James,RB,2012,7,32.0,4.571428571428571
00-0027754,John Skelton,QB,2012,7,31.78,4.54
00-0029415,Keshawn Martin,WR,2012,18,31.400000000000002,1.7444444444444445
00-0026745,Curtis Brinkley,RB,2012,9,31.200000000000003,3.466666666666667
00-0022984,Ryan Grant,RB,2012,6,30.9,5.1499999999999995
00-0026262,Tashard Choice,RB,2012,10,30.200000000000003,3.0200000000000005
00-0024369,Jeff King,TE,2012,12,29.9,2.4916666666666667
00-0024447,Devin Aromashodu,WR,2012,12,29.200000000000003,2.4333333333333336
00-0028093,Niles Paul,TE,2012,14,29.1,2.0785714285714287
00-0024559,D.J. Ware,RB,2012,14,29.1,2.0785714285714287
00-0025439,Brian Leonard,RB,2012,13,28.5,2.1923076923076925
00-0027325,LeGarrette Blount,RB,2012,10,28.300000000000004,2.8300000000000005
00-0029673,DeVier Posey,WR,2012,10,28.1,2.81
00-0029000,Cole Beasley,WR,2012,8,27.8,3.475
00-0004541,Donald Driver,WR,2012,9,27.7,3.0777777777777775
00-0026316,Jalen Parmele,RB,2012,11,27.3,2.481818181818182
00-0025438,Steve Smith,WR,2012,9,27.1,3.011111111111111
00-0028542,Lestar Jean,WR,2012,8,27.1,3.3875
00-0026739,Jordan Norwood,WR,2012,2,26.8,13.4
00-0028045,Kris Durham,WR,2012,4,26.5,6.625
00-0028825,Terrelle Pryor,WR,2012,3,26.5,8.833333333333334
00-0027772,Anthony Dixon,RB,2012,11,26.4,2.4
00-0029580,Rishard Matthews,WR,2012,7,26.1,3.7285714285714286
00-0028061,Tandon Doss,WR,2012,13,25.3,1.9461538461538461
00-0026209,Jacob Hester,RB,2012,4,24.6,6.15
00-0027356,Marlon Moore,WR,2012,12,24.500000000000004,2.041666666666667
00-0029441,Jeremy Stewart,RB,2012,4,24.3,6.075
00-0027976,Ryan Williams,RB,2012,5,23.8,4.76
00-0028068,Jamie Harper,RB,2012,7,22.8,3.257142857142857
00-0026008,Matthew Mulligan,TE,2012,10,22.4,2.2399999999999998
00-0028565,Armando Allen,RB,2012,11,22.0,2.0
00-0024332,Leon Washington,RB,2012,18,21.400000000000002,1.188888888888889
00-0022217,Mewelde Moore,RB,2012,10,20.8,2.08
00-0029055,Kevin Elliott,WR,2012,9,20.8,2.3111111111111113
00-0027712,Joe McKnight,RB,2012,14,20.700000000000003,1.4785714285714289
00-0024756,Matt Willis,WR,2012,15,20.400000000000002,1.36
00-0026281,Gary Barnidge,TE,2012,9,19.8,2.2
00-0027139,John Phillips,TE,2012,11,19.5,1.7727272727272727
00-0028238,Konrad Reuland,TE,2012,11,19.3,1.7545454545454546
00-0028930,Josh Cooper,WR,2012,6,18.6,3.1
00-0028118,Tyrod Taylor,QB,2012,5,18.46,3.692
00-0029414,Orson Charles,TE,2012,12,18.1,1.5083333333333335
00-0028170,Baron Batch,RB,2012,9,18.0,2.0
00-0022177,Byron Leftwich,QB,2012,2,17.98,8.99
00-0027819,Dorin Dickerson,TE,2012,7,17.9,2.557142857142857
00-0023506,Alex Smith,TE,2012,9,17.7,1.9666666666666666
00-0023176,Josh Cribbs,WR,2012,16,17.5,1.09375
00-0023460,Jason Campbell,QB,2012,5,17.400000000000002,3.4800000000000004
00-0020516,Todd Heap,TE,2012,2,17.4,8.7
00-0028097,Lee Smith,TE,2012,9,17.3,1.9222222222222223
00-0028087,Dion Lewis,RB,2012,6,17.3,2.8833333333333333
00-0027692,Armanti Edwards,WR,2012,10,17.1,1.7100000000000002
00-0029004,Lance Dunbar,RB,2012,9,16.8,1.8666666666666667
00-0029634,James Hanna,TE,2012,9,16.6,1.8444444444444446
00-0028179,David Ausberry,TE,2012,11,16.2,1.4727272727272727
00-0022388,Terrance Copper,WR,2012,9,16.0,1.7777777777777777
00-0027732,Michael Hoomanawanui,TE,2012,7,15.900000000000002,2.271428571428572
00-0024287,Leonard Pope,TE,2012,7,15.899999999999999,2.2714285714285714
00-0028307,Drew Davis,WR,2012,10,15.6,1.56
00-0025540,Kevin Boss,TE,2012,2,15.5,7.75
00-0028163,Anthony Allen,RB,2012,15,15.3,1.02
00-0000865,Charlie Batch,QB,2012,2,15.0,7.5
00-0025464,Matt Spaeth,TE,2012,9,14.8,1.6444444444444446
00-0020679,Shaun Hill,QB,2012,1,14.78,14.78
00-0027257,Keith Toston,RB,2012,3,14.5,4.833333333333333
00-0028174,Stephen Burton,WR,2012,8,14.5,1.8125
00-0025529,Steve Breaston,WR,2012,7,14.4,2.0571428571428574
00-0027012,Brian Robiskie,WR,2012,3,14.4,4.8
00-0027202,Michael Palmer,TE,2012,7,14.2,2.0285714285714285
00-0028613,Phillip Tanner,RB,2012,9,14.2,1.5777777777777777
00-0021236,Randy McMichael,TE,2012,11,14.100000000000001,1.281818181818182
00-0027796,Joe Webb,QB,2012,2,13.9,6.95
00-0028070,Kealoha Pilares,WR,2012,8,13.899999999999999,1.7374999999999998
00-0026625,Brian Hoyer,QB,2012,2,13.8,6.9
00-0026931,Bear Pascoe,TE,2012,9,13.5,1.5
00-0029587,Rhett Ellison,TE,2012,13,13.5,1.0384615384615385
00-0021147,Donte' Stallworth,WR,2012,1,13.3,13.3
00-0019642,Plaxico Burress,WR,2012,3,13.2,4.3999999999999995
00-0027618,Brandon Banks,WR,2012,12,13.1,1.0916666666666666
00-0029531,Ryan Lindley,QB,2012,6,12.78,2.13
00-0028079,D.J. Williams,TE,2012,10,12.7,1.27
00-0023752,Daniel Fells,TE,2012,7,12.5,1.7857142857142858
00-0028417,Jamar Newsome,WR,2012,6,12.3,2.0500000000000003
00-0026178,John Carlson,TE,2012,10,12.3,1.23
00-0028105,Ryan Whalen,WR,2012,8,12.3,1.5375
00-0029218,David Paulson,TE,2012,10,12.100000000000001,1.2100000000000002
00-0025951,Darius Reynaud,RB,2012,16,11.8,0.7375
00-0027876,Tim Tebow,QB,2012,11,11.760000000000002,1.0690909090909093
00-0028043,Roy Helu,RB,2012,3,11.7,3.9
00-0027755,David Reed,WR,2012,6,11.600000000000001,1.9333333333333336
00-0028146,Greg McElroy,QB,2012,2,11.56,5.78
00-0028142,Virgil Green,TE,2012,5,11.3,2.2600000000000002
00-0029274,Devon Wylie,WR,2012,5,11.299999999999999,2.26
00-0026266,Lavelle Hawkins,WR,2012,7,11.2,1.5999999999999999
00-0024463,Ben Obomanu,WR,2012,7,10.9,1.5571428571428572
00-0028362,Michael Preston,WR,2012,3,10.899999999999999,3.633333333333333
00-0027780,Nate Byham,TE,2012,3,10.8,3.6
00-0021163,Jabar Gaffney,WR,2012,3,10.8,3.6
00-0029590,Taylor Thompson,TE,2012,11,10.600000000000001,0.9636363636363637
00-0026491,Stefan Logan,WR,2012,15,10.5,0.7
00-0027253,Thad Lewis,QB,2012,1,10.46,10.46
00-0027567,Steve Maneri,TE,2012,8,10.100000000000001,1.2625000000000002
00-0029388,Deonte Thompson,WR,2012,6,10.1,1.6833333333333333
00-0029626,Isaiah Pead,RB,2012,10,10.0,1.0
00-0029205,Travaris Cadet,RB,2012,12,9.9,0.8250000000000001
00-0029275,Ladarius Green,TE,2012,2,9.6,4.8
00-0023541,Kyle Orton,QB,2012,1,9.56,9.56
00-0025463,Jason Hill,WR,2012,2,9.5,4.75
00-0025450,Brandon Jackson,RB,2012,2,9.4,4.7
00-0028416,Richard Murphy,RB,2012,5,9.200000000000001,1.8400000000000003
00-0028903,Garrett Celek,TE,2012,5,9.100000000000001,1.8200000000000003
00-0025708,Matt Moore,QB,2012,2,8.94,4.47
00-0026579,Kahlil Bell,RB,2012,5,8.9,1.78
00-0028119,Richard Gordon,TE,2012,9,8.9,0.9888888888888889
00-0027688,Colt McCoy,QB,2012,3,8.66,2.8866666666666667
00-0023408,Greg Camarillo,WR,2012,1,8.4,8.4
00-0029298,Cyrus Gray,RB,2012,5,8.200000000000001,1.6400000000000001
00-0027654,Arrelious Benn,WR,2012,8,8.2,1.025
00-0026753,Charly Martin,WR,2012,4,8.2,2.05
00-0022421,Ruvell Martin,WR,2012,8,8.1,1.0125
00-0028337,Kyle Adams,TE,2012,9,8.0,0.8888888888888888
00-0029051,Jarrett Boykin,WR,2012,7,7.7,1.1
00-0027581,Seyi Ajirotutu,WR,2012,3,7.5,2.5
00-0029204,Toney Clemons,WR,2012,4,7.1000000000000005,1.7750000000000001
00-0028651,Mike McNeill,TE,2012,5,7.1,1.42
00-0029159,Jermaine Kearse,WR,2012,6,6.1000000000000005,1.0166666666666668
00-0029276,Evan Rodriguez,TE,2012,7,6.1,0.8714285714285713
00-0028021,Jerrel Jernigan,WR,2012,7,5.800000000000001,0.8285714285714286
00-0027120,Javon Ringer,RB,2012,2,5.6000000000000005,2.8000000000000003
00-0028063,Taiwan Jones,RB,2012,10,5.2,0.52
00-0027322,David Nelson,WR,2012,1,5.1,5.1
00-0022847,Ben Hartsock,TE,2012,7,5.0,0.7142857142857143
00-0027069,Chase Coffman,TE,2012,2,4.800000000000001,2.4000000000000004
00-0027154,Jake O'Connell,TE,2012,2,4.8,2.4
00-0024535,Eric Weems,WR,2012,11,4.699999999999999,0.4272727272727272
00-0028338,Kris Adams,WR,2012,3,4.6,1.5333333333333332
00-0027789,Dezmon Briscoe,WR,2012,4,4.300000000000001,1.0750000000000002
00-0026237,Andre Caldwell,WR,2012,3,4.2,1.4000000000000001
00-0026465,Anthony Armstrong,WR,2012,2,4.2,2.1
00-0025396,Ted Ginn,WR,2012,16,4.1000000000000005,0.25625000000000003
00-0027346,Alfonso Smith,RB,2012,4,4.1,1.025
00-0027606,Trindon Holliday,WR,2012,16,3.7,0.23125
00-0028270,Weslye Saunders,TE,2012,3,3.5,1.1666666666666667
00-0026941,Bernard Scott,RB,2012,2,3.5,1.75
00-0027700,Mardy Gilyard,WR,2012,7,3.5,0.5
00-0027825,Jim Dray,TE,2012,3,3.5,1.1666666666666667
00-0028090,T.J. Yates,QB,2012,3,3.42,1.14
00-0028905,Chris Owusu,WR,2012,2,3.4000000000000004,1.7000000000000002
00-0028071,Johnny White,RB,2012,3,3.4000000000000004,1.1333333333333335
00-0026577,Marcus Thigpen,WR,2012,15,3.3,0.22
00-0029510,Jonathan Grimes,RB,2012,2,3.3,1.65
00-0027214,Keiland Williams,RB,2012,4,3.2,0.8
00-0028263,Andre Holmes,WR,2012,4,3.1,0.775
00-0028156,Ryan Taylor,TE,2012,7,3.1,0.4428571428571429
00-0028958,Cory Harkey,TE,2012,4,3.1,0.775
00-0029271,Joe Adams,WR,2012,9,3.0,0.3333333333333333
00-0024225,Matt Leinart,QB,2012,2,2.6000000000000005,1.3000000000000003
00-0028842,Hayden Smith,TE,2012,1,2.6,2.6
00-0026658,Zach Potter,TE,2012,7,2.5999999999999996,0.3714285714285714
00-0026953,Sammie Stroughter,WR,2012,2,2.4000000000000004,1.2000000000000002
00-0024408,Bruce Gradkowski,QB,2012,2,2.4,1.2
00-0023645,Derek Anderson,QB,2012,2,2.3200000000000003,1.1600000000000001
00-0028267,Allen Reisner,TE,2012,1,2.3,2.3
00-0029642,Jordan White,WR,2012,1,2.3,2.3
00-0026349,Matt Flynn,QB,2012,2,2.2199999999999998,1.1099999999999999
00-0022922,Kellen Winslow,TE,2012,1,2.2,2.2
00-0026029,Kregg Lumpkin,RB,2012,5,2.2,0.44000000000000006
00-0027419,Chris Gronkowski,RB,2012,6,2.1,0.35000000000000003
00-0028198,Matt Asiata,RB,2012,5,2.1,0.42000000000000004
00-0026544,Chase Daniel,QB,2012,1,2.1,2.1
00-0023578,Dan Orlovsky,QB,2012,1,2.04,2.04
00-0028876,Collin Mooney,RB,2012,1,1.9000000000000001,1.9000000000000001
00-0023503,Courtney Roby,WR,2012,8,1.9,0.2375
00-0028345,Robert Hughes,RB,2012,2,1.8,0.9
00-0022738,Chris Cooley,TE,2012,3,1.8,0.6
00-0028121,Jordan Todman,RB,2012,1,1.8,1.8
00-0028994,Dominique Jones,TE,2012,2,1.8,0.9
00-0029343,LaRon Byrd,WR,2012,3,1.8,0.6
00-0028352,Dane Sanzenbacher,WR,2012,2,1.7000000000000002,0.8500000000000001
00-0028406,Tommy Gallarda,TE,2012,5,1.7000000000000002,0.34
00-0028158,Shaun Chapas,RB,2012,2,1.6,0.8
00-0025490,Isaiah Stanback,WR,2012,1,1.6,1.6
00-0027092,Austin Collie,WR,2012,1,1.6,1.6
00-0026123,Evan Moore,TE,2012,7,1.6,0.2285714285714286
00-0027775,Rusty Smith,QB,2012,1,1.36,1.36
00-0029315,Brad Smelley,TE,2012,1,1.3,1.3
00-0025604,Tyler Thigpen,QB,2012,2,1.0999999999999999,0.5499999999999999
00-0025559,Legedu Naanee,WR,2012,4,0.9000000000000004,0.2250000000000001
00-0028159,Da'Rel Scott,RB,2012,1,0.9,0.9
00-0028646,David Gilreath,WR,2012,3,0.7000000000000001,0.23333333333333336
00-0023545,Brandon Jacobs,RB,2012,2,0.7000000000000001,0.35000000000000003
00-0027450,Preston Parker,WR,2012,2,0.7000000000000001,0.35000000000000003
00-0028522,Mike Higgins,TE,2012,2,0.7,0.35
00-0028906,Nathan Palmer,WR,2012,3,0.6,0.19999999999999998
00-0025479,Trent Edwards,QB,2012,1,0.56,0.56
00-0029588,Dan Herron,RB,2012,2,0.5,0.25
00-0020608,David Carr,QB,2012,2,0.45999999999999996,0.22999999999999998
00-0024264,Kellen Clemens,QB,2012,2,0.06000000000000005,0.030000000000000027
00-0027779,Deji Karim,RB,2012,3,0.0,0.0
00-0026716,Quan Cosby,WR,2012,2,0.0,0.0
00-0028602,Brandon Saine,RB,2012,1,0.0,0.0
00-0028581,Patrick DiMarco,RB,2012,2,0.0,0.0
00-0021570,Kassim Osgood,WR,2012,6,0.0,0.0
00-0028062,Owen Marecic,RB,2012,4,0.0,0.0
00-0029511,Jerrell Jackson,WR,2012,1,0.0,0.0
00-0027188,Chad Hall,WR,2012,1,0.0,0.0
00-0028961,Brandon Barden,TE,2012,1,0.0,0.0
00-0029145,Michael Smith,RB,2012,1,0.0,0.0
00-0029438,Chris Polk,RB,2012,2,0.0,0.0
00-0028288,LaQuan Williams,WR,2012,6,0.0,0.0
00-0022054,Visanthe Shiancoe,TE,2012,1,0.0,0.0
00-0029424,Marvin McNutt,WR,2012,3,0.0,0.0
00-0029440,Emil Igwenagu,TE,2012,2,0.0,0.0
00-0029319,Josh Bellamy,WR,2012,2,0.0,0.0
00-0027708,Marcus Easley,WR,2012,3,0.0,0.0
00-0023679,Billy Bajema,TE,2012,3,0.0,0.0
00-0029654,A.J. Jenkins,WR,2012,1,0.0,0.0
00-0027583,Richie Brockel,TE,2012,4,0.0,0.0
00-0027070,Travis Beckum,TE,2012,1,0.0,0.0
00-0029091,Bradley Sowell,TE,2012,1,0.0,0.0
00-0029492,Jamize Olawale,RB,2012,1,0.0,0.0
00-0021154,Daniel Graham,TE,2012,1,0.0,0.0
00-0028706,Armond Smith,RB,2012,4,0.0,0.0
00-0024305,Maurice Stovall,WR,2012,1,0.0,0.0
00-0028249,Jeremy Ross,WR,2012,4,0.0,0.0
00-0026293,Matthew Slater,WR,2012,14,0.0,0.0
00-0029308,Greg Scruggs,TE,2012,8,0.0,0.0
00-0027059,Patrick Turner,WR,2012,1,0.0,0.0
00-0027585,Richard Goodman,WR,2012,7,0.0,0.0
00-0026855,Antone Smith,RB,2012,6,0.0,0.0
00-0028792,Kevin Cone,WR,2012,4,0.0,0.0
00-0023490,Roscoe Parrish,WR,2012,13,0.0,0.0
00-0029155,Mike Brown,WR,2012,1,0.0,0.0
00-0029494,Joe Anderson,WR,2012,2,0.0,0.0
00-0027827,Dedrick Epps,TE,2012,1,-0.10000000000000009,-0.10000000000000009
00-0022864,Luke McCown,QB,2012,1,-0.30000000000000004,-0.30000000000000004
00-0029682,Brock Osweiler,QB,2012,5,-0.8200000000000002,-0.16400000000000003
00-0027602,Graham Harrell,QB,2012,3,-1.5,-0.5
00-0026300,Josh Johnson,QB,2012,1,-2.0,-2.0
00-0028012,Ryan Mallett,QB,2012,3,-2.2199999999999998,-0.7399999999999999
00-0020531,Drew Brees,QB,2011,18,455.52,25.306666666666665
00-0019596,Tom Brady,QB,2011,19,432.42,22.758947368421055
00-0023459,Aaron Rodgers,QB,2011,16,418.3,26.14375
00-0025389,Calvin Johnson,WR,2011,17,405.8,23.870588235294118
00-0026195,Ray Rice,RB,2011,18,393.64,21.86888888888889
00-0027656,Rob Gronkowski,TE,2011,19,391.7,20.61578947368421
00-0022427,Wes Welker,WR,2011,19,379.8,19.989473684210527
00-0026498,Matthew Stafford,QB,2011,17,375.1,22.064705882352943
00-0027939,Cam Newton,QB,2011,16,370.34000000000003,23.146250000000002
00-0022803,Eli Manning,QB,2011,20,365.58,18.279
00-0026796,Arian Foster,RB,2011,15,362.7,24.18
00-0027265,Victor Cruz,WR,2011,20,341.8,17.09
00-0027696,Jimmy Graham,TE,2011,18,339.8,18.87777777777778
00-0027005,Hakeem Nicks,WR,2011,19,333.6,17.557894736842105
00-0023564,Darren Sproles,RB,2011,18,331.0,18.38888888888889
00-0027029,LeSean McCoy,RB,2011,15,328.40000000000003,21.893333333333334
00-0024275,Maurice Jones-Drew,RB,2011,16,305.0,19.0625
00-0026176,Jordy Nelson,WR,2011,17,291.2,17.129411764705882
00-0024466,Marques Colston,WR,2011,16,290.0,18.125
00-0023462,Roddy White,WR,2011,17,287.8,16.929411764705883
00-0026143,Matt Ryan,QB,2011,17,281.74,16.57294117647059
00-0021678,Tony Romo,QB,2011,16,275.96000000000004,17.247500000000002
00-0027713,Aaron Hernandez,TE,2011,17,271.3,15.958823529411765
00-0022921,Larry Fitzgerald,WR,2011,16,269.1,16.81875
00-0020337,Steve Smith,WR,2011,16,264.0,16.5
00-0023436,Alex Smith,QB,2011,18,262.46,14.58111111111111
00-0026998,Percy Harvin,WR,2011,16,262.2,16.3875
00-0026901,Mike Wallace,WR,2011,17,254.70000000000002,14.982352941176472
00-0022942,Philip Rivers,QB,2011,16,254.56,15.91
00-0025637,Ahmad Bradshaw,RB,2011,16,253.20000000000002,15.825000000000001
00-0025399,Marshawn Lynch,RB,2011,15,243.60000000000002,16.240000000000002
00-0024221,Vernon Davis,TE,2011,18,242.9,13.494444444444445
00-0026158,Joe Flacco,QB,2011,18,239.28,13.293333333333333
00-0024334,Brandon Marshall,WR,2011,16,237.7,14.85625
00-0026898,Mark Sanchez,QB,2011,16,237.26000000000002,14.828750000000001
00-0027864,Ryan Mathews,RB,2011,14,236.6,16.9
00-0027876,Tim Tebow,QB,2011,15,235.54,15.702666666666666
00-0022821,Michael Turner,RB,2011,17,235.4,13.847058823529412
00-0020245,Mike Vick,QB,2011,13,233.02,17.924615384615386
00-0022924,Ben Roethlisberger,QB,2011,16,231.14000000000001,14.446250000000001
00-0023500,Frank Gore,RB,2011,18,231.1,12.838888888888889
00-0023496,Vincent Jackson,WR,2011,16,229.70000000000002,14.356250000000001
00-0025410,Dwayne Bowe,WR,2011,16,228.10000000000002,14.256250000000001
00-0027942,A.J. Green,WR,2011,16,227.70000000000002,14.231250000000001
00-0026164,Chris Johnson,RB,2011,16,225.5,14.09375
00-0023367,Nate Washington,WR,2011,16,224.8,14.05
00-0024267,Greg Jennings,WR,2011,14,223.9,15.992857142857144
00-0022736,Steven Jackson,RB,2011,15,223.8,14.92
00-0023682,Ryan Fitzpatrick,QB,2011,16,222.78,13.92375
00-0025487,Michael Bush,RB,2011,16,222.5,13.90625
00-0026184,Matt Forte,RB,2011,12,220.7,18.391666666666666
00-0024217,Reggie Bush,RB,2011,15,219.20000000000002,14.613333333333335
00-0026364,Steve Johnson,WR,2011,16,218.4,13.65
00-0006101,Tony Gonzalez,TE,2011,17,217.9,12.81764705882353
00-0027944,Julio Jones,WR,2011,14,216.20000000000002,15.442857142857145
00-0027973,Andy Dalton,QB,2011,17,213.1,12.535294117647059
00-0027793,Antonio Brown,WR,2011,17,209.70000000000002,12.33529411764706
00-0024204,Fred Jackson,RB,2011,10,208.60000000000002,20.860000000000003
00-0027902,Dez Bryant,WR,2011,15,208.3,13.886666666666667
00-0025394,Adrian Peterson,RB,2011,12,206.9,17.241666666666667
00-0024813,Pierre Thomas,RB,2011,18,206.9,11.494444444444445
00-0025462,Laurent Robinson,WR,2011,14,205.8,14.700000000000001
00-0026993,Josh Freeman,QB,2011,15,205.08,13.672
00-0022127,Jason Witten,TE,2011,16,203.2,12.7
00-0026986,Michael Crabtree,WR,2011,17,199.8,11.75294117647059
00-0026996,Brandon Pettigrew,TE,2011,17,199.6,11.741176470588234
00-0026345,Pierre Garcon,WR,2011,16,199.5,12.46875
00-0027996,Torrey Smith,WR,2011,17,199.1,11.711764705882352
00-0022084,Anquan Boldin,WR,2011,16,197.1,12.31875
00-0022097,Brandon Lloyd,WR,2011,15,196.60000000000002,13.106666666666667
00-0020498,Reggie Wayne,WR,2011,16,195.0,12.1875
00-0026153,Jonathan Stewart,RB,2011,16,194.4,12.15
00-0026899,Shonn Greene,RB,2011,16,192.5,12.03125
00-0021163,Jabar Gaffney,WR,2011,16,190.7,11.91875
00-0007091,Matt Hasselbeck,QB,2011,16,190.04000000000002,11.877500000000001
00-0026231,Jermichael Finley,TE,2011,17,187.4,11.023529411764706
00-0021999,Nate Burleson,WR,2011,17,184.8,10.870588235294118
00-0021547,Antonio Gates,TE,2011,13,183.8,14.13846153846154
00-0026983,Darrius Heyward-Bey,WR,2011,15,183.5,12.233333333333333
00-0025860,BenJarvus Green-Ellis,RB,2011,19,182.9,9.626315789473685
00-0026189,DeSean Jackson,WR,2011,15,182.20000000000002,12.146666666666668
00-0022178,Willis McGahee,RB,2011,17,180.70000000000002,10.629411764705884
00-0021192,Deion Branch,WR,2011,17,180.0,10.588235294117647
00-0026163,Rashard Mendenhall,RB,2011,15,178.20000000000002,11.88
00-0026995,Jeremy Maclin,WR,2011,13,177.0,13.615384615384615
00-0027007,Chris Wells,RB,2011,14,175.9,12.564285714285715
00-0026170,Dustin Keller,TE,2011,16,174.5,10.90625
00-0025549,Brent Celek,TE,2011,16,173.1,10.81875
00-0025414,Robert Meachem,WR,2011,17,171.4,10.08235294117647
00-0023439,Cedric Benson,RB,2011,16,170.10000000000002,10.631250000000001
00-0023310,Lance Moore,WR,2011,14,166.7,11.907142857142857
00-0022922,Kellen Winslow,TE,2011,16,165.3,10.33125
00-0026235,Mario Manningham,WR,2011,15,165.20000000000002,11.013333333333334
00-0024240,Santonio Holmes,WR,2011,16,165.1,10.31875
00-0028043,Roy Helu,RB,2011,15,164.9,10.993333333333334
00-0023545,Brandon Jacobs,RB,2011,18,162.9,9.05
00-0027688,Colt McCoy,QB,2011,13,161.02,12.386153846153848
00-0024279,Tarvaris Jackson,QB,2011,15,160.44,10.696
00-0027873,Jermaine Gresham,TE,2011,15,159.20000000000002,10.613333333333335
00-0027982,Titus Young,WR,2011,17,159.20000000000002,9.364705882352942
00-0022414,Malcom Floyd,WR,2011,12,158.60000000000002,13.216666666666669
00-0022787,Matt Schaub,QB,2011,10,158.06,15.806000000000001
00-0027861,C.J. Spiller,RB,2011,16,158.0,9.875
00-0027874,Demaryius Thomas,WR,2011,12,157.3,13.108333333333334
00-0027322,David Nelson,WR,2011,16,156.8,9.8
00-0027702,Mike Williams,WR,2011,15,156.4,10.426666666666668
00-0024242,DeAngelo Williams,RB,2011,16,155.1,9.69375
00-0026188,Fred Davis,TE,2011,12,154.6,12.883333333333333
00-0019642,Plaxico Burress,WR,2011,16,154.2,9.6375
00-0025529,Steve Breaston,WR,2011,16,154.0,9.625
00-0028434,Doug Baldwin,WR,2011,16,153.6,9.6
00-0026221,Early Doucet,WR,2011,16,152.9,9.55625
00-0026186,Jerome Simpson,WR,2011,17,152.8,8.988235294117647
00-0025708,Matt Moore,QB,2011,13,152.38,11.721538461538461
00-0027690,Eric Decker,WR,2011,17,152.2,8.952941176470588
00-0024313,Owen Daniels,TE,2011,17,149.2,8.776470588235293
00-0022121,Rex Grossman,QB,2011,13,147.14,11.318461538461538
00-0025465,James Jones,WR,2011,16,146.1,9.13125
00-0028009,DeMarco Murray,RB,2011,13,146.0,11.23076923076923
00-0027997,Greg Little,WR,2011,16,145.4,9.0875
00-0027675,Ed Dickson,TE,2011,18,143.5,7.972222222222222
00-0023921,Miles Austin,WR,2011,10,143.20000000000002,14.320000000000002
00-0027061,Jared Cook,TE,2011,16,138.9,8.68125
00-0027890,Ben Tate,RB,2011,17,138.70000000000002,8.158823529411766
00-0027651,Dexter McCluster,WR,2011,16,138.4,8.65
00-0028086,Denarius Moore,WR,2011,13,136.9,10.53076923076923
00-0024226,Jay Cutler,QB,2011,10,136.26,13.626
00-0021429,Carson Palmer,QB,2011,10,136.12,13.612
00-0023465,Heath Miller,TE,2011,17,135.70000000000002,7.9823529411764715
00-0027893,Damian Williams,WR,2011,15,134.20000000000002,8.946666666666667
00-0022044,Andre Johnson,WR,2011,9,134.1,14.899999999999999
00-0020536,LaDainian Tomlinson,RB,2011,14,132.9,9.492857142857144
00-0026204,Kevin Smith,RB,2011,8,132.7,16.5875
00-0027325,LeGarrette Blount,RB,2011,14,131.9,9.421428571428573
00-0027259,Jake Ballard,TE,2011,18,131.7,7.316666666666666
00-0004541,Donald Driver,WR,2011,17,131.0,7.705882352941177
00-0025418,Greg Olsen,TE,2011,16,129.0,8.0625
00-0020494,Santana Moss,WR,2011,12,128.4,10.700000000000001
00-0027691,Andre Roberts,WR,2011,16,124.3,7.76875
00-0026144,Darren McFadden,RB,2011,7,123.80000000000001,17.685714285714287
00-0022984,Ryan Grant,RB,2011,16,123.7,7.73125
00-0027791,James Starks,RB,2011,14,123.10000000000001,8.792857142857143
00-0024324,Jason Avant,WR,2011,16,121.9,7.61875
00-0026913,Johnny Knox,WR,2011,14,119.7,8.55
00-0026000,Davone Bess,WR,2011,16,119.6,7.475
00-0023176,Josh Cribbs,WR,2011,16,119.3,7.45625
00-0027888,Toby Gerhart,RB,2011,15,119.1,7.9399999999999995
00-0027003,Donald Brown,RB,2011,12,119.1,9.924999999999999
00-0022929,Devery Henderson,WR,2011,17,118.9,6.9941176470588236
00-0027714,Dennis Pitta,TE,2011,17,118.5,6.970588235294118
00-0027950,Christian Ponder,QB,2011,11,118.02,10.729090909090909
00-0026162,Felix Jones,RB,2011,12,116.60000000000001,9.716666666666667
00-0027948,Blaine Gabbert,QB,2011,15,116.36,7.757333333333333
00-0027681,Brandon LaFell,WR,2011,15,115.3,7.6866666666666665
00-0027450,Preston Parker,WR,2011,16,113.1,7.06875
00-0027880,Jahvid Best,RB,2011,6,112.7,18.783333333333335
00-0027092,Austin Collie,WR,2011,16,111.4,6.9625
00-0021931,Kevin Walter,WR,2011,17,111.0,6.529411764705882
00-0025516,Scott Chandler,TE,2011,14,110.9,7.921428571428572
00-0026367,Peyton Hillis,RB,2011,10,109.7,10.97
00-0027789,Dezmon Briscoe,WR,2011,14,109.7,7.835714285714286
00-0024268,Anthony Fasano,TE,2011,15,107.10000000000001,7.140000000000001
00-0021148,Jeremy Shockey,TE,2011,15,104.5,6.966666666666667
00-0026566,Isaac Redman,RB,2011,17,103.9,6.111764705882353
00-0027754,John Skelton,QB,2011,8,103.32000000000001,12.915000000000001
00-0028053,Kendall Hunter,RB,2011,18,102.5,5.694444444444445
00-0024276,Tony Scheffler,TE,2011,16,100.9,6.30625
00-0026019,Danny Woodhead,RB,2011,18,100.8,5.6
00-0026266,Lavelle Hawkins,WR,2011,15,100.0,6.666666666666667
00-0022909,Roy Williams,WR,2011,15,99.7,6.6466666666666665
00-0023630,Joel Dreessen,TE,2011,17,99.3,5.841176470588235
00-0027966,Mark Ingram,RB,2011,10,98.8,9.879999999999999
00-0025423,Kevin Kolb,QB,2011,9,98.7,10.966666666666667
00-0022781,Michael Jenkins,WR,2011,11,98.60000000000001,8.963636363636365
00-0025559,Legedu Naanee,WR,2011,15,97.78,6.518666666666666
00-0023662,Matt Cassel,QB,2011,9,97.02,10.78
00-0026224,Harry Douglas,WR,2011,14,96.8,6.914285714285714
00-0027077,Brian Hartline,WR,2011,15,96.8,6.453333333333333
00-0025460,Jacoby Jones,WR,2011,18,95.9,5.327777777777778
00-0021182,Maurice Morris,RB,2011,13,95.0,7.3076923076923075
00-0025431,Sidney Rice,WR,2011,9,94.9,10.544444444444444
00-0022054,Visanthe Shiancoe,TE,2011,16,94.9,5.93125
00-0017162,Hines Ward,WR,2011,15,94.1,6.2733333333333325
00-0024463,Ben Obomanu,WR,2011,16,93.9,5.86875
00-0027891,Golden Tate,WR,2011,15,92.60000000000001,6.173333333333334
00-0027076,Mike Thomas,WR,2011,15,92.6,6.173333333333333
00-0027654,Arrelious Benn,WR,2011,14,91.4,6.528571428571429
00-0026123,Evan Moore,TE,2011,15,90.4,6.026666666666667
00-0022943,Benjamin Watson,TE,2011,13,90.0,6.923076923076923
00-0025701,Jackie Battle,RB,2011,15,87.5,5.833333333333333
00-0027854,Sam Bradford,QB,2011,10,87.16000000000001,8.716000000000001
00-0026237,Andre Caldwell,WR,2011,12,86.7,7.2250000000000005
00-0026937,Brandon Gibson,WR,2011,14,86.7,6.192857142857143
00-0023544,Marion Barber,RB,2011,11,86.2,7.836363636363637
00-0026432,Lance Ball,RB,2011,18,86.10000000000001,4.783333333333334
00-0023541,Kyle Orton,QB,2011,9,85.62,9.513333333333334
00-0024243,Marcedes Lewis,TE,2011,15,85.0,5.666666666666667
00-0025540,Kevin Boss,TE,2011,12,82.8,6.8999999999999995
00-0027026,Mohamed Massaquoi,WR,2011,14,81.4,5.814285714285715
00-0028000,Daniel Thomas,RB,2011,13,81.30000000000001,6.253846153846155
00-0027912,Danario Alexander,WR,2011,10,81.1,8.11
00-0026029,Kregg Lumpkin,RB,2011,16,80.6,5.0375
00-0026941,Bernard Scott,RB,2011,17,79.80000000000001,4.694117647058825
00-0025463,Jason Hill,WR,2011,10,79.7,7.970000000000001
00-0022165,Dallas Clark,TE,2011,10,79.2,7.92
00-0024447,Devin Aromashodu,WR,2011,15,78.8,5.253333333333333
00-0023460,Jason Campbell,QB,2011,6,78.8,13.133333333333333
00-0017915,Ricky Williams,RB,2011,18,78.60000000000001,4.366666666666667
00-0027685,Emmanuel Sanders,WR,2011,12,77.5,6.458333333333333
00-0027140,Chris Ogbonnaya,RB,2011,12,77.5,6.458333333333333
00-0028083,Jacquizz Rodgers,RB,2011,17,76.10000000000001,4.476470588235294
00-0028002,Randall Cobb,WR,2011,16,75.8,4.7375
00-0024245,Joseph Addai,RB,2011,12,73.60000000000001,6.133333333333334
00-0027134,Curtis Painter,QB,2011,9,72.34,8.037777777777778
00-0028352,Dane Sanzenbacher,WR,2011,14,72.2,5.1571428571428575
00-0024369,Jeff King,TE,2011,14,72.10000000000001,5.15
00-0028091,Jeremy Kerley,WR,2011,14,70.84,5.0600000000000005
00-0026579,Kahlil Bell,RB,2011,10,70.0,7.0
00-0024559,D.J. Ware,RB,2011,19,69.4,3.6526315789473687
00-0027120,Javon Ringer,RB,2011,12,69.2,5.766666666666667
00-0027981,Kyle Rudolph,TE,2011,14,68.9,4.921428571428572
00-0026298,Kellen Davis,TE,2011,15,68.6,4.573333333333333
00-0027608,Kyle Williams,WR,2011,14,68.5,4.892857142857143
00-0023752,Daniel Fells,TE,2011,16,68.3,4.26875
00-0024272,Devin Hester,WR,2011,16,68.3,4.26875
00-0026210,Earl Bennett,WR,2011,11,66.1,6.009090909090909
00-0024318,Brad Smith,WR,2011,15,65.7,4.38
00-0026956,LaRod Stephens-Howling,RB,2011,14,65.10000000000001,4.65
00-0021147,Donte' Stallworth,WR,2011,11,65.0,5.909090909090909
00-0011022,Donovan McNabb,QB,2011,6,64.94,10.823333333333332
00-0025439,Brian Leonard,RB,2011,14,64.5,4.607142857142857
00-0027105,Jarett Dillard,WR,2011,13,64.2,4.938461538461539
00-0028020,Vincent Brown,WR,2011,10,63.900000000000006,6.390000000000001
00-0026182,Eddie Royal,WR,2011,14,63.800000000000004,4.557142857142858
00-0023440,Cadillac Williams,RB,2011,11,63.400000000000006,5.763636363636365
00-0021755,Earnest Graham,RB,2011,7,62.900000000000006,8.985714285714286
00-0024389,Delanie Walker,TE,2011,14,62.9,4.492857142857143
00-0026366,Chaz Schilens,WR,2011,11,62.1,5.6454545454545455
00-0022811,Jerricho Cotchery,WR,2011,11,62.1,5.6454545454545455
00-0027006,Kenny Britt,WR,2011,3,61.9,20.633333333333333
00-0027985,Lance Kendricks,TE,2011,15,60.400000000000006,4.026666666666667
00-0026197,Chad Henne,QB,2011,4,59.92,14.98
00-0026289,Tim Hightower,RB,2011,5,59.7,11.940000000000001
00-0023578,Dan Orlovsky,QB,2011,8,58.54,7.3175
00-0020516,Todd Heap,TE,2011,8,58.300000000000004,7.2875000000000005
00-0028112,Charles Clay,TE,2011,13,57.3,4.407692307692307
00-0021236,Randy McMichael,TE,2011,15,57.1,3.8066666666666666
00-0019641,Thomas Jones,RB,2011,16,57.1,3.56875
00-0026373,Justin Forsett,RB,2011,16,56.3,3.51875
00-0028011,Stevan Ridley,RB,2011,13,55.900000000000006,4.300000000000001
00-0026739,Jordan Norwood,WR,2011,11,55.8,5.072727272727272
00-0024297,Derek Hagan,WR,2011,9,55.2,6.133333333333334
00-0028090,T.J. Yates,QB,2011,8,55.080000000000005,6.885000000000001
00-0024287,Leonard Pope,TE,2011,15,54.7,3.646666666666667
00-0028050,Greg Salas,WR,2011,6,54.2,9.033333333333333
00-0027709,Jacoby Ford,WR,2011,8,54.0,6.75
00-0022766,Patrick Crayton,WR,2011,13,53.8,4.138461538461538
00-0027918,Andrew Hawkins,WR,2011,13,53.6,4.1230769230769235
00-0027758,Riley Cooper,WR,2011,13,53.5,4.115384615384615
00-0024756,Matt Willis,WR,2011,17,53.5,3.1470588235294117
00-0027666,Montario Hardesty,RB,2011,9,52.800000000000004,5.866666666666667
00-0027964,Jon Baldwin,WR,2011,11,52.400000000000006,4.763636363636365
00-0027518,Donald Jones,WR,2011,8,52.300000000000004,6.5375000000000005
00-0028016,Austin Pettis,WR,2011,12,52.0,4.333333333333333
00-0027089,Louis Murphy,WR,2011,9,52.0,5.777777777777778
00-0020397,Chad Johnson,WR,2011,15,51.7,3.4466666666666668
00-0027109,James Casey,TE,2011,11,51.1,4.6454545454545455
00-0025427,John Beck,QB,2011,4,50.62,12.655
00-0028057,Delone Carter,RB,2011,15,50.5,3.3666666666666667
00-0027531,Chris Ivory,RB,2011,8,50.400000000000006,6.300000000000001
00-0027796,Joe Webb,QB,2011,8,50.339999999999996,6.2924999999999995
00-0025396,Ted Ginn,WR,2011,15,50.2,3.3466666666666667
00-0027946,Jake Locker,QB,2011,5,49.28,9.856
00-0026262,Tashard Choice,RB,2011,13,48.60000000000001,3.738461538461539
00-0028115,Evan Royster,RB,2011,6,48.60000000000001,8.100000000000001
00-0025425,Zach Miller,TE,2011,13,48.300000000000004,3.7153846153846155
00-0027220,Naaman Roosevelt,WR,2011,10,47.7,4.7700000000000005
00-0023452,Mike Williams,WR,2011,12,47.6,3.966666666666667
00-0024332,Leon Washington,RB,2011,16,45.6,2.85
00-0026349,Matt Flynn,QB,2011,5,44.120000000000005,8.824000000000002
00-0027214,Keiland Williams,RB,2011,12,43.7,3.641666666666667
00-0026314,Josh Morgan,WR,2011,5,43.0,8.6
00-0026988,Knowshon Moreno,RB,2011,7,43.0,6.142857142857143
00-0026267,Jacob Tamme,TE,2011,13,42.7,3.284615384615385
00-0027441,Chastin West,WR,2011,10,41.300000000000004,4.130000000000001
00-0024218,Vince Young,QB,2011,5,40.54,8.108
00-0026931,Bear Pascoe,TE,2011,12,40.5,3.375
00-0027712,Joe McKnight,RB,2011,15,40.300000000000004,2.686666666666667
00-0022217,Mewelde Moore,RB,2011,12,39.1,3.2583333333333333
00-0027779,Deji Karim,RB,2011,12,39.0,3.25
00-0024264,Kellen Clemens,QB,2011,3,37.540000000000006,12.513333333333335
00-0021314,Chester Taylor,RB,2011,11,36.8,3.3454545454545452
00-0010500,Derrick Mason,WR,2011,11,36.0,3.272727272727273
00-0027725,Clay Harbor,TE,2011,14,35.3,2.5214285714285714
00-0022055,Seneca Wallace,QB,2011,6,34.78,5.796666666666667
00-0026279,Ryan Torain,RB,2011,8,34.3,4.2875
00-0023438,Braylon Edwards,WR,2011,9,33.1,3.677777777777778
00-0023506,Alex Smith,TE,2011,10,33.1,3.31
00-0026209,Jacob Hester,RB,2011,16,31.8,1.9875
00-0027070,Travis Beckum,TE,2011,10,31.799999999999997,3.1799999999999997
00-0026225,Craig Stevens,TE,2011,12,31.6,2.6333333333333333
00-0020438,T.J. Houshmandzadeh,WR,2011,7,31.6,4.514285714285714
00-0026201,Martellus Bennett,TE,2011,12,31.4,2.6166666666666667
00-0028017,Leonard Hankerson,WR,2011,4,31.300000000000004,7.825000000000001
00-0026465,Anthony Armstrong,WR,2011,11,31.200000000000003,2.8363636363636364
00-0027139,John Phillips,TE,2011,12,31.1,2.591666666666667
00-0027135,Brandon Myers,TE,2011,16,31.1,1.94375
00-0026780,Kevin Ogletree,WR,2011,13,29.7,2.2846153846153845
00-0025438,Steve Smith,WR,2011,5,29.4,5.88
00-0026745,Curtis Brinkley,RB,2011,5,29.200000000000003,5.840000000000001
00-0025970,Caleb Hanie,QB,2011,4,28.320000000000004,7.080000000000001
00-0027783,Anthony McCoy,TE,2011,12,27.6,2.3000000000000003
00-0022770,Derrick Ward,RB,2011,5,27.4,5.4799999999999995
00-0021929,Donald Lee,TE,2011,7,27.1,3.8714285714285714
00-0026957,David Johnson,TE,2011,12,27.1,2.2583333333333333
00-0025466,Mike Sims-Walker,WR,2011,6,27.0,4.5
00-0021206,Josh McCown,QB,2011,3,25.36,8.453333333333333
00-0024812,Tyler Palko,QB,2011,6,25.340000000000003,4.223333333333334
00-0027215,Logan Paulsen,TE,2011,11,24.8,2.2545454545454544
00-0025464,Matt Spaeth,TE,2011,10,24.0,2.4
00-0024609,Jesse Holley,WR,2011,11,23.900000000000002,2.172727272727273
00-0027813,Terrence Austin,WR,2011,10,23.7,2.37
00-0027059,Patrick Turner,WR,2011,12,23.6,1.9666666666666668
00-0028007,Rob Housler,TE,2011,9,23.3,2.588888888888889
00-0027202,Michael Palmer,TE,2011,13,23.200000000000003,1.784615384615385
00-0028574,Mossis Madu,RB,2011,6,22.7,3.783333333333333
00-0027772,Anthony Dixon,RB,2011,16,22.599999999999998,1.4124999999999999
00-0028602,Brandon Saine,RB,2011,9,22.400000000000002,2.488888888888889
00-0022910,Lee Evans,WR,2011,11,22.3,2.0272727272727273
00-0026799,Jeremiah Johnson,RB,2011,7,21.900000000000002,3.128571428571429
00-0027346,Alfonso Smith,RB,2011,8,21.3,2.6625
00-0028042,Luke Stocker,TE,2011,9,21.200000000000003,2.355555555555556
00-0022156,Bryant Johnson,WR,2011,9,21.1,2.3444444444444446
00-0023408,Greg Camarillo,WR,2011,8,21.1,2.6375
00-0024465,David Anderson,WR,2011,5,20.9,4.18
00-0024535,Eric Weems,WR,2011,17,20.0,1.1764705882352942
00-0022388,Terrance Copper,WR,2011,9,19.400000000000002,2.155555555555556
00-0025458,Lorenzo Booker,RB,2011,14,19.4,1.3857142857142857
00-0003292,Kerry Collins,QB,2011,3,19.14,6.38
00-0023953,Sam Hurd,WR,2011,10,18.9,1.89
00-0025542,Dante Rosario,TE,2011,11,18.700000000000003,1.7000000000000002
00-0028442,Ricardo Lockette,WR,2011,2,18.5,9.25
00-0026902,Ramses Barden,WR,2011,6,18.400000000000002,3.066666666666667
00-0020305,A.J. Feeley,QB,2011,4,18.32,4.58
00-0026213,Jamaal Charles,RB,2011,2,18.200000000000003,9.100000000000001
00-0021756,Will Heller,TE,2011,10,18.2,1.8199999999999998
00-0022726,Keary Colbert,WR,2011,6,17.900000000000002,2.983333333333334
00-0026229,Steve Slaton,RB,2011,6,17.700000000000003,2.9500000000000006
00-0023437,Ronnie Brown,RB,2011,14,17.6,1.2571428571428573
00-0028613,Phillip Tanner,RB,2011,7,17.5,2.5
00-0028087,Dion Lewis,RB,2011,13,16.9,1.2999999999999998
00-0023679,Billy Bajema,TE,2011,9,16.1,1.788888888888889
00-0022807,Bernard Berrian,WR,2011,5,16.1,3.22
00-0019484,Sammy Morris,RB,2011,3,16.1,5.366666666666667
00-0005091,Kevin Faulk,RB,2011,7,16.099999999999998,2.3
00-0026878,Tom Crabtree,TE,2011,12,15.8,1.3166666666666667
00-0028068,Jamie Harper,RB,2011,10,15.6,1.56
00-0028550,Colin Cochart,TE,2011,7,15.399999999999999,2.1999999999999997
00-0027732,Michael Hoomanawanui,TE,2011,7,15.3,2.185714285714286
00-0022421,Ruvell Martin,WR,2011,10,15.2,1.52
00-0024345,Domenik Hixon,WR,2011,2,15.0,7.5
00-0022738,Chris Cooley,TE,2011,5,14.8,2.96
00-0026300,Josh Johnson,QB,2011,9,14.54,1.6155555555555554
00-0027125,Zach Miller,TE,2011,3,14.200000000000001,4.733333333333333
00-0021647,Jerheme Urban,WR,2011,5,14.2,2.84
00-0027071,Stephen McGee,QB,2011,1,14.080000000000002,14.080000000000002
00-0027786,Jonathan Dwyer,RB,2011,3,13.9,4.633333333333334
00-0026963,Cameron Morrah,TE,2011,5,13.5,2.7
00-0026173,Donnie Avery,WR,2011,4,13.5,3.375
00-0027761,Brody Eldridge,TE,2011,10,13.5,1.35
00-0024296,Charlie Whitehurst,QB,2011,3,13.22,4.406666666666667
00-0028270,Weslye Saunders,TE,2011,8,12.900000000000002,1.6125000000000003
00-0027188,Chad Hall,WR,2011,7,12.3,1.7571428571428573
00-0027154,Jake O'Connell,TE,2011,7,12.2,1.7428571428571427
00-0027150,Julian Edelman,WR,2011,16,12.0,0.75
00-0028063,Taiwan Jones,RB,2011,9,11.8,1.3111111111111111
00-0027994,Shane Vereen,RB,2011,3,11.700000000000001,3.9000000000000004
00-0028291,Josh Baker,TE,2011,8,11.7,1.4625
00-0027583,Richie Brockel,TE,2011,5,11.5,2.3
00-0028105,Ryan Whalen,WR,2011,4,11.100000000000001,2.7750000000000004
00-0027063,Deon Butler,WR,2011,4,11.1,2.775
00-0021304,John Gilmore,TE,2011,7,11.0,1.5714285714285714
00-0028052,Cecil Shorts,WR,2011,10,11.0,1.1
00-0021357,Rock Cartwright,RB,2011,12,10.9,0.9083333333333333
00-0026008,Matthew Mulligan,TE,2011,10,10.8,1.08
00-0021154,Daniel Graham,TE,2011,8,10.5,1.3125
00-0004161,Jake Delhomme,QB,2011,1,10.44,10.44
00-0023429,Rashied Davis,WR,2011,7,10.3,1.4714285714285715
00-0028208,John Clay,RB,2011,3,10.2,3.4
00-0026658,Zach Potter,TE,2011,5,10.0,2.0
00-0026669,Colin Cloherty,TE,2011,4,9.700000000000001,2.4250000000000003
00-0026035,Danny Amendola,WR,2011,1,9.5,9.5
00-0028040,Jordan Cameron,TE,2011,5,9.3,1.86
00-0026377,Adrian Arrington,WR,2011,4,9.200000000000001,2.3000000000000003
00-0021570,Kassim Osgood,WR,2011,8,9.200000000000001,1.1500000000000001
00-0026953,Sammie Stroughter,WR,2011,6,9.2,1.5333333333333332
00-0027500,Mike Caussin,TE,2011,5,9.100000000000001,1.8200000000000003
00-0028062,Owen Marecic,RB,2011,8,8.9,1.1125
00-0028288,LaQuan Williams,WR,2011,10,8.600000000000001,0.8600000000000001
00-0027618,Brandon Banks,WR,2011,16,8.06,0.50375
00-0028509,Zack Pianalto,TE,2011,4,8.0,2.0
00-0027816,Marc Mariani,WR,2011,16,7.8,0.4875
00-0028156,Ryan Taylor,TE,2011,10,7.4,0.74
00-0022714,Kris Wilson,TE,2011,7,7.1,1.0142857142857142
00-0026174,Devin Thomas,WR,2011,15,6.700000000000001,0.4466666666666667
00-0027753,Andrew Quarless,TE,2011,5,6.6000000000000005,1.32
00-0028187,DeMarco Sampson,WR,2011,6,6.6,1.0999999999999999
00-0024301,David Thomas,TE,2011,5,6.6,1.3199999999999998
00-0024408,Bruce Gradkowski,QB,2011,2,6.46,3.23
00-0025749,Richard Bartel,QB,2011,2,6.340000000000001,3.1700000000000004
00-0024225,Matt Leinart,QB,2011,2,6.180000000000001,3.0900000000000003
00-0000865,Charlie Batch,QB,2011,3,6.12,2.04
00-0024103,Montell Owens,RB,2011,10,6.1000000000000005,0.6100000000000001
00-0026491,Stefan Logan,WR,2011,17,6.1000000000000005,0.35882352941176476
00-0027776,Carlton Mitchell,WR,2011,3,6.1000000000000005,2.0333333333333337
00-0027156,Tiquan Underwood,WR,2011,4,6.0,1.5
00-0028045,Kris Durham,WR,2011,2,6.0,3.0
00-0027693,Taylor Price,WR,2011,3,5.9,1.9666666666666668
00-0025622,Chansi Stuckey,WR,2011,4,5.9,1.475
00-0028174,Stephen Burton,WR,2011,1,5.800000000000001,5.800000000000001
00-0027595,Bryan Walters,WR,2011,3,5.699999999999999,1.8999999999999997
00-0028409,DuJuan Harris,RB,2011,5,5.6000000000000005,1.12
00-0026293,Matthew Slater,WR,2011,17,5.6000000000000005,0.3294117647058824
00-0023457,Mark Clayton,WR,2011,1,5.6,5.6
00-0019457,Anthony Becht,TE,2011,4,5.6,1.4
00-0027321,Jeff Cumberland,TE,2011,3,5.500000000000001,1.8333333333333337
00-0027012,Brian Robiskie,WR,2011,5,5.5,1.1
00-0024359,Jerome Harrison,RB,2011,3,5.4,1.8
00-0027687,Jordan Shipley,WR,2011,2,5.4,2.7
00-0028142,Virgil Green,TE,2011,8,5.4,0.675
00-0028093,Niles Paul,TE,2011,9,5.2,0.5777777777777778
00-0028097,Lee Smith,TE,2011,4,5.1,1.275
00-0019709,Chris Redman,QB,2011,4,4.92,1.23
00-0028565,Armando Allen,RB,2011,2,4.8,2.4
00-0026699,Kevin Brock,TE,2011,2,4.7,2.35
00-0028071,Johnny White,RB,2011,7,4.5,0.6428571428571429
00-0027825,Jim Dray,TE,2011,4,4.5,1.125
00-0021227,Justin Peelle,TE,2011,6,4.300000000000001,0.7166666666666668
00-0028049,Clyde Gates,WR,2011,13,4.3,0.33076923076923076
00-0022164,Kyle Boller,QB,2011,2,4.24,2.12
00-0026757,Kory Sperry,TE,2011,7,4.2,0.6
00-0022864,Luke McCown,QB,2011,4,4.14,1.035
00-0024294,Jerious Norwood,RB,2011,9,4.1,0.4555555555555555
00-0026607,Brock Bolen,RB,2011,9,4.0,0.4444444444444444
00-0028064,Bilal Powell,RB,2011,2,3.8000000000000003,1.9000000000000001
00-0026357,Brett Swain,WR,2011,3,3.5,1.1666666666666667
00-0027718,Garrett Graham,TE,2011,2,3.4000000000000004,1.7000000000000002
00-0028522,Mike Higgins,TE,2011,3,3.4,1.1333333333333333
00-0023968,Micheal Spurlock,WR,2011,10,3.3000000000000003,0.33
00-0028079,D.J. Williams,TE,2011,6,3.3000000000000003,0.55
00-0009311,Jon Kitna,QB,2011,3,3.2800000000000002,1.0933333333333335
00-0026353,Chauncey Washington,RB,2011,2,3.2,1.6
00-0028179,David Ausberry,TE,2011,9,3.2,0.35555555555555557
00-0026908,Anthony Hill,TE,2011,2,3.0,1.5
00-0026947,Eddie Williams,RB,2011,3,2.9000000000000004,0.9666666666666668
00-0028159,Da'Rel Scott,RB,2011,7,2.9,0.41428571428571426
00-0028034,Alex Green,RB,2011,2,2.7,1.35
00-0023490,Roscoe Parrish,WR,2011,2,2.6,1.3
00-0025573,Thomas Clayton,RB,2011,3,2.5,0.8333333333333334
00-0022912,J.P. Losman,QB,2011,1,2.5,2.5
00-0014655,Mike Sellers,TE,2011,6,2.5,0.4166666666666667
00-0026644,Josh Vaughan,RB,2011,5,2.4000000000000004,0.4800000000000001
00-0023108,Stephen Spach,TE,2011,3,2.2,0.7333333333333334
00-0027920,Emmanuel Arceneaux,WR,2011,1,2.0,2.0
00-0027129,Aaron Brown,RB,2011,1,1.9,1.9
00-0028158,Shaun Chapas,RB,2011,1,1.9,1.9
00-0024305,Maurice Stovall,WR,2011,7,1.8,0.2571428571428572
00-0026536,Nick Miller,WR,2011,7,1.8,0.2571428571428572
00-0027445,Jeron Mastrud,TE,2011,5,1.8,0.36
00-0015754,Brandon Stokley,WR,2011,2,1.7000000000000002,0.8500000000000001
00-0009119,Reggie Kelly,TE,2011,4,1.7000000000000002,0.42500000000000004
00-0027755,David Reed,WR,2011,9,1.6,0.17777777777777778
00-0028486,Ryan Mahaffey,RB,2011,2,1.5,0.75
00-0028067,Julius Thomas,TE,2011,4,1.5,0.375
00-0028267,Allen Reisner,TE,2011,2,1.5,0.75
00-0026932,Cedric Peerman,RB,2011,12,1.5,0.125
00-0027581,Seyi Ajirotutu,WR,2011,3,1.4,0.4666666666666666
00-0027080,Mike Goodson,RB,2011,4,1.4,0.35
00-0009323,Jimmy Kleinsasser,TE,2011,8,1.4,0.175
00-0020679,Shaun Hill,QB,2011,2,1.2200000000000002,0.6100000000000001
00-0027974,Colin Kaepernick,QB,2011,2,1.2000000000000002,0.6000000000000001
00-0028119,Richard Gordon,TE,2011,8,1.2,0.15
00-0027567,Steve Maneri,TE,2011,2,1.1,0.55
00-0002110,Mark Brunell,QB,2011,1,1.08,1.08
00-0027692,Armanti Edwards,WR,2011,15,0.94,0.06266666666666666
00-0028118,Tyrod Taylor,QB,2011,2,0.9199999999999999,0.45999999999999996
00-0026544,Chase Daniel,QB,2011,3,0.86,0.2866666666666667
00-0028163,Anthony Allen,RB,2011,1,0.8,0.8
00-0026625,Brian Hoyer,QB,2011,2,0.58,0.29
00-0027308,Jeremy Horne,WR,2011,4,0.5,0.125
00-0027722,Mike Kafka,QB,2011,3,0.2800000000000004,0.09333333333333348
00-0028706,Armond Smith,RB,2011,3,0.2,0.06666666666666667
00-0021976,Larry Johnson,RB,2011,1,0.2,0.2
00-0027726,Akwasi Owusu-Ansah,WR,2011,7,0.0,0.0
00-0027157,Dan Gronkowski,TE,2011,2,0.0,0.0
00-0028543,Jeff Maehl,WR,2011,1,0.0,0.0
00-0025578,Korey Hall,RB,2011,5,0.0,0.0
00-0026251,Martin Rucker,TE,2011,1,0.0,0.0
00-0028417,Jamar Newsome,WR,2011,1,0.0,0.0
00-0028242,Joe Hastings,WR,2011,1,0.0,0.0
00-0028295,Collin Franklin,TE,2011,1,0.0,0.0
00-0027769,Fendi Onobun,TE,2011,1,0.0,0.0
00-0028825,Terrelle Pryor,WR,2011,1,0.0,0.0
00-0027836,Jameson Konz,TE,2011,1,0.0,0.0
00-0027606,Trindon Holliday,WR,2011,1,0.0,0.0
00-0024308,Dominique Byrd,TE,2011,1,0.0,0.0
00-0022064,Arnaz Battle,WR,2011,5,0.0,0.0
00-0027121,Tom Brandstater,QB,2011,1,0.0,0.0
00-0027057,Brandon Tate,WR,2011,17,0.0,0.0
00-0028021,Jerrel Jernigan,WR,2011,9,0.0,0.0
00-0027419,Chris Gronkowski,RB,2011,2,0.0,0.0
00-0027173,Julius Pruitt,WR,2011,4,0.0,0.0
00-0028337,Kyle Adams,TE,2011,1,0.0,0.0
00-0027764,Kerry Meier,WR,2011,1,0.0,0.0
00-0027585,Richard Goodman,WR,2011,13,0.0,0.0
00-0026855,Antone Smith,RB,2011,8,0.0,0.0
00-0027437,Quinn Porter,RB,2011,12,0.0,0.0
00-0027520,Dominique Curry,WR,2011,8,0.0,0.0
00-0028061,Tandon Doss,WR,2011,2,0.0,0.0
00-0027477,Blair White,WR,2011,7,0.0,0.0
00-0022725,Michael Clayton,WR,2011,3,0.0,0.0
00-0025419,Anthony Gonzalez,WR,2011,2,0.0,0.0
00-0028746,Darvin Adams,WR,2011,1,0.0,0.0
00-0028497,Kamar Aiken,WR,2011,1,0.0,0.0
00-0027356,Marlon Moore,WR,2011,3,0.0,0.0
00-0028070,Kealoha Pilares,WR,2011,11,0.0,0.0
00-0024738,Eldra Buckley,RB,2011,1,0.0,0.0
00-0026716,Quan Cosby,WR,2011,10,0.0,0.0
00-0028114,Dwayne Harris,WR,2011,7,0.0,0.0
00-0023503,Courtney Roby,WR,2011,7,0.0,0.0
00-0022847,Ben Hartsock,TE,2011,1,0.0,0.0
00-0025604,Tyler Thigpen,QB,2011,2,-0.19999999999999996,-0.09999999999999998
00-0023645,Derek Anderson,QB,2011,2,-0.2,-0.1
00-0019041,Billy Volek,QB,2011,2,-0.5,-0.25
00-0023459,Aaron Rodgers,QB,2010,19,395.64,20.82315789473684
00-0026796,Arian Foster,RB,2010,16,391.8,24.4875
00-0024267,Greg Jennings,WR,2010,20,335.7,16.785
00-0023462,Roddy White,WR,2010,17,333.9,19.641176470588235
00-0020245,Mike Vick,QB,2010,13,333.2,25.63076923076923
00-0019596,Tom Brady,QB,2010,17,317.16,18.656470588235294
00-0026195,Ray Rice,RB,2010,18,314.9,17.494444444444444
00-0027029,LeSean McCoy,RB,2010,16,309.40000000000003,19.337500000000002
00-0026184,Matt Forte,RB,2010,18,305.0,16.944444444444443
00-0010346,Peyton Manning,QB,2010,17,298.8,17.576470588235296
00-0026213,Jamaal Charles,RB,2010,17,297.20000000000005,17.482352941176472
00-0020531,Drew Brees,QB,2010,17,294.96,17.350588235294115
00-0026367,Peyton Hillis,RB,2010,16,294.92,18.4325
00-0026163,Rashard Mendenhall,RB,2010,19,293.2,15.43157894736842
00-0022097,Brandon Lloyd,WR,2010,16,286.0,17.875
00-0022942,Philip Rivers,QB,2010,16,281.6,17.6
00-0020498,Reggie Wayne,WR,2010,17,281.6,16.564705882352943
00-0026901,Mike Wallace,WR,2010,19,279.9,14.731578947368419
00-0025410,Dwayne Bowe,WR,2010,16,278.6,17.4125
00-0025394,Adrian Peterson,RB,2010,15,275.90000000000003,18.393333333333334
00-0026164,Chris Johnson,RB,2010,16,272.90000000000003,17.056250000000002
00-0026144,Darren McFadden,RB,2010,13,267.4,20.569230769230767
00-0025389,Calvin Johnson,WR,2010,15,266.2,17.746666666666666
00-0026993,Josh Freeman,QB,2010,16,258.44,16.1525
00-0026143,Matt Ryan,QB,2010,17,257.84000000000003,15.167058823529414
00-0022044,Andre Johnson,WR,2010,13,256.6,19.73846153846154
00-0020536,LaDainian Tomlinson,RB,2010,18,256.2,14.233333333333333
00-0026158,Joe Flacco,QB,2010,18,255.38,14.187777777777777
00-0022924,Ben Roethlisberger,QB,2010,15,252.78,16.852
00-0027005,Hakeem Nicks,WR,2010,13,250.20000000000002,19.24615384615385
00-0022127,Jason Witten,TE,2010,16,248.2,15.5125
00-0024226,Jay Cutler,QB,2010,17,247.62,14.565882352941177
00-0026364,Steve Johnson,WR,2010,16,247.3,15.45625
00-0022787,Matt Schaub,QB,2010,16,245.6,15.35
00-0026898,Mark Sanchez,QB,2010,18,243.88,13.54888888888889
00-0022736,Steven Jackson,RB,2010,16,242.4,15.15
00-0022921,Larry Fitzgerald,WR,2010,16,241.70000000000002,15.106250000000001
00-0025637,Ahmad Bradshaw,RB,2010,16,239.9,14.99375
00-0024466,Marques Colston,WR,2010,16,239.0,14.9375
00-0026995,Jeremy Maclin,WR,2010,17,238.3,14.01764705882353
00-0020494,Santana Moss,WR,2010,16,235.9,14.74375
00-0022821,Michael Turner,RB,2010,17,235.5,13.852941176470589
00-0024275,Maurice Jones-Drew,RB,2010,14,234.1,16.72142857142857
00-0022803,Eli Manning,QB,2010,16,231.08,14.4425
00-0023921,Miles Austin,WR,2010,16,228.4,14.275
00-0023662,Matt Cassel,QB,2010,16,226.54,14.15875
00-0022427,Wes Welker,WR,2010,16,225.5,14.09375
00-0012478,Terrell Owens,WR,2010,13,224.3,17.253846153846155
00-0021429,Carson Palmer,QB,2010,16,223.8,13.9875
00-0027702,Mike Williams,WR,2010,16,223.4,13.9625
00-0021231,David Garrard,QB,2010,14,220.36,15.74
00-0023438,Braylon Edwards,WR,2010,19,217.20000000000002,11.431578947368422
00-0023541,Kyle Orton,QB,2010,13,209.88,16.144615384615385
00-0026189,DeSean Jackson,WR,2010,15,209.70000000000002,13.98
00-0025860,BenJarvus Green-Ellis,RB,2010,17,206.70000000000002,12.158823529411766
00-0026235,Mario Manningham,WR,2010,16,206.60000000000002,12.912500000000001
00-0026998,Percy Harvin,WR,2010,14,206.5,14.75
00-0026345,Pierre Garcon,WR,2010,15,206.4,13.76
00-0022084,Anquan Boldin,WR,2010,18,205.86,11.436666666666667
00-0024334,Brandon Marshall,WR,2010,14,203.70000000000002,14.55
00-0023500,Frank Gore,RB,2010,11,202.5,18.40909090909091
00-0023682,Ryan Fitzpatrick,QB,2010,13,198.58,15.275384615384617
00-0017162,Hines Ward,WR,2010,19,198.0,10.421052631578947
00-0023310,Lance Moore,WR,2010,16,197.2,12.325
00-0027880,Jahvid Best,RB,2010,15,197.0,13.133333333333333
00-0023439,Cedric Benson,RB,2010,16,196.9,12.30625
00-0026988,Knowshon Moreno,RB,2010,13,196.1,15.084615384615384
00-0007091,Matt Hasselbeck,QB,2010,16,195.02,12.18875
00-0024240,Santonio Holmes,WR,2010,15,194.0,12.933333333333334
00-0021192,Deion Branch,WR,2010,16,193.7,12.10625
00-0025450,Brandon Jackson,RB,2010,20,191.70000000000002,9.585
00-0026000,Davone Bess,WR,2010,16,191.70000000000002,11.981250000000001
00-0026913,Johnny Knox,WR,2010,18,191.60000000000002,10.644444444444446
00-0024221,Vernon Davis,TE,2010,16,191.4,11.9625
00-0027854,Sam Bradford,QB,2010,16,190.78,11.92375
00-0021547,Antonio Gates,TE,2010,10,188.2,18.82
00-0023452,Mike Williams,WR,2010,15,187.4,12.493333333333334
00-0010500,Derrick Mason,WR,2010,18,185.3,10.294444444444444
00-0024243,Marcedes Lewis,TE,2010,16,184.0,11.5
00-0027076,Mike Thomas,WR,2010,16,183.4,11.4625
00-0025465,James Jones,WR,2010,20,183.3,9.165000000000001
00-0024204,Fred Jackson,RB,2010,16,183.20000000000002,11.450000000000001
00-0026162,Felix Jones,RB,2010,16,183.0,11.4375
00-0022738,Chris Cooley,TE,2010,16,179.9,11.24375
00-0026170,Dustin Keller,TE,2010,18,179.8,9.988888888888889
00-0026035,Danny Amendola,WR,2010,16,178.0,11.125
00-0026019,Danny Woodhead,RB,2010,16,176.4,11.025
00-0026176,Jordy Nelson,WR,2010,20,174.8,8.74
00-0011022,Donovan McNabb,QB,2010,13,174.18,13.39846153846154
00-0020397,Chad Johnson,WR,2010,14,174.1,12.435714285714285
00-0027006,Kenny Britt,WR,2010,11,173.5,15.772727272727273
00-0006101,Tony Gonzalez,TE,2010,17,173.3,10.194117647058825
00-0022922,Kellen Winslow,TE,2010,16,169.0,10.5625
00-0026996,Brandon Pettigrew,TE,2010,16,167.20000000000002,10.450000000000001
00-0027092,Austin Collie,WR,2010,9,166.7,18.522222222222222
00-0027656,Rob Gronkowski,TE,2010,17,165.1,9.711764705882352
00-0026986,Michael Crabtree,WR,2010,16,165.1,10.31875
00-0021163,Jabar Gaffney,WR,2010,16,164.5,10.28125
00-0020516,Todd Heap,TE,2010,15,164.0,10.933333333333334
00-0026267,Jacob Tamme,TE,2010,14,163.7,11.692857142857141
00-0022943,Benjamin Watson,TE,2010,16,162.2,10.1375
00-0004541,Donald Driver,WR,2010,19,160.4,8.442105263157895
00-0020679,Shaun Hill,QB,2010,11,159.74,14.521818181818183
00-0023460,Jason Campbell,QB,2010,13,158.68,12.206153846153846
00-0025425,Zach Miller,TE,2010,15,158.5,10.566666666666666
00-0021999,Nate Burleson,WR,2010,14,157.60000000000002,11.257142857142858
00-0025399,Marshawn Lynch,RB,2010,18,157.5,8.75
00-0009311,Jon Kitna,QB,2010,10,157.3,15.73
00-0026197,Chad Henne,QB,2010,15,157.12,10.474666666666668
00-0023437,Ronnie Brown,RB,2010,16,156.6,9.7875
00-0019641,Thomas Jones,RB,2010,17,153.1,9.005882352941176
00-0025487,Michael Bush,RB,2010,14,150.9,10.778571428571428
00-0023564,Darren Sproles,RB,2010,16,148.0,9.25
00-0026465,Anthony Armstrong,WR,2010,15,147.1,9.806666666666667
00-0023367,Nate Washington,WR,2010,16,145.9,9.11875
00-0023545,Brandon Jacobs,RB,2010,16,145.20000000000002,9.075000000000001
00-0025414,Robert Meachem,WR,2010,17,145.1,8.535294117647059
00-0022414,Malcom Floyd,WR,2010,11,144.7,13.154545454545454
00-0026182,Eddie Royal,WR,2010,16,143.8,8.9875
00-0027713,Aaron Hernandez,TE,2010,15,143.4,9.56
00-0021931,Kevin Walter,WR,2010,14,143.1,10.221428571428572
00-0023440,Cadillac Williams,RB,2010,16,141.20000000000002,8.825000000000001
00-0026899,Shonn Greene,RB,2010,18,140.3,7.794444444444445
00-0027864,Ryan Mathews,RB,2010,12,140.0,11.666666666666666
00-0025466,Mike Sims-Walker,WR,2010,14,139.2,9.942857142857141
00-0026279,Ryan Torain,RB,2010,10,138.7,13.87
00-0024324,Jason Avant,WR,2010,17,138.6,8.152941176470588
00-0026210,Earl Bennett,WR,2010,16,137.5,8.59375
00-0027325,LeGarrette Blount,RB,2010,13,137.1,10.546153846153846
00-0027902,Dez Bryant,WR,2010,12,137.1,11.424999999999999
00-0025418,Greg Olsen,TE,2010,18,135.7,7.538888888888888
00-0023436,Alex Smith,QB,2010,11,134.8,12.254545454545456
00-0026373,Justin Forsett,RB,2010,18,133.8,7.433333333333334
00-0027080,Mike Goodson,RB,2010,16,130.20000000000002,8.137500000000001
00-0026289,Tim Hightower,RB,2010,16,130.2,8.1375
00-0027687,Jordan Shipley,WR,2010,15,130.0,8.666666666666666
00-0026937,Brandon Gibson,WR,2010,14,129.8,9.271428571428572
00-0024463,Ben Obomanu,WR,2010,15,129.2,8.613333333333333
00-0025529,Steve Breaston,WR,2010,13,128.98000000000002,9.921538461538463
00-0022811,Jerricho Cotchery,WR,2010,17,128.20000000000002,7.541176470588236
00-0025460,Jacoby Jones,WR,2010,15,127.9,8.526666666666667
00-0023465,Heath Miller,TE,2010,17,127.10000000000001,7.476470588235294
00-0026314,Josh Morgan,WR,2010,16,125.5,7.84375
00-0027214,Keiland Williams,RB,2010,14,124.0,8.857142857142858
00-0027695,Tony Moeaki,TE,2010,16,123.8,7.7375
00-0027873,Jermaine Gresham,TE,2010,15,123.1,8.206666666666667
00-0025549,Brent Celek,TE,2010,15,121.6,8.106666666666666
00-0025438,Steve Smith,WR,2010,9,118.9,13.211111111111112
00-0027155,Rashad Jennings,RB,2010,12,118.20000000000002,9.850000000000001
00-0022909,Roy Williams,WR,2010,15,118.0,7.866666666666666
00-0024272,Devin Hester,WR,2010,18,116.9,6.4944444444444445
00-0022910,Lee Evans,WR,2010,13,116.80000000000001,8.984615384615385
00-0027089,Louis Murphy,WR,2010,14,116.2,8.3
00-0025540,Kevin Boss,TE,2010,15,116.1,7.739999999999999
00-0024268,Anthony Fasano,TE,2010,15,115.80000000000001,7.720000000000001
00-0017915,Ricky Williams,RB,2010,16,114.4,7.15
00-0022781,Michael Jenkins,WR,2010,12,114.2,9.516666666666667
00-0027477,Blair White,WR,2010,14,112.9,8.064285714285715
00-0022054,Visanthe Shiancoe,TE,2010,16,112.0,7.0
00-0027709,Jacoby Ford,WR,2010,15,111.5,7.433333333333334
00-0027077,Brian Hartline,WR,2010,12,111.2,9.266666666666667
00-0020337,Steve Smith,WR,2010,14,110.30000000000001,7.878571428571429
00-0023630,Joel Dreessen,TE,2010,16,109.8,6.8625
00-0003292,Kerry Collins,QB,2010,10,109.02000000000001,10.902000000000001
00-0024245,Joseph Addai,RB,2010,9,108.9,12.100000000000001
00-0022929,Devery Henderson,WR,2010,17,107.9,6.347058823529412
00-0022178,Willis McGahee,RB,2010,17,106.7,6.276470588235294
00-0015754,Brandon Stokley,WR,2010,13,106.2,8.169230769230769
00-0027795,David Gettis,WR,2010,15,106.0,7.066666666666666
00-0021182,Maurice Morris,RB,2010,13,105.6,8.123076923076923
00-0026153,Jonathan Stewart,RB,2010,14,105.30000000000001,7.521428571428572
00-0021148,Jeremy Shockey,TE,2010,14,104.2,7.442857142857143
00-0027003,Donald Brown,RB,2010,13,102.2,7.861538461538462
00-0027531,Chris Ivory,RB,2010,12,100.30000000000001,8.358333333333334
00-0027026,Mohamed Massaquoi,WR,2010,15,99.16000000000001,6.610666666666668
00-0021678,Tony Romo,QB,2010,6,99.10000000000001,16.51666666666667
00-0027063,Deon Butler,WR,2010,13,99.1,7.623076923076923
00-0027876,Tim Tebow,QB,2010,7,98.86,14.122857142857143
00-0020438,T.J. Houshmandzadeh,WR,2010,18,98.4,5.466666666666667
00-0021314,Chester Taylor,RB,2010,18,97.4,5.411111111111111
00-0011754,Randy Moss,WR,2010,13,97.3,7.484615384615385
00-0005106,Brett Favre,QB,2010,13,97.16000000000001,7.4738461538461545
00-0024313,Owen Daniels,TE,2010,11,97.1,8.827272727272726
00-0027696,Jimmy Graham,TE,2010,12,96.9,8.075000000000001
00-0027681,Brandon LaFell,WR,2010,14,96.80000000000001,6.9142857142857155
00-0021216,Brian Westbrook,RB,2010,13,95.0,7.3076923076923075
00-0027685,Emmanuel Sanders,WR,2010,16,93.7,5.85625
00-0023752,Daniel Fells,TE,2010,16,92.1,5.75625
00-0027688,Colt McCoy,QB,2010,8,90.94,11.3675
00-0027057,Brandon Tate,WR,2010,17,90.5,5.323529411764706
00-0023612,Bo Scaife,TE,2010,13,89.80000000000001,6.907692307692309
00-0022165,Dallas Clark,TE,2010,6,89.7,14.950000000000001
00-0023645,Derek Anderson,QB,2010,12,89.10000000000001,7.425000000000001
00-0020270,Correll Buckhalter,RB,2010,14,88.7,6.335714285714286
00-0024218,Vince Young,QB,2010,9,88.7,9.855555555555556
00-0024813,Pierre Thomas,RB,2010,6,88.0,14.666666666666666
00-0026178,John Carlson,TE,2010,16,87.9,5.49375
00-0024276,Tony Scheffler,TE,2010,15,86.80000000000001,5.786666666666667
00-0023490,Roscoe Parrish,WR,2010,8,86.5,10.8125
00-0024217,Reggie Bush,RB,2010,9,85.7,9.522222222222222
00-0022766,Patrick Crayton,WR,2010,8,85.4,10.675
00-0027322,David Nelson,WR,2010,14,84.3,6.021428571428571
00-0027654,Arrelious Benn,WR,2010,14,80.00000000000001,5.714285714285715
00-0025622,Chansi Stuckey,WR,2010,15,79.5,5.3
00-0025462,Laurent Robinson,WR,2010,13,79.0,6.076923076923077
00-0027012,Brian Robiskie,WR,2010,13,78.0,6.0
00-0023544,Marion Barber,RB,2010,13,77.3,5.946153846153846
00-0025561,Troy Smith,QB,2010,6,77.14,12.856666666666667
00-0027861,C.J. Spiller,RB,2010,14,72.0,5.142857142857143
00-0024301,David Thomas,TE,2010,13,71.7,5.515384615384615
00-0026983,Darrius Heyward-Bey,WR,2010,14,71.4,5.1000000000000005
00-0022840,Julius Jones,RB,2010,14,71.2,5.085714285714286
00-0027061,Jared Cook,TE,2010,15,71.1,4.739999999999999
00-0026188,Fred Davis,TE,2010,15,70.60000000000001,4.706666666666667
00-0027888,Toby Gerhart,RB,2010,15,69.9,4.66
00-0022770,Derrick Ward,RB,2010,14,68.8,4.914285714285714
00-0026262,Tashard Choice,RB,2010,12,68.2,5.683333333333334
00-0027691,Andre Roberts,WR,2010,14,66.7,4.764285714285714
00-0023457,Mark Clayton,WR,2010,5,66.2,13.24
00-0021190,Antwaan Randle El,WR,2010,19,66.18,3.4831578947368427
00-0025559,Legedu Naanee,WR,2010,9,65.9,7.322222222222223
00-0023176,Josh Cribbs,WR,2010,15,65.66000000000001,4.377333333333334
00-0022217,Mewelde Moore,RB,2010,17,64.5,3.7941176470588234
00-0027007,Chris Wells,RB,2010,13,64.1,4.93076923076923
00-0025423,Kevin Kolb,QB,2010,7,62.480000000000004,8.925714285714287
00-0005231,Brian Finneran,WR,2010,14,62.3,4.45
00-0021184,Ladell Betts,RB,2010,7,62.1,8.871428571428572
00-0026186,Jerome Simpson,WR,2010,4,61.9,15.475
00-0024389,Delanie Walker,TE,2010,14,61.9,4.421428571428572
00-0026221,Early Doucet,WR,2010,10,61.6,6.16
00-0027467,Javarris James,RB,2010,10,60.5,6.05
00-0027874,Demaryius Thomas,WR,2010,10,60.400000000000006,6.040000000000001
00-0026237,Andre Caldwell,WR,2010,13,59.3,4.561538461538461
00-0026201,Martellus Bennett,TE,2010,15,59.0,3.933333333333333
00-0027753,Andrew Quarless,TE,2010,16,58.400000000000006,3.6500000000000004
00-0025542,Dante Rosario,TE,2010,16,58.2,3.6375
00-0023496,Vincent Jackson,WR,2010,4,58.2,14.55
00-0026224,Harry Douglas,WR,2010,16,58.1,3.63125
00-0027659,Jimmy Clausen,QB,2010,13,58.02,4.463076923076923
00-0026566,Isaac Redman,RB,2010,19,57.900000000000006,3.047368421052632
00-0024359,Jerome Harrison,RB,2010,11,57.800000000000004,5.254545454545455
00-0024242,DeAngelo Williams,RB,2010,6,57.2,9.533333333333333
00-0027651,Dexter McCluster,WR,2010,12,57.2,4.766666666666667
00-0026231,Jermichael Finley,TE,2010,4,57.1,14.275
00-0025431,Sidney Rice,WR,2010,6,57.0,9.5
00-0027912,Danario Alexander,WR,2010,8,56.6,7.075
00-0025430,Drew Stanton,QB,2010,6,56.5,9.416666666666666
00-0027791,James Starks,RB,2010,7,55.6,7.942857142857143
00-0021236,Randy McMichael,TE,2010,15,54.1,3.606666666666667
00-0023968,Micheal Spurlock,WR,2010,16,54.0,3.375
00-0021755,Earnest Graham,RB,2010,11,52.980000000000004,4.816363636363636
00-0025417,Craig Davis,WR,2010,7,52.900000000000006,7.557142857142858
00-0026941,Bernard Scott,RB,2010,16,52.9,3.30625
00-0021982,Justin Gage,WR,2010,11,52.6,4.781818181818182
00-0022807,Bernard Berrian,WR,2010,12,52.4,4.366666666666666
00-0024297,Derek Hagan,WR,2010,7,52.3,7.471428571428571
00-0026123,Evan Moore,TE,2010,9,52.2,5.800000000000001
00-0024318,Brad Smith,WR,2010,18,52.040000000000006,2.8911111111111114
00-0022121,Rex Grossman,QB,2010,4,51.96,12.99
00-0027581,Seyi Ajirotutu,WR,2010,6,51.2,8.533333333333333
00-0026498,Matthew Stafford,QB,2010,3,50.5,16.833333333333332
00-0024408,Bruce Gradkowski,QB,2010,6,50.46,8.41
00-0023408,Greg Camarillo,WR,2010,16,50.0,3.125
00-0020446,Chris Chambers,WR,2010,12,49.3,4.108333333333333
00-0026209,Jacob Hester,RB,2010,15,48.5,3.2333333333333334
00-0027125,Zach Miller,TE,2010,14,48.5,3.4642857142857144
00-0026953,Sammie Stroughter,WR,2010,12,48.1,4.008333333333334
00-0027120,Javon Ringer,RB,2010,16,47.300000000000004,2.9562500000000003
00-0027891,Golden Tate,WR,2010,13,46.9,3.6076923076923078
00-0027793,Antonio Brown,WR,2010,12,46.7,3.891666666666667
00-0025439,Brian Leonard,RB,2010,11,45.800000000000004,4.163636363636364
00-0027732,Michael Hoomanawanui,TE,2010,7,45.6,6.514285714285714
00-0027518,Donald Jones,WR,2010,13,45.400000000000006,3.492307692307693
00-0021179,Clinton Portis,RB,2010,5,45.2,9.040000000000001
00-0025633,Kenneth Darby,RB,2010,13,44.800000000000004,3.4461538461538463
00-0014655,Mike Sellers,TE,2010,16,44.6,2.7875
00-0026956,LaRod Stephens-Howling,RB,2010,13,44.4,3.4153846153846152
00-0024369,Jeff King,TE,2010,14,43.1,3.0785714285714287
00-0022055,Seneca Wallace,QB,2010,6,42.56,7.093333333333334
00-0027772,Anthony Dixon,RB,2010,14,41.800000000000004,2.985714285714286
00-0025463,Jason Hill,WR,2010,6,41.8,6.966666666666666
00-0022156,Bryant Johnson,WR,2010,14,41.0,2.9285714285714284
00-0023679,Billy Bajema,TE,2010,10,40.5,4.05
00-0027893,Damian Williams,WR,2010,10,38.4,3.84
00-0027796,Joe Webb,QB,2010,5,37.08,7.4159999999999995
00-0021508,Greg Lewis,WR,2010,12,36.7,3.0583333333333336
00-0027070,Travis Beckum,TE,2010,15,36.6,2.44
00-0024296,Charlie Whitehurst,QB,2010,5,36.58,7.316
00-0022171,Kelley Washington,WR,2010,6,36.3,6.05
00-0020285,Alge Crumpler,TE,2010,14,36.1,2.5785714285714287
00-0024332,Leon Washington,RB,2010,18,35.800000000000004,1.9888888888888892
00-0026204,Kevin Smith,RB,2010,6,35.8,5.966666666666666
00-0025396,Ted Ginn,WR,2010,13,35.400000000000006,2.7230769230769236
00-0026225,Craig Stevens,TE,2010,14,35.2,2.5142857142857147
00-0021304,John Gilmore,TE,2010,9,35.0,3.888888888888889
00-0021929,Donald Lee,TE,2010,13,34.3,2.6384615384615384
00-0022388,Terrance Copper,WR,2010,14,33.7,2.4071428571428575
00-0022421,Ruvell Martin,WR,2010,4,33.6,8.4
00-0027675,Ed Dickson,TE,2010,15,33.400000000000006,2.226666666666667
00-0027754,John Skelton,QB,2010,5,33.38,6.676
00-0026342,Mike Hart,RB,2010,6,33.0,5.5
00-0021154,Daniel Graham,TE,2010,14,32.8,2.3428571428571425
00-0025708,Matt Moore,QB,2010,6,32.78,5.463333333333334
00-0009323,Jimmy Kleinsasser,TE,2010,15,31.8,2.12
00-0027188,Chad Hall,WR,2010,8,31.400000000000002,3.9250000000000003
00-0026963,Cameron Morrah,TE,2010,13,31.1,2.3923076923076922
00-0024287,Leonard Pope,TE,2010,14,29.6,2.1142857142857143
00-0005720,Joey Galloway,WR,2010,10,29.3,2.93
00-0024172,Patrick Cobbs,RB,2010,13,29.099999999999998,2.2384615384615385
00-0025604,Tyler Thigpen,QB,2010,5,28.700000000000003,5.74
00-0027758,Riley Cooper,WR,2010,11,28.400000000000002,2.581818181818182
00-0025602,Ben Patrick,TE,2010,10,27.3,2.73
00-0004161,Jake Delhomme,QB,2010,5,26.68,5.336
00-0021213,Chris Baker,TE,2010,13,26.6,2.0461538461538464
00-0027356,Marlon Moore,WR,2010,7,26.4,3.7714285714285714
00-0026790,Tyrell Sutton,RB,2010,8,26.1,3.2625
00-0023953,Sam Hurd,WR,2010,13,26.0,2.0
00-0024279,Tarvaris Jackson,QB,2010,3,25.939999999999998,8.646666666666667
00-0026349,Matt Flynn,QB,2010,7,25.819999999999997,3.688571428571428
00-0021227,Justin Peelle,TE,2010,9,25.6,2.8444444444444446
00-0027071,Stephen McGee,QB,2010,2,24.92,12.46
00-0024447,Devin Aromashodu,WR,2010,9,24.900000000000002,2.766666666666667
00-0027429,Verran Tucker,WR,2010,12,24.900000000000002,2.075
00-0025464,Matt Spaeth,TE,2010,13,24.9,1.9153846153846152
00-0025479,Trent Edwards,QB,2010,4,24.640000000000004,6.160000000000001
00-0027712,Joe McKnight,RB,2010,9,24.1,2.677777777777778
00-0024011,Mike Bell,RB,2010,13,23.6,1.8153846153846156
00-0023429,Rashied Davis,WR,2010,14,23.400000000000002,1.6714285714285715
00-0027220,Naaman Roosevelt,WR,2010,4,23.2,5.8
00-0025864,Jonathan Stupar,TE,2010,9,23.1,2.566666666666667
00-0000865,Charlie Batch,QB,2010,3,23.080000000000002,7.693333333333334
00-0024465,David Anderson,WR,2010,9,22.700000000000003,2.5222222222222226
00-0019484,Sammy Morris,RB,2010,17,22.3,1.311764705882353
00-0027725,Clay Harbor,TE,2010,7,22.2,3.1714285714285713
00-0019863,Dominic Rhodes,RB,2010,4,22.1,5.525
00-0027352,Max Komar,WR,2010,8,21.7,2.7125
00-0027789,Dezmon Briscoe,WR,2010,2,21.3,10.65
00-0026298,Kellen Davis,TE,2010,8,21.1,2.6375
00-0024305,Maurice Stovall,WR,2010,7,21.1,3.0142857142857147
00-0024559,D.J. Ware,RB,2010,9,21.0,2.3333333333333335
00-0027690,Eric Decker,WR,2010,10,20.6,2.06
00-0026432,Lance Ball,RB,2010,8,20.400000000000002,2.5500000000000003
00-0025486,Johnnie Lee Higgins,WR,2010,13,20.34,1.5646153846153845
00-0027150,Julian Edelman,WR,2010,16,20.3,1.26875
00-0027779,Deji Karim,RB,2010,11,20.0,1.8181818181818181
00-0027135,Brandon Myers,TE,2010,11,20.0,1.8181818181818181
00-0025544,David Clowney,WR,2010,8,19.400000000000002,2.4250000000000003
00-0027156,Tiquan Underwood,WR,2010,10,19.1,1.9100000000000001
00-0027349,Stephen Williams,WR,2010,6,19.1,3.1833333333333336
00-0026878,Tom Crabtree,TE,2010,15,18.900000000000002,1.2600000000000002
00-0023570,Roydell Williams,WR,2010,13,18.9,1.4538461538461538
00-0024687,Dominique Zeigler,WR,2010,9,18.8,2.088888888888889
00-0027129,Aaron Brown,RB,2010,3,18.3,6.1000000000000005
00-0027419,Chris Gronkowski,RB,2010,9,18.200000000000003,2.0222222222222226
00-0016098,Fred Taylor,RB,2010,7,18.1,2.585714285714286
00-0021570,Kassim Osgood,WR,2010,14,18.0,1.2857142857142858
00-0027109,James Casey,TE,2010,12,17.8,1.4833333333333334
00-0020332,David Martin,TE,2010,8,17.3,2.1625
00-0005091,Kevin Faulk,RB,2010,2,16.7,8.35
00-0021273,Robert Royal,TE,2010,7,16.6,2.3714285714285714
00-0024236,Laurence Maroney,RB,2010,4,16.400000000000002,4.1000000000000005
00-0026931,Bear Pascoe,TE,2010,9,16.2,1.7999999999999998
00-0027201,Dimitri Nance,RB,2010,9,15.5,1.7222222222222223
00-0020342,Brandon Manumaleuna,TE,2010,9,15.3,1.7000000000000002
00-0022288,Jason Wright,RB,2010,12,15.0,1.25
00-0026366,Chaz Schilens,WR,2010,4,15.0,3.75
00-0026377,Adrian Arrington,WR,2010,1,14.9,14.9
00-0027130,James Davis,RB,2010,4,14.500000000000002,3.6250000000000004
00-0027157,Dan Gronkowski,TE,2010,11,14.4,1.309090909090909
00-0009119,Reggie Kelly,TE,2010,10,14.2,1.42
00-0027202,Michael Palmer,TE,2010,6,13.899999999999999,2.3166666666666664
00-0021756,Will Heller,TE,2010,6,13.700000000000001,2.2833333333333337
00-0001545,Todd Bouman,QB,2010,1,13.680000000000003,13.680000000000003
00-0026229,Steve Slaton,RB,2010,12,13.4,1.1166666666666667
00-0026357,Brett Swain,WR,2010,10,13.200000000000001,1.32
00-0025701,Jackie Battle,RB,2010,13,12.9,0.9923076923076923
00-0021147,Donte' Stallworth,WR,2010,7,12.8,1.8285714285714287
00-0027700,Mardy Gilyard,WR,2010,7,12.3,1.7571428571428573
00-0027358,Roberto Wallace,WR,2010,9,12.200000000000001,1.3555555555555556
00-0024535,Eric Weems,WR,2010,17,12.1,0.711764705882353
00-0025419,Anthony Gonzalez,WR,2010,2,11.7,5.85
00-0026902,Ramses Barden,WR,2010,4,11.4,2.85
00-0022714,Kris Wilson,TE,2010,11,11.3,1.0272727272727273
00-0026757,Kory Sperry,TE,2010,3,11.3,3.766666666666667
00-0026266,Lavelle Hawkins,WR,2010,3,11.100000000000001,3.7000000000000006
00-0023108,Stephen Spach,TE,2010,11,11.0,1.0
00-0002110,Mark Brunell,QB,2010,2,10.68,5.34
00-0027257,Keith Toston,RB,2010,9,10.3,1.1444444444444446
00-0024529,Gijon Robinson,TE,2010,6,10.2,1.7
00-0027470,Brandon James,WR,2010,3,10.0,3.3333333333333335
00-0026491,Stefan Logan,WR,2010,16,9.5,0.59375
00-0026296,Dennis Dixon,QB,2010,2,9.36,4.68
00-0027215,Logan Paulsen,TE,2010,2,9.0,4.5
00-0027450,Preston Parker,WR,2010,8,8.9,1.1125
00-0027761,Brody Eldridge,TE,2010,8,8.9,1.1125
00-0026804,Ryan Purvis,TE,2010,5,8.8,1.7600000000000002
00-0026957,David Johnson,TE,2010,8,8.600000000000001,1.0750000000000002
00-0025970,Caleb Hanie,QB,2010,3,8.520000000000001,2.8400000000000003
00-0026300,Josh Johnson,QB,2010,8,8.34,1.0425
00-0027813,Terrence Austin,WR,2010,4,7.700000000000001,1.9250000000000003
00-0027825,Jim Dray,TE,2010,10,7.700000000000001,0.7700000000000001
00-0027780,Nate Byham,TE,2010,7,7.7,1.1
00-0027098,Gartrell Johnson,RB,2010,8,7.6000000000000005,0.9500000000000001
00-0021159,Jerramy Stevens,TE,2010,4,7.3,1.825
00-0022746,Jeff Dugan,TE,2010,8,7.2,0.9
00-0024264,Kellen Clemens,QB,2010,1,7.140000000000001,7.140000000000001
00-0027693,Taylor Price,WR,2010,1,7.1000000000000005,7.1000000000000005
00-0026536,Nick Miller,WR,2010,9,7.0,0.7777777777777778
00-0022101,Brian St. Pierre,QB,2010,1,6.92,6.92
00-0026644,Josh Vaughan,RB,2010,2,6.7,3.35
00-0024738,Eldra Buckley,RB,2010,10,6.7,0.67
00-0026780,Kevin Ogletree,WR,2010,3,6.4,2.1333333333333333
00-0027809,Mickey Shuler,TE,2010,2,6.4,3.2
00-0025458,Lorenzo Booker,RB,2010,4,6.200000000000001,1.5500000000000003
00-0027154,Jake O'Connell,TE,2010,8,6.1000000000000005,0.7625000000000001
00-0026625,Brian Hoyer,QB,2010,5,6.079999999999999,1.2159999999999997
00-0027056,Derrick Williams,WR,2010,4,6.000000000000001,1.5000000000000002
00-0025432,Dwayne Jarrett,WR,2010,2,6.0,3.0
00-0027069,Chase Coffman,TE,2010,1,6.0,6.0
00-0025955,Albert Young,RB,2010,2,6.0,3.0
00-0026658,Zach Potter,TE,2010,5,5.4,1.08
00-0022864,Luke McCown,QB,2010,1,5.2,5.2
00-0024460,Quinton Ganther,RB,2010,7,4.699999999999999,0.6714285714285714
00-0027059,Patrick Turner,WR,2010,3,4.6,1.5333333333333332
00-0022984,Ryan Grant,RB,2010,1,4.5,4.5
00-0021357,Rock Cartwright,RB,2010,15,4.2,0.28
00-0020514,Michael Bennett,RB,2010,5,4.0,0.8
00-0025749,Richard Bartel,QB,2010,1,4.0,4.0
00-0022725,Michael Clayton,WR,2010,2,3.9000000000000004,1.9500000000000002
00-0024321,Garrett Mills,TE,2010,3,3.9000000000000004,1.3
00-0026716,Quan Cosby,WR,2010,16,3.6,0.225
00-0027618,Brandon Banks,WR,2010,13,3.6,0.27692307692307694
00-0027769,Fendi Onobun,TE,2010,2,3.5,1.75
00-0022001,Kevin Curtis,WR,2010,2,3.5,1.75
00-0027088,Shawn Nelson,TE,2010,3,3.5,1.1666666666666667
00-0025461,Yamon Figurs,WR,2010,2,3.3000000000000003,1.6500000000000001
00-0022847,Ben Hartsock,TE,2010,6,3.2,0.5333333333333333
00-0025578,Korey Hall,RB,2010,12,3.0999999999999996,0.2583333333333333
00-0027786,Jonathan Dwyer,RB,2010,1,2.8000000000000003,2.8000000000000003
00-0026819,Kareem Huggins,RB,2010,3,2.8000000000000003,0.9333333333333335
00-0024013,Hank Baskett,WR,2010,3,2.8,0.9333333333333332
00-0024294,Jerious Norwood,RB,2010,2,2.7,1.35
00-0024756,Matt Willis,WR,2010,2,2.7,1.35
00-0026607,Brock Bolen,RB,2010,1,2.5,2.5
00-0027347,Max Hall,QB,2010,6,2.3,0.3833333333333333
00-0026544,Chase Daniel,QB,2010,3,2.24,0.7466666666666667
00-0026029,Kregg Lumpkin,RB,2010,4,2.2,0.55
00-0023210,Tory Humphrey,TE,2010,2,2.2,1.1
00-0026932,Cedric Peerman,RB,2010,5,2.2,0.44000000000000006
00-0003035,Desmond Clark,TE,2010,2,2.2,1.1
00-0024812,Tyler Palko,QB,2010,2,1.9000000000000001,0.9500000000000001
00-0027040,Richard Quinn,TE,2010,6,1.9,0.31666666666666665
00-0027801,Tony Pike,QB,2010,1,1.8800000000000001,1.8800000000000001
00-0027608,Kyle Williams,WR,2010,3,1.8,0.6
00-0025516,Scott Chandler,TE,2010,6,1.8,0.3
00-0026331,Paul Hubbard,WR,2010,1,1.8,1.8
00-0025573,Thomas Clayton,RB,2010,2,1.7000000000000002,0.8500000000000001
00-0021915,Sam Aiken,WR,2010,3,1.7000000000000002,0.5666666666666668
00-0022177,Byron Leftwich,QB,2010,1,1.68,1.68
00-0023506,Alex Smith,TE,2010,1,1.6,1.6
00-0027149,Manuel Johnson,WR,2010,2,1.6,0.8
00-0027585,Richard Goodman,WR,2010,3,1.5,0.5
00-0027755,David Reed,WR,2010,10,1.5,0.15
00-0027261,Duke Calhoun,WR,2010,6,1.4,0.2333333333333333
00-0022901,Ernest Wilford,WR,2010,2,1.3,0.65
00-0027321,Jeff Cumberland,TE,2010,1,1.3,1.3
00-0026316,Jalen Parmele,RB,2010,14,1.3,0.09285714285714286
00-0026056,Gary Banks,WR,2010,2,1.2,0.6
00-0026745,Curtis Brinkley,RB,2010,3,1.1,0.3666666666666667
00-0027714,Dennis Pitta,TE,2010,4,1.1,0.275
00-0027776,Carlton Mitchell,WR,2010,1,0.9,0.9
00-0022164,Kyle Boller,QB,2010,3,0.8000000000000003,0.2666666666666668
00-0025480,Garrett Wolfe,RB,2010,12,0.8,0.06666666666666667
00-0019559,Chad Pennington,QB,2010,1,0.76,0.76
00-0025592,Jordan Palmer,QB,2010,1,0.72,0.72
00-0019709,Chris Redman,QB,2010,1,0.7000000000000001,0.7000000000000001
00-0027692,Armanti Edwards,WR,2010,3,0.7000000000000001,0.23333333333333336
00-0020608,David Carr,QB,2010,1,0.6800000000000002,0.6800000000000002
00-0026012,Jehuu Caulcrick,RB,2010,2,0.2,0.1
00-0021976,Larry Johnson,RB,2010,2,0.19999999999999996,0.09999999999999998
00-0027775,Rusty Smith,QB,2010,2,4.440892098500626e-16,2.220446049250313e-16
00-0027718,Garrett Graham,TE,2010,2,0.0,0.0
00-0026113,Clifton Smith,RB,2010,4,0.0,0.0
00-0024103,Montell Owens,RB,2010,13,0.0,0.0
00-0027816,Marc Mariani,WR,2010,16,0.0,0.0
00-0024607,Daniel Coats,TE,2010,5,0.0,0.0
00-0026281,Gary Barnidge,TE,2010,11,0.0,0.0
00-0026753,Charly Martin,WR,2010,1,0.0,0.0
00-0027819,Dorin Dickerson,TE,2010,2,0.0,0.0
00-0026032,Taj Smith,WR,2010,4,0.0,0.0
00-0026669,Colin Cloherty,TE,2010,1,0.0,0.0
00-0026251,Martin Rucker,TE,2010,1,0.0,0.0
00-0023797,Darcy Johnson,TE,2010,3,0.0,0.0
00-0027445,Jeron Mastrud,TE,2010,2,0.0,0.0
00-0027308,Jeremy Horne,WR,2010,2,0.0,0.0
00-0026008,Matthew Mulligan,TE,2010,4,0.0,0.0
00-0025997,Chad Simpson,RB,2010,2,0.0,0.0
00-0026293,Matthew Slater,WR,2010,11,0.0,0.0
00-0026174,Devin Thomas,WR,2010,7,0.0,0.0
00-0023503,Courtney Roby,WR,2010,13,0.0,0.0
00-0024326,Demetrius Williams,WR,2010,1,0.0,0.0
00-0025437,Chris Henry,RB,2010,1,0.0,0.0
00-0026246,Marcus Smith,WR,2010,8,0.0,0.0
00-0027218,Joique Bell,RB,2010,1,0.0,0.0
00-0026276,Kenny Moore,WR,2010,2,0.0,0.0
00-0026650,Britt Davis,WR,2010,3,0.0,0.0
00-0025615,DeShawn Wynn,RB,2010,2,0.0,0.0
00-0027423,Lonyae Miller,RB,2010,1,0.0,0.0
00-0027783,Anthony McCoy,TE,2010,2,0.0,0.0
00-0025951,Darius Reynaud,RB,2010,9,0.0,0.0
00-0024609,Jesse Holley,WR,2010,5,0.0,0.0
00-0023790,Brian Clark,WR,2010,2,0.0,0.0
00-0027520,Dominique Curry,WR,2010,2,0.0,0.0
00-0027401,Rashawn Jackson,RB,2010,1,0.0,0.0
00-0027726,Akwasi Owusu-Ansah,WR,2010,7,0.0,0.0
00-0026665,John Matthews,WR,2010,1,0.0,0.0
00-0024659,Billy Latsko,RB,2010,1,0.0,0.0
00-0022064,Arnaz Battle,WR,2010,9,0.0,0.0
00-0026598,Jerome Johnson,RB,2010,1,0.0,0.0
00-0027094,Andre Brown,RB,2010,1,-0.1,-0.1
00-0019041,Billy Volek,QB,2010,3,-0.18000000000000002,-0.060000000000000005
00-0020480,Sage Rosenfels,QB,2010,1,-0.30000000000000004,-0.30000000000000004
00-0026855,Antone Smith,RB,2010,3,-0.30000000000000004,-0.10000000000000002
00-0024300,Brodie Croyle,QB,2010,2,-0.48,-0.24
00-0027804,Levi Brown,QB,2010,1,-1.04,-1.04
00-0026620,Devin Moore,RB,2010,4,-2.2,-0.55
00-0026196,Brian Brohm,QB,2010,1,-3.76,-3.76
00-0003315,Todd Collins,QB,2010,3,-7.28,-2.4266666666666667
00-0026164,Chris Johnson,RB,2009,16,392.90000000000003,24.556250000000002
00-0023459,Aaron Rodgers,QB,2009,17,377.94,22.23176470588235
00-0026195,Ray Rice,RB,2009,18,371.7,20.65
00-0025394,Adrian Peterson,RB,2009,18,364.3,20.23888888888889
00-0020531,Drew Brees,QB,2009,18,356.3,19.794444444444444
00-0010346,Peyton Manning,QB,2009,19,336.74,17.723157894736843
00-0024275,Maurice Jones-Drew,RB,2009,16,323.5,20.21875
00-0020498,Reggie Wayne,WR,2009,19,322.8,16.989473684210527
00-0022921,Larry Fitzgerald,WR,2009,18,322.1,17.894444444444446
00-0005106,Brett Favre,QB,2009,18,319.34,17.74111111111111
00-0022044,Andre Johnson,WR,2009,16,314.9,19.68125
00-0022165,Dallas Clark,TE,2009,19,313.7,16.510526315789473
00-0025431,Sidney Rice,WR,2009,18,313.6,17.422222222222224
00-0023921,Miles Austin,WR,2009,18,308.2,17.12222222222222
00-0011754,Randy Moss,WR,2009,17,297.2,17.48235294117647
00-0021678,Tony Romo,QB,2009,18,293.9,16.327777777777776
00-0024245,Joseph Addai,RB,2009,18,289.78000000000003,16.09888888888889
00-0022942,Philip Rivers,QB,2009,17,287.48,16.910588235294117
00-0022427,Wes Welker,WR,2009,14,285.40000000000003,20.38571428571429
00-0022787,Matt Schaub,QB,2009,16,280.9,17.55625
00-0023500,Frank Gore,RB,2009,14,278.6,19.900000000000002
00-0024334,Brandon Marshall,WR,2009,15,276.90000000000003,18.46
00-0019596,Tom Brady,QB,2009,17,276.48,16.263529411764708
00-0025438,Steve Smith,WR,2009,16,271.0,16.9375
00-0024466,Marques Colston,WR,2009,19,267.8,14.094736842105263
00-0022924,Ben Roethlisberger,QB,2009,15,267.02,17.801333333333332
00-0023462,Roddy White,WR,2009,16,266.5,16.65625
00-0019641,Thomas Jones,RB,2009,19,262.5,13.81578947368421
00-0026189,DeSean Jackson,WR,2009,16,261.8,16.3625
00-0017200,Kurt Warner,QB,2009,17,260.68,15.334117647058823
00-0021547,Antonio Gates,TE,2009,17,260.0,15.294117647058824
00-0023496,Vincent Jackson,WR,2009,16,257.90000000000003,16.118750000000002
00-0024221,Vernon Davis,TE,2009,16,252.5,15.78125
00-0024813,Pierre Thomas,RB,2009,17,249.9,14.700000000000001
00-0017915,Ricky Williams,RB,2009,16,247.5,15.46875
00-0011022,Donovan McNabb,QB,2009,15,245.82000000000002,16.388
00-0017162,Hines Ward,WR,2009,16,245.7,15.35625
00-0022984,Ryan Grant,RB,2009,17,244.3,14.370588235294118
00-0022736,Steven Jackson,RB,2009,15,243.8,16.253333333333334
00-0026289,Tim Hightower,RB,2009,18,239.0,13.277777777777779
00-0024267,Greg Jennings,WR,2009,17,236.0,13.882352941176471
00-0022127,Jason Witten,TE,2009,18,235.5,13.083333333333334
00-0020397,Chad Johnson,WR,2009,17,234.7,13.805882352941175
00-0024240,Santonio Holmes,WR,2009,16,232.4,14.525
00-0022803,Eli Manning,QB,2009,16,231.34,14.45875
00-0010500,Derrick Mason,WR,2009,18,230.20000000000002,12.78888888888889
00-0025549,Brent Celek,TE,2009,17,230.0,13.529411764705882
00-0024226,Jay Cutler,QB,2009,16,227.84,14.24
00-0026213,Jamaal Charles,RB,2009,15,227.70000000000002,15.180000000000001
00-0027092,Austin Collie,WR,2009,19,222.8,11.726315789473684
00-0021231,David Garrard,QB,2009,16,220.18,13.76125
00-0023460,Jason Campbell,QB,2009,16,218.32000000000002,13.645000000000001
00-0004541,Donald Driver,WR,2009,17,217.70000000000002,12.805882352941177
00-0021429,Carson Palmer,QB,2009,17,217.1,12.770588235294117
00-0026184,Matt Forte,RB,2009,16,217.0,13.5625
00-0023439,Cedric Benson,RB,2009,14,216.3,15.450000000000001
00-0023541,Kyle Orton,QB,2009,16,215.18,13.44875
00-0022084,Anquan Boldin,WR,2009,15,214.6,14.306666666666667
00-0024204,Fred Jackson,RB,2009,16,214.38,13.39875
00-0026158,Joe Flacco,QB,2009,18,210.34,11.685555555555556
00-0020337,Steve Smith,WR,2009,15,209.4,13.96
00-0024217,Reggie Bush,RB,2009,17,208.7,12.276470588235293
00-0026153,Jonathan Stewart,RB,2009,16,207.20000000000002,12.950000000000001
00-0026345,Pierre Garcon,WR,2009,17,206.60000000000002,12.15294117647059
00-0006101,Tony Gonzalez,TE,2009,16,205.70000000000002,12.856250000000001
00-0026163,Rashard Mendenhall,RB,2009,16,203.9,12.74375
00-0024242,DeAngelo Williams,RB,2009,13,203.9,15.684615384615386
00-0026998,Percy Harvin,WR,2009,17,200.20000000000002,11.776470588235295
00-0022054,Visanthe Shiancoe,TE,2009,18,199.0,11.055555555555555
00-0025389,Calvin Johnson,WR,2009,14,198.7,14.192857142857141
00-0022811,Jerricho Cotchery,WR,2009,17,197.3,11.605882352941178
00-0022922,Kellen Winslow,TE,2009,16,196.10000000000002,12.256250000000001
00-0023465,Heath Miller,TE,2009,16,190.9,11.93125
00-0026988,Knowshon Moreno,RB,2009,16,190.0,11.875
00-0025466,Mike Sims-Walker,WR,2009,15,189.9,12.66
00-0022929,Devery Henderson,WR,2009,19,189.20000000000002,9.957894736842107
00-0025529,Steve Breaston,WR,2009,17,186.1,10.947058823529412
00-0020438,T.J. Houshmandzadeh,WR,2009,16,186.1,11.63125
00-0025414,Robert Meachem,WR,2009,18,184.3,10.238888888888889
00-0026143,Matt Ryan,QB,2009,14,183.54000000000002,13.110000000000001
00-0026995,Jeremy Maclin,WR,2009,14,182.1,13.007142857142856
00-0020536,LaDainian Tomlinson,RB,2009,15,181.8,12.120000000000001
00-0026204,Kevin Smith,RB,2009,13,181.6,13.96923076923077
00-0023544,Marion Barber,RB,2009,17,181.1,10.652941176470588
00-0023564,Darren Sproles,RB,2009,17,180.3,10.605882352941178
00-0024359,Jerome Harrison,RB,2009,14,180.20000000000002,12.871428571428572
00-0012478,Terrell Owens,WR,2009,16,179.3,11.20625
00-0020494,Santana Moss,WR,2009,16,177.0,11.0625
00-0022178,Willis McGahee,RB,2009,17,176.8,10.4
00-0023440,Cadillac Williams,RB,2009,16,174.5,10.90625
00-0026231,Jermichael Finley,TE,2009,13,172.5,13.26923076923077
00-0025418,Greg Olsen,TE,2009,16,169.2,10.575
00-0026235,Mario Manningham,WR,2009,14,167.2,11.942857142857141
00-0026373,Justin Forsett,RB,2009,16,165.9,10.36875
00-0026898,Mark Sanchez,QB,2009,18,165.72,9.206666666666667
00-0023438,Braylon Edwards,WR,2009,19,164.6,8.663157894736841
00-0023662,Matt Cassel,QB,2009,15,164.56,10.970666666666666
00-0025425,Zach Miller,TE,2009,15,164.5,10.966666666666667
00-0022807,Bernard Berrian,WR,2009,18,164.20000000000002,9.122222222222224
00-0027005,Hakeem Nicks,WR,2009,14,162.8,11.62857142857143
00-0027029,LeSean McCoy,RB,2009,17,162.8,9.576470588235296
00-0026229,Steve Slaton,RB,2009,11,161.4,14.672727272727274
00-0007091,Matt Hasselbeck,QB,2009,14,161.06,11.504285714285714
00-0026000,Davone Bess,WR,2009,16,160.9,10.05625
00-0027007,Chris Wells,RB,2009,18,159.4,8.855555555555556
00-0021999,Nate Burleson,WR,2009,13,158.6,12.2
00-0026170,Dustin Keller,TE,2009,19,158.0,8.31578947368421
00-0025637,Ahmad Bradshaw,RB,2009,15,157.5,10.5
00-0020516,Todd Heap,TE,2009,18,156.0,8.666666666666666
00-0023545,Brandon Jacobs,RB,2009,15,153.9,10.26
00-0026901,Mike Wallace,WR,2009,16,153.4,9.5875
00-0026162,Felix Jones,RB,2009,16,152.3,9.51875
00-0022821,Michael Turner,RB,2009,11,151.60000000000002,13.781818181818183
00-0026178,John Carlson,TE,2009,16,150.4,9.4
00-0024272,Devin Hester,WR,2009,13,148.60000000000002,11.430769230769233
00-0022840,Julius Jones,RB,2009,14,148.5,10.607142857142858
00-0022909,Roy Williams,WR,2009,17,148.5,8.735294117647058
00-0020446,Chris Chambers,WR,2009,16,148.0,9.25
00-0021148,Jeremy Shockey,TE,2009,16,147.7,9.23125
00-0022910,Lee Evans,WR,2009,16,147.2,9.2
00-0024236,Laurence Maroney,RB,2009,16,145.8,9.1125
00-0023436,Alex Smith,QB,2009,11,145.5,13.227272727272727
00-0026197,Chad Henne,QB,2009,14,144.32,10.308571428571428
00-0022766,Patrick Crayton,WR,2009,18,142.1,7.894444444444444
00-0021314,Chester Taylor,RB,2009,18,141.6,7.866666666666666
00-0023367,Nate Washington,WR,2009,16,141.4,8.8375
00-0018958,Laveranues Coles,WR,2009,16,140.2,8.7625
00-0026210,Earl Bennett,WR,2009,16,139.7,8.73125
00-0023437,Ronnie Brown,RB,2009,9,139.48000000000002,15.49777777777778
00-0021163,Jabar Gaffney,WR,2009,16,139.2,8.7
00-0024218,Vince Young,QB,2009,12,137.26,11.438333333333333
00-0026173,Donnie Avery,WR,2009,16,136.9,8.55625
00-0026188,Fred Davis,TE,2009,15,134.9,8.993333333333334
00-0022414,Malcom Floyd,WR,2009,17,134.6,7.917647058823529
00-0005091,Kevin Faulk,RB,2009,16,133.5,8.34375
00-0025540,Kevin Boss,TE,2009,15,130.3,8.686666666666667
00-0025410,Dwayne Bowe,WR,2009,11,129.9,11.80909090909091
00-0026314,Josh Morgan,WR,2009,15,128.8,8.586666666666668
00-0021931,Kevin Walter,WR,2009,14,128.70000000000002,9.192857142857145
00-0027006,Kenny Britt,WR,2009,15,128.1,8.54
00-0026913,Johnny Knox,WR,2009,15,127.7,8.513333333333334
00-0026498,Matthew Stafford,QB,2009,10,125.48,12.548
00-0024324,Jason Avant,WR,2009,17,124.9,7.347058823529412
00-0021191,Antonio Bryant,WR,2009,13,123.0,9.461538461538462
00-0024313,Owen Daniels,TE,2009,8,121.9,15.2375
00-0020270,Correll Buckhalter,RB,2009,14,121.2,8.657142857142857
00-0007681,Torry Holt,WR,2009,15,121.2,8.08
00-0026986,Michael Crabtree,WR,2009,11,120.5,10.954545454545455
00-0025465,James Jones,WR,2009,17,120.0,7.0588235294117645
00-0022781,Michael Jenkins,WR,2009,15,119.5,7.966666666666667
00-0026237,Andre Caldwell,WR,2009,17,118.9,6.9941176470588236
00-0011795,Muhsin Muhammad,WR,2009,14,117.10000000000001,8.364285714285716
00-0027089,Louis Murphy,WR,2009,16,113.2,7.075
00-0027026,Mohamed Massaquoi,WR,2009,16,112.10000000000001,7.0062500000000005
00-0025460,Jacoby Jones,WR,2009,14,108.9,7.778571428571429
00-0027077,Brian Hartline,WR,2009,16,108.5,6.78125
00-0027076,Mike Thomas,WR,2009,14,107.8,7.7
00-0023408,Greg Camarillo,WR,2009,16,105.2,6.575
00-0026899,Shonn Greene,RB,2009,16,103.9,6.49375
00-0021190,Antwaan Randle El,WR,2009,16,103.0,6.4375
00-0027150,Julian Edelman,WR,2009,11,101.8,9.254545454545454
00-0025399,Marshawn Lynch,RB,2009,13,100.9,7.761538461538462
00-0022943,Benjamin Watson,TE,2009,14,100.7,7.192857142857143
00-0025487,Michael Bush,RB,2009,15,100.4,6.693333333333333
00-0021192,Deion Branch,WR,2009,14,99.9,7.135714285714286
00-0021182,Maurice Morris,RB,2009,14,99.4,7.1000000000000005
00-0023457,Mark Clayton,WR,2009,15,98.3,6.553333333333333
00-0024011,Mike Bell,RB,2009,15,98.10000000000001,6.540000000000001
00-0022156,Bryant Johnson,WR,2009,16,96.6,6.0375
00-0024243,Marcedes Lewis,TE,2009,15,95.80000000000001,6.386666666666668
00-0022093,Justin Fargas,RB,2009,12,95.4,7.95
00-0026262,Tashard Choice,RB,2009,17,95.0,5.588235294117647
00-0026993,Josh Freeman,QB,2009,10,94.58,9.458
00-0022770,Derrick Ward,RB,2009,14,94.4,6.742857142857143
00-0025396,Ted Ginn,WR,2009,16,94.2,5.8875
00-0023612,Bo Scaife,TE,2009,13,93.0,7.153846153846154
00-0022171,Kelley Washington,WR,2009,16,91.3,5.70625
00-0023682,Ryan Fitzpatrick,QB,2009,10,88.98,8.898
00-0023512,Ryan Moats,RB,2009,12,88.60000000000001,7.383333333333334
00-0022144,Bobby Wade,WR,2009,12,86.8,7.233333333333333
00-0021216,Brian Westbrook,RB,2009,9,86.2,9.577777777777778
00-0026221,Early Doucet,WR,2009,11,84.9,7.718181818181819
00-0024301,David Thomas,TE,2009,16,84.7,5.29375
00-0024276,Tony Scheffler,TE,2009,15,84.60000000000001,5.640000000000001
00-0021982,Justin Gage,WR,2009,12,84.30000000000001,7.025000000000001
00-0019484,Sammy Morris,RB,2009,13,84.3,6.484615384615385
00-0027003,Donald Brown,RB,2009,14,84.2,6.014285714285714
00-0025409,Brady Quinn,QB,2009,10,84.16,8.416
00-0026035,Danny Amendola,WR,2009,14,81.4,5.814285714285715
00-0026144,Darren McFadden,RB,2009,12,81.10000000000001,6.758333333333334
00-0021357,Rock Cartwright,RB,2009,16,80.0,5.0
00-0004161,Jake Delhomme,QB,2009,11,78.60000000000001,7.145454545454546
00-0023176,Josh Cribbs,WR,2009,16,78.32000000000001,4.8950000000000005
00-0026996,Brandon Pettigrew,TE,2009,10,78.2,7.82
00-0024447,Devin Aromashodu,WR,2009,7,77.80000000000001,11.114285714285716
00-0026366,Chaz Schilens,WR,2009,8,77.5,9.6875
00-0021976,Larry Johnson,RB,2009,14,77.2,5.514285714285714
00-0021756,Will Heller,TE,2009,16,76.60000000000001,4.7875000000000005
00-0015754,Brandon Stokley,WR,2009,11,75.7,6.881818181818182
00-0026174,Devin Thomas,WR,2009,13,75.3,5.792307692307692
00-0024465,David Anderson,WR,2009,16,75.0,4.6875
00-0019650,Dennis Northcutt,WR,2009,16,74.80000000000001,4.675000000000001
00-0025622,Chansi Stuckey,WR,2009,14,74.4,5.314285714285715
00-0022738,Chris Cooley,TE,2009,7,74.2,10.6
00-0021179,Clinton Portis,RB,2009,8,74.1,9.2625
00-0026176,Jordy Nelson,WR,2009,14,74.0,5.285714285714286
00-0021236,Randy McMichael,TE,2009,16,73.2,4.575
00-0024268,Anthony Fasano,TE,2009,14,72.9,5.207142857142857
00-0026937,Brandon Gibson,WR,2009,9,72.80000000000001,8.08888888888889
00-0025450,Brandon Jackson,RB,2009,13,72.3,5.561538461538461
00-0026182,Eddie Royal,WR,2009,14,71.60000000000001,5.114285714285715
00-0023474,Mark Bradley,WR,2009,12,71.03999999999999,5.919999999999999
00-0026953,Sammie Stroughter,WR,2009,13,70.4,5.415384615384616
00-0025708,Matt Moore,QB,2009,7,69.82000000000001,9.974285714285715
00-0025542,Dante Rosario,TE,2009,14,69.3,4.95
00-0019693,Jamal Lewis,RB,2009,9,68.8,7.644444444444444
00-0021184,Ladell Betts,RB,2009,10,67.9,6.790000000000001
00-0025479,Trent Edwards,QB,2009,8,67.36,8.42
00-0021929,Donald Lee,TE,2009,16,67.3,4.20625
00-0019599,Marc Bulger,QB,2009,9,66.96000000000001,7.440000000000001
00-0024294,Jerious Norwood,RB,2009,10,66.80000000000001,6.6800000000000015
00-0024305,Maurice Stovall,WR,2009,13,66.60000000000001,5.1230769230769235
00-0021915,Sam Aiken,WR,2009,13,66.10000000000001,5.084615384615385
00-0022217,Mewelde Moore,RB,2009,16,64.34,4.02125
00-0023752,Daniel Fells,TE,2009,14,64.3,4.5928571428571425
00-0022092,Chris Brown,RB,2009,14,64.10000000000001,4.578571428571429
00-0023630,Joel Dreessen,TE,2009,14,64.0,4.571428571428571
00-0024369,Jeff King,TE,2009,16,63.00000000000001,3.9375000000000004
00-0022484,J.P. Foschi,TE,2009,16,63.0,3.9375
00-0024408,Bruce Gradkowski,QB,2009,7,62.96,8.994285714285715
00-0021154,Daniel Graham,TE,2009,15,62.9,4.193333333333333
00-0025439,Brian Leonard,RB,2009,15,62.8,4.1866666666666665
00-0021166,Josh Reed,WR,2009,13,62.1,4.776923076923077
00-0025559,Legedu Naanee,WR,2009,14,61.739999999999995,4.409999999999999
00-0003292,Kerry Collins,QB,2009,7,60.5,8.642857142857142
00-0026191,Malcolm Kelly,WR,2009,15,59.7,3.98
00-0024332,Leon Washington,RB,2009,7,59.1,8.442857142857143
00-0026796,Arian Foster,RB,2009,5,59.0,11.8
00-0020679,Shaun Hill,QB,2009,6,58.72,9.786666666666667
00-0024460,Quinton Ganther,RB,2009,8,56.800000000000004,7.1000000000000005
00-0022250,Willie Parker,RB,2009,13,55.3,4.253846153846154
00-0027125,Zach Miller,TE,2009,13,54.5,4.1923076923076925
00-0020285,Alge Crumpler,TE,2009,14,53.2,3.8000000000000003
00-0016098,Fred Taylor,RB,2009,7,52.7,7.528571428571429
00-0027155,Rashad Jennings,RB,2009,15,52.3,3.4866666666666664
00-0023310,Lance Moore,WR,2009,9,51.5,5.722222222222222
00-0026268,Keenan Burton,WR,2009,9,50.3,5.588888888888889
00-0023518,Chris Henry,WR,2009,8,47.6,5.95
00-0025486,Johnnie Lee Higgins,WR,2009,15,47.400000000000006,3.1600000000000006
00-0027048,Glen Coffee,RB,2009,13,47.2,3.630769230769231
00-0026026,Joey Haynos,TE,2009,14,47.2,3.3714285714285714
00-0024318,Brad Smith,WR,2009,16,47.08,2.9425
00-0022725,Michael Clayton,WR,2009,12,47.0,3.9166666666666665
00-0003739,Daunte Culpepper,QB,2009,8,46.9,5.8625
00-0002099,Isaac Bruce,WR,2009,9,46.6,5.177777777777778
00-0025602,Ben Patrick,TE,2009,9,45.800000000000004,5.0888888888888895
00-0024389,Delanie Walker,TE,2009,16,45.7,2.85625
00-0003035,Desmond Clark,TE,2009,10,45.5,4.55
00-0014655,Mike Sellers,TE,2009,15,44.6,2.9733333333333336
00-0025423,Kevin Kolb,QB,2009,3,44.14,14.713333333333333
00-0026941,Bernard Scott,RB,2009,11,43.800000000000004,3.9818181818181824
00-0024287,Leonard Pope,TE,2009,12,43.4,3.6166666666666667
00-0022055,Seneca Wallace,QB,2009,13,43.099999999999994,3.315384615384615
00-0025633,Kenneth Darby,RB,2009,15,42.8,2.853333333333333
00-0027167,Chris Jennings,RB,2009,9,42.6,4.733333333333333
00-0025432,Dwayne Jarrett,WR,2009,10,42.6,4.26
00-0026121,Lynell Hamilton,RB,2009,10,42.5,4.25
00-0021647,Jerheme Urban,WR,2009,11,42.300000000000004,3.8454545454545457
00-0019709,Chris Redman,QB,2009,5,41.64,8.328
00-0021213,Chris Baker,TE,2009,13,41.4,3.1846153846153844
00-0001477,Marty Booker,WR,2009,12,40.8,3.4
00-0026300,Josh Johnson,QB,2009,5,40.2,8.040000000000001
00-0019281,Mike Furrey,WR,2009,16,40.0,2.5
00-0024345,Domenik Hixon,WR,2009,13,39.7,3.053846153846154
00-0022164,Kyle Boller,QB,2009,7,39.56,5.651428571428572
00-0022817,Sean Ryan,TE,2009,8,39.5,4.9375
00-0025544,David Clowney,WR,2009,12,39.2,3.266666666666667
00-0027088,Shawn Nelson,TE,2009,11,37.7,3.4272727272727277
00-0025934,Lance Long,WR,2009,8,37.7,4.7125
00-0024260,LenDale White,RB,2009,13,36.6,2.8153846153846156
00-0026201,Martellus Bennett,TE,2009,14,36.6,2.6142857142857143
00-0027129,Aaron Brown,RB,2009,15,36.5,2.433333333333333
00-0026281,Gary Barnidge,TE,2009,13,36.2,2.784615384615385
00-0025462,Laurent Robinson,WR,2009,3,35.7,11.9
00-0021227,Justin Peelle,TE,2009,11,35.5,3.227272727272727
00-0022011,Justin Griffith,RB,2009,13,35.4,2.723076923076923
00-0026298,Kellen Davis,TE,2009,6,34.5,5.75
00-0022177,Byron Leftwich,QB,2009,3,34.36000000000001,11.453333333333335
00-0023645,Derek Anderson,QB,2009,8,34.32,4.29
00-0025388,JaMarcus Russell,QB,2009,12,34.1,2.841666666666667
00-0021159,Jerramy Stevens,TE,2009,15,34.0,2.2666666666666666
00-0020245,Mike Vick,QB,2009,13,33.980000000000004,2.613846153846154
00-0027063,Deon Butler,WR,2009,14,32.5,2.3214285714285716
00-0021755,Earnest Graham,RB,2009,11,31.5,2.8636363636363638
00-0026956,LaRod Stephens-Howling,RB,2009,18,30.900000000000002,1.7166666666666668
00-0024326,Demetrius Williams,WR,2009,8,30.400000000000002,3.8000000000000003
00-0021273,Robert Royal,TE,2009,10,30.4,3.04
00-0025463,Jason Hill,WR,2009,10,30.0,3.0
00-0022901,Ernest Wilford,WR,2009,12,29.3,2.441666666666667
00-0026983,Darrius Heyward-Bey,WR,2009,11,29.3,2.6636363636363636
00-0024607,Daniel Coats,TE,2009,13,29.0,2.230769230769231
00-0021525,Casey Fitzsimmons,TE,2009,11,28.8,2.618181818181818
00-0024535,Eric Weems,WR,2009,16,28.3,1.76875
00-0022288,Jason Wright,RB,2009,16,28.3,1.76875
00-0026123,Evan Moore,TE,2009,5,27.8,5.5600000000000005
00-0006305,Ahman Green,RB,2009,8,27.3,3.4125
00-0026342,Mike Hart,RB,2009,8,27.1,3.3875
00-0025997,Chad Simpson,RB,2009,17,25.3,1.488235294117647
00-0023953,Sam Hurd,WR,2009,12,25.099999999999998,2.0916666666666663
00-0024561,Marcus Mason,RB,2009,9,24.5,2.7222222222222223
00-0023470,Reggie Brown,WR,2009,10,24.2,2.42
00-0024297,Derek Hagan,WR,2009,13,24.1,1.853846153846154
00-0026019,Danny Woodhead,RB,2009,8,24.0,3.0
00-0022746,Jeff Dugan,TE,2009,10,23.900000000000002,2.39
00-0021508,Greg Lewis,WR,2009,8,23.6,2.95
00-0026579,Kahlil Bell,RB,2009,7,23.4,3.3428571428571425
00-0023502,Charlie Frye,QB,2009,3,23.34,7.78
00-0019127,Todd Yoder,TE,2009,6,22.9,3.8166666666666664
00-0005231,Brian Finneran,WR,2009,10,22.1,2.21
00-0020608,David Carr,QB,2009,6,21.7,3.6166666666666667
00-0009323,Jimmy Kleinsasser,TE,2009,14,21.6,1.542857142857143
00-0024846,Gary Russell,RB,2009,12,21.6,1.8
00-0007213,Steve Heiden,TE,2009,7,21.3,3.042857142857143
00-0025480,Garrett Wolfe,RB,2009,8,21.2,2.65
00-0022714,Kris Wilson,TE,2009,8,21.1,2.6375
00-0026216,Brad Cottam,TE,2009,6,21.0,3.5
00-0027139,John Phillips,TE,2009,10,20.3,2.0300000000000002
00-0022097,Brandon Lloyd,WR,2009,2,19.7,9.85
00-0025609,Derek Schouman,TE,2009,2,19.3,9.65
00-0026209,Jacob Hester,RB,2009,14,19.3,1.3785714285714286
00-0020514,Michael Bennett,RB,2009,5,19.0,3.8
00-0026790,Tyrell Sutton,RB,2009,6,19.0,3.1666666666666665
00-0019457,Anthony Becht,TE,2009,12,18.900000000000002,1.5750000000000002
00-0026780,Kevin Ogletree,WR,2009,11,18.700000000000003,1.7000000000000002
00-0026266,Lavelle Hawkins,WR,2009,8,18.0,2.25
00-0026100,Nate Hughes,WR,2009,6,18.0,3.0
00-0020268,Tony Stewart,TE,2009,14,17.8,1.2714285714285716
00-0027012,Brian Robiskie,WR,2009,8,17.6,2.2
00-0008241,Edgerrin James,RB,2009,7,17.400000000000002,2.485714285714286
00-0023679,Billy Bajema,TE,2009,10,17.4,1.7399999999999998
00-0026367,Peyton Hillis,RB,2009,11,17.3,1.5727272727272728
00-0024300,Brodie Croyle,QB,2009,3,17.2,5.733333333333333
00-0024432,Todd Watkins,WR,2009,9,17.0,1.8888888888888888
00-0022706,Michael Gaines,TE,2009,7,16.9,2.414285714285714
00-0026336,Tom Santi,TE,2009,3,16.7,5.566666666666666
00-0027105,Jarett Dillard,WR,2009,5,16.6,3.3200000000000003
00-0026453,Dantrell Savage,RB,2009,5,16.599999999999998,3.3199999999999994
00-0026296,Dennis Dixon,QB,2009,1,16.5,16.5
00-0027061,Jared Cook,TE,2009,8,16.4,2.05
00-0022421,Ruvell Martin,WR,2009,6,15.9,2.65
00-0024559,D.J. Ware,RB,2009,6,15.8,2.6333333333333333
00-0026272,Derek Fine,TE,2009,8,15.4,1.925
00-0024529,Gijon Robinson,TE,2009,11,15.200000000000001,1.3818181818181818
00-0027131,Keith Null,QB,2009,4,14.920000000000002,3.7300000000000004
00-0026716,Quan Cosby,WR,2009,17,14.899999999999999,0.876470588235294
00-0025860,BenJarvus Green-Ellis,RB,2009,7,14.5,2.0714285714285716
00-0026625,Brian Hoyer,QB,2009,4,14.18,3.545
00-0005720,Joey Galloway,WR,2009,3,13.700000000000001,4.566666666666667
00-0022001,Kevin Curtis,WR,2009,3,13.7,4.566666666666666
00-0027070,Travis Beckum,TE,2009,8,13.5,1.6875
00-0025464,Matt Spaeth,TE,2009,9,13.5,1.5
00-0024225,Matt Leinart,QB,2009,9,13.240000000000002,1.4711111111111113
00-0019559,Chad Pennington,QB,2009,3,13.219999999999999,4.406666666666666
00-0020550,Darnell Dinkins,TE,2009,6,13.2,2.1999999999999997
00-0023790,Brian Clark,WR,2009,10,12.5,1.25
00-0027109,James Casey,TE,2009,7,12.400000000000002,1.7714285714285718
00-0026757,Kory Sperry,TE,2009,4,12.1,3.025
00-0026276,Kenny Moore,WR,2009,11,11.9,1.0818181818181818
00-0021175,Andre Davis,WR,2009,13,11.9,0.9153846153846155
00-0025417,Craig Davis,WR,2009,1,11.600000000000001,11.600000000000001
00-0027056,Derrick Williams,WR,2009,9,11.6,1.2888888888888888
00-0004915,Bobby Engram,WR,2009,3,11.100000000000001,3.7000000000000006
00-0024279,Tarvaris Jackson,QB,2009,8,11.04,1.38
00-0022388,Terrance Copper,WR,2009,12,10.8,0.9
00-0024738,Eldra Buckley,RB,2009,10,10.4,1.04
00-0019041,Billy Volek,QB,2009,4,10.340000000000002,2.5850000000000004
00-0025841,Louis Rankin,RB,2009,9,9.9,1.1
00-0015601,Aaron Stecker,RB,2009,5,9.9,1.98
00-0025578,Korey Hall,RB,2009,7,9.1,1.3
00-0022064,Arnaz Battle,WR,2009,14,9.0,0.6428571428571429
00-0024172,Patrick Cobbs,RB,2009,5,8.9,1.78
00-0025864,Jonathan Stupar,TE,2009,9,8.9,0.9888888888888889
00-0024259,Sinorice Moss,WR,2009,5,8.8,1.7600000000000002
00-0020462,LaMont Jordan,RB,2009,7,8.600000000000001,1.2285714285714289
00-0023784,Greg Estandia,TE,2009,6,8.5,1.4166666666666667
00-0023429,Rashied Davis,WR,2009,13,8.5,0.6538461538461539
00-0024013,Hank Baskett,WR,2009,6,8.4,1.4000000000000001
00-0021306,Adrian Peterson,RB,2009,11,8.200000000000001,0.7454545454545456
00-0023797,Darcy Johnson,TE,2009,5,8.2,1.64
00-0027020,Pat White,QB,2009,10,8.100000000000001,0.8100000000000002
00-0024463,Ben Obomanu,WR,2009,12,8.100000000000001,0.6750000000000002
00-0023074,Samkon Gado,RB,2009,13,8.1,0.6230769230769231
00-0025561,Troy Smith,QB,2009,3,8.06,2.686666666666667
00-0027140,Chris Ogbonnaya,RB,2009,2,7.9,3.95
00-0023108,Stephen Spach,TE,2009,6,7.800000000000001,1.3
00-0023506,Alex Smith,TE,2009,7,7.300000000000001,1.042857142857143
00-0026959,Marko Mitchell,WR,2009,4,7.2,1.8
00-0022847,Ben Hartsock,TE,2009,10,7.2,0.72
00-0023490,Roscoe Parrish,WR,2009,12,6.8,0.5666666666666667
00-0026267,Jacob Tamme,TE,2009,13,6.5,0.5
00-0027080,Mike Goodson,RB,2009,7,6.4,0.9142857142857144
00-0020342,Brandon Manumaleuna,TE,2009,8,6.300000000000001,0.7875000000000001
00-0020805,Jason McKie,RB,2009,9,6.3,0.7
00-0025535,Kolby Smith,RB,2009,4,6.2,1.55
00-0027130,James Davis,RB,2009,2,6.0,3.0
00-0027135,Brandon Myers,TE,2009,9,5.9,0.6555555555555556
00-0025615,DeShawn Wynn,RB,2009,3,5.800000000000001,1.9333333333333336
00-0003315,Todd Collins,QB,2009,3,5.76,1.92
00-0025430,Drew Stanton,QB,2009,3,5.66,1.8866666666666667
00-0021304,John Gilmore,TE,2009,7,5.3,0.7571428571428571
00-0025955,Albert Young,RB,2009,3,5.3,1.7666666666666666
00-0025490,Isaiah Stanback,WR,2009,4,5.2,1.3
00-0024264,Kellen Clemens,QB,2009,6,5.1000000000000005,0.8500000000000001
00-0022126,L.J. Smith,TE,2009,5,5.1,1.02
00-0027120,Javon Ringer,RB,2009,4,4.8,1.2
00-0021255,John Owens,TE,2009,6,4.6,0.7666666666666666
00-0023442,Troy Williamson,WR,2009,2,4.4,2.2
00-0027098,Gartrell Johnson,RB,2009,5,4.300000000000001,0.8600000000000001
00-0024171,Wallace Wright,WR,2009,17,4.1,0.24117647058823527
00-0023251,Kyle Eckel,RB,2009,3,4.0,1.3333333333333333
00-0025701,Jackie Battle,RB,2009,5,3.8000000000000003,0.76
00-0025604,Tyler Thigpen,QB,2009,2,3.6200000000000006,1.8100000000000003
00-0026364,Steve Johnson,WR,2009,3,3.0,1.0
00-0026957,David Johnson,TE,2009,5,2.9,0.58
00-0023531,Brandon Jones,WR,2009,7,2.8,0.39999999999999997
00-0021570,Kassim Osgood,WR,2009,11,2.7,0.24545454545454548
00-0027154,Jake O'Connell,TE,2009,4,2.7,0.675
00-0022101,Brian St. Pierre,QB,2009,1,2.6800000000000006,2.6800000000000006
00-0026902,Ramses Barden,WR,2009,1,2.6,2.6
00-0026562,Tyler Grisham,WR,2009,1,2.4000000000000004,2.4000000000000004
00-0026319,Xavier Omon,RB,2009,3,2.2,0.7333333333333334
00-0024261,Joe Klopfenstein,TE,2009,1,2.1,2.1
00-0026931,Bear Pascoe,TE,2009,2,1.9,0.95
00-0026181,James Hardy,WR,2009,1,1.9,1.9
00-0026908,Anthony Hill,TE,2009,2,1.9,0.95
00-0022882,Mark Jones,WR,2009,3,1.9,0.6333333333333333
00-0026333,Jaymar Johnson,WR,2009,5,1.9,0.38
00-0002110,Mark Brunell,QB,2009,4,1.78,0.445
00-0026316,Jalen Parmele,RB,2009,8,1.7000000000000002,0.21250000000000002
00-0023210,Tory Humphrey,TE,2009,1,1.7000000000000002,1.7000000000000002
00-0021174,Tim Carter,WR,2009,2,1.6,0.8
00-0026753,Charly Martin,WR,2009,5,1.6,0.32
00-0023503,Courtney Roby,WR,2009,18,1.6,0.08888888888888889
00-0026196,Brian Brohm,QB,2009,2,1.5399999999999998,0.7699999999999999
00-0025461,Yamon Figurs,WR,2009,3,1.5000000000000002,0.5000000000000001
00-0026491,Stefan Logan,WR,2009,16,1.5,0.09375
00-0025597,Jordan Kent,WR,2009,3,1.5,0.5
00-0022277,John Standeford,WR,2009,1,1.5,1.5
00-0026193,Limas Sweed,WR,2009,4,1.5,0.375
00-0022434,Carey Davis,RB,2009,4,1.5,0.375
00-0027157,Dan Gronkowski,TE,2009,1,1.4,1.4
00-0026132,Matt Lawrence,RB,2009,6,1.4,0.2333333333333333
00-0026658,Zach Potter,TE,2009,1,1.3,1.3
00-0026963,Cameron Morrah,TE,2009,1,1.3,1.3
00-0026669,Colin Cloherty,TE,2009,1,1.2,1.2
00-0026008,Matthew Mulligan,TE,2009,2,1.2,0.6
00-0026113,Clifton Smith,RB,2009,10,1.1,0.11000000000000001
00-0027057,Brandon Tate,WR,2009,2,1.1,0.55
00-0000865,Charlie Batch,QB,2009,1,0.68,0.68
00-0026293,Matthew Slater,WR,2009,9,0.6000000000000001,0.06666666666666668
00-0027141,Javarris Williams,RB,2009,3,0.6,0.19999999999999998
00-0026769,Kory Sheets,RB,2009,1,0.5,0.5
00-0023968,Micheal Spurlock,WR,2009,4,0.30000000000000004,0.07500000000000001
00-0024824,Matt Gutierrez,QB,2009,1,0.12,0.12
00-0024103,Montell Owens,RB,2009,12,0.10000000000000003,0.008333333333333337
00-0021206,Josh McCown,QB,2009,1,0.08,0.08
00-0022864,Luke McCown,QB,2009,2,0.08,0.04
00-0027040,Richard Quinn,TE,2009,4,0.0,0.0
00-0027102,Kenny McKinley,WR,2009,6,0.0,0.0
00-0026396,Maurice Purify,WR,2009,4,0.0,0.0
00-0026904,Juaquin Iglesias,WR,2009,1,0.0,0.0
00-0026186,Jerome Simpson,WR,2009,2,0.0,0.0
00-0025951,Darius Reynaud,RB,2009,13,0.0,0.0
00-0022912,J.P. Losman,QB,2009,1,0.0,0.0
00-0026353,Chauncey Washington,RB,2009,1,0.0,0.0
00-0026607,Brock Bolen,RB,2009,3,0.0,0.0
00-0025641,Jonathan Holland,WR,2009,9,0.0,0.0
00-0026225,Craig Stevens,TE,2009,8,0.0,0.0
00-0024756,Matt Willis,WR,2009,1,0.0,0.0
00-0011641,Sean Morey,WR,2009,11,0.0,0.0
00-0026022,Jake Allen,WR,2009,1,0.0,0.0
00-0021153,Javon Walker,WR,2009,1,0.0,0.0
00-0022613,Glenn Martinez,WR,2009,7,0.0,0.0
00-0023788,Buck Ortega,TE,2009,1,0.0,0.0
00-0024682,Michael Matthews,TE,2009,2,0.0,0.0
00-0004112,James Dearth,TE,2009,1,0.0,0.0
00-0023561,Alvin Pearman,RB,2009,5,0.0,0.0
00-0021927,David Tyree,WR,2009,9,0.0,0.0
00-0024398,Adam Jennings,WR,2009,1,0.0,0.0
00-0025437,Chris Henry,RB,2009,1,0.0,0.0
00-0026819,Kareem Huggins,RB,2009,3,0.0,0.0
00-0026357,Brett Swain,WR,2009,4,0.0,0.0
00-0027059,Patrick Turner,WR,2009,1,0.0,0.0
00-0026372,Keith Zinger,TE,2009,2,0.0,0.0
00-0025992,Samuel Giguere,WR,2009,1,0.0,0.0
00-0026355,Justin Harper,WR,2009,1,0.0,0.0
00-0025636,Derek Stanley,WR,2009,2,0.0,0.0
00-0026349,Matt Flynn,QB,2009,4,-0.17999999999999972,-0.04499999999999993
00-0022121,Rex Grossman,QB,2009,1,-0.17999999999999994,-0.17999999999999994
00-0022296,Justin Jenkins,WR,2009,7,-0.30000000000000004,-0.042857142857142864
00-0021296,J.T. O'Sullivan,QB,2009,3,-1.2,-0.39999999999999997
00-0025970,Caleb Hanie,QB,2009,2,-1.56,-0.78
00-0005755,Jeff Garcia,QB,2009,1,-2.2,-2.2
00-0022005,Chris Simms,QB,2009,3,-3.48,-1.16
00-0027134,Curtis Painter,QB,2009,2,-4.28,-2.14
00-0022921,Larry Fitzgerald,WR,2008,20,438.0,21.9
00-0017200,Kurt Warner,QB,2008,20,346.46,17.323
00-0022044,Andre Johnson,WR,2008,16,320.5,20.03125
00-0024242,DeAngelo Williams,RB,2008,17,315.8,18.576470588235296
00-0022942,Philip Rivers,QB,2008,18,308.86,17.15888888888889
00-0021216,Brian Westbrook,RB,2008,17,306.6,18.03529411764706
00-0026184,Matt Forte,RB,2008,16,305.5,19.09375
00-0020531,Drew Brees,QB,2008,16,302.66,18.91625
00-0022084,Anquan Boldin,WR,2008,15,298.5,19.9
00-0011022,Donovan McNabb,QB,2008,19,298.04,15.686315789473685
00-0023462,Roddy White,WR,2008,17,292.0,17.176470588235293
00-0023459,Aaron Rodgers,QB,2008,16,290.22,18.13875
00-0022821,Michael Turner,RB,2008,17,289.90000000000003,17.05294117647059
00-0020536,LaDainian Tomlinson,RB,2008,17,285.6,16.8
00-0025394,Adrian Peterson,RB,2008,17,281.5,16.558823529411764
00-0025389,Calvin Johnson,WR,2008,16,281.0,17.5625
00-0024275,Maurice Jones-Drew,RB,2008,16,280.90000000000003,17.556250000000002
00-0024226,Jay Cutler,QB,2008,16,277.0,17.3125
00-0019641,Thomas Jones,RB,2008,16,275.9,17.24375
00-0026229,Steve Slaton,RB,2008,16,271.90000000000003,16.993750000000002
00-0010346,Peyton Manning,QB,2008,17,270.48,15.910588235294119
00-0020337,Steve Smith,WR,2008,15,270.0,18.0
00-0026164,Chris Johnson,RB,2008,16,266.8,16.675
00-0024267,Greg Jennings,WR,2008,16,265.2,16.575
00-0006101,Tony Gonzalez,TE,2008,16,261.8,16.3625
00-0024334,Brandon Marshall,WR,2008,15,260.1,17.34
00-0020498,Reggie Wayne,WR,2008,17,257.40000000000003,15.141176470588237
00-0017162,Hines Ward,WR,2008,19,254.5,13.394736842105264
00-0010500,Derrick Mason,WR,2008,19,251.00000000000003,13.210526315789474
00-0021191,Antonio Bryant,WR,2008,15,250.0,16.666666666666668
00-0022427,Wes Welker,WR,2008,16,249.1,15.56875
00-0021179,Clinton Portis,RB,2008,16,246.5,15.40625
00-0023662,Matt Cassel,QB,2008,16,244.82,15.30125
00-0012478,Terrell Owens,WR,2008,16,235.5,14.71875
00-0025399,Marshawn Lynch,RB,2008,15,233.70000000000002,15.580000000000002
00-0011754,Randy Moss,WR,2008,16,231.8,14.4875
00-0023437,Ronnie Brown,RB,2008,17,231.44,13.614117647058823
00-0025410,Dwayne Bowe,WR,2008,16,230.2,14.3875
00-0023544,Marion Barber,RB,2008,15,230.2,15.346666666666666
00-0026182,Eddie Royal,WR,2008,15,229.9,15.326666666666666
00-0023310,Lance Moore,WR,2008,16,229.8,14.3625
00-0023496,Vincent Jackson,WR,2008,16,228.6,14.2875
00-0023500,Frank Gore,RB,2008,14,227.9,16.27857142857143
00-0022736,Steven Jackson,RB,2008,12,224.2,18.683333333333334
00-0019559,Chad Pennington,QB,2008,17,224.0,13.176470588235293
00-0025529,Steve Breaston,WR,2008,20,223.10000000000002,11.155000000000001
00-0020494,Santana Moss,WR,2008,15,220.1,14.673333333333334
00-0025604,Tyler Thigpen,QB,2008,14,217.62,15.544285714285715
00-0021231,David Garrard,QB,2008,16,217.4,13.5875
00-0022924,Ben Roethlisberger,QB,2008,19,216.34,11.386315789473684
00-0023545,Brandon Jacobs,RB,2008,14,215.70000000000002,15.407142857142858
00-0026189,DeSean Jackson,WR,2008,19,214.70000000000002,11.3
00-0024240,Santonio Holmes,WR,2008,18,214.3,11.905555555555557
00-0026204,Kevin Smith,RB,2008,16,211.10000000000002,13.193750000000001
00-0020438,T.J. Houshmandzadeh,WR,2008,14,207.3,14.807142857142859
00-0022165,Dallas Clark,TE,2008,16,207.0,12.9375
00-0026143,Matt Ryan,QB,2008,17,206.56,12.150588235294117
00-0026158,Joe Flacco,QB,2008,19,206.22000000000003,10.853684210526318
00-0022770,Derrick Ward,RB,2008,17,205.9,12.111764705882353
00-0004541,Donald Driver,WR,2008,16,205.6,12.85
00-0021678,Tony Romo,QB,2008,13,204.02,15.693846153846154
00-0021547,Antonio Gates,TE,2008,18,204.0,11.333333333333334
00-0022127,Jason Witten,TE,2008,16,201.88,12.6175
00-0022803,Eli Manning,QB,2008,17,201.28,11.84
00-0021931,Kevin Walter,WR,2008,16,200.20000000000002,12.512500000000001
00-0023460,Jason Campbell,QB,2008,16,199.60000000000002,12.475000000000001
00-0018958,Laveranues Coles,WR,2008,16,197.9,12.36875
00-0011795,Muhsin Muhammad,WR,2008,17,195.8,11.51764705882353
00-0022807,Bernard Berrian,WR,2008,16,194.60000000000002,12.162500000000001
00-0026289,Tim Hightower,RB,2008,20,193.5,9.675
00-0005091,Kevin Faulk,RB,2008,15,193.22,12.881333333333334
00-0024813,Pierre Thomas,RB,2008,15,191.9,12.793333333333333
00-0005106,Brett Favre,QB,2008,16,191.38,11.96125
00-0022811,Jerricho Cotchery,WR,2008,16,187.60000000000002,11.725000000000001
00-0019863,Dominic Rhodes,RB,2008,16,186.20000000000002,11.637500000000001
00-0023564,Darren Sproles,RB,2008,18,185.8,10.322222222222223
00-0002099,Isaac Bruce,WR,2008,15,185.0,12.333333333333334
00-0022910,Lee Evans,WR,2008,16,184.9,11.55625
00-0023541,Kyle Orton,QB,2008,15,182.06,12.137333333333334
00-0024260,LenDale White,RB,2008,17,181.9,10.700000000000001
00-0022178,Willis McGahee,RB,2008,16,176.4,11.025
00-0022217,Mewelde Moore,RB,2008,19,175.8,9.25263157894737
00-0004161,Jake Delhomme,QB,2008,17,175.66,10.332941176470587
00-0024332,Leon Washington,RB,2008,16,175.3,10.95625
00-0025396,Ted Ginn,WR,2008,17,175.1,10.299999999999999
00-0022787,Matt Schaub,QB,2008,11,174.52,15.865454545454547
00-0021314,Chester Taylor,RB,2008,17,174.36,10.256470588235295
00-0022984,Ryan Grant,RB,2008,16,173.9,10.86875
00-0004640,Warrick Dunn,RB,2008,15,170.60000000000002,11.373333333333335
00-0022738,Chris Cooley,TE,2008,16,169.9,10.61875
00-0024217,Reggie Bush,RB,2008,10,168.4,16.84
00-0026153,Jonathan Stewart,RB,2008,17,168.3,9.9
00-0024313,Owen Daniels,TE,2008,16,166.20000000000002,10.387500000000001
00-0023438,Braylon Edwards,WR,2008,16,164.7,10.29375
00-0005755,Jeff Garcia,QB,2008,12,163.58,13.631666666666668
00-0023457,Mark Clayton,WR,2008,19,163.38,8.598947368421053
00-0025419,Anthony Gonzalez,WR,2008,17,163.1,9.594117647058823
00-0019693,Jamal Lewis,RB,2008,16,163.0,10.1875
00-0007681,Torry Holt,WR,2008,16,161.6,10.1
00-0021982,Justin Gage,WR,2008,12,158.6,13.216666666666667
00-0022781,Michael Jenkins,WR,2008,16,157.8,9.8625
00-0024294,Jerious Norwood,RB,2008,17,157.7,9.276470588235293
00-0024245,Joseph Addai,RB,2008,13,157.2,12.092307692307692
00-0007024,Marvin Harrison,WR,2008,16,156.6,9.7875
00-0003292,Kerry Collins,QB,2008,17,155.38,9.14
00-0025479,Trent Edwards,QB,2008,14,153.66,10.975714285714286
00-0024466,Marques Colston,WR,2008,10,153.0,15.3
00-0026173,Donnie Avery,WR,2008,15,152.3,10.153333333333334
00-0022250,Willie Parker,RB,2008,14,150.6,10.757142857142856
00-0023456,Matt Jones,WR,2008,12,149.0,12.416666666666666
00-0023465,Heath Miller,TE,2008,16,148.0,9.25
00-0026178,John Carlson,TE,2008,15,147.7,9.846666666666666
00-0017915,Ricky Williams,RB,2008,17,146.3,8.605882352941178
00-0019484,Sammy Morris,RB,2008,13,145.8,11.215384615384616
00-0022054,Visanthe Shiancoe,TE,2008,17,145.3,8.547058823529412
00-0021190,Antwaan Randle El,WR,2008,16,142.64000000000001,8.915000000000001
00-0024272,Devin Hester,WR,2008,15,142.6,9.506666666666666
00-0024204,Fred Jackson,RB,2008,15,140.70000000000002,9.38
00-0025425,Zach Miller,TE,2008,15,139.8,9.32
00-0020679,Shaun Hill,QB,2008,9,139.34,15.482222222222223
00-0021976,Larry Johnson,RB,2008,12,138.96,11.58
00-0025388,JaMarcus Russell,QB,2008,15,137.62,9.174666666666667
00-0025418,Greg Olsen,TE,2008,15,137.4,9.16
00-0023367,Nate Washington,WR,2008,17,136.20000000000002,8.011764705882355
00-0022144,Bobby Wade,WR,2008,17,134.9,7.935294117647059
00-0016550,Amani Toomer,WR,2008,16,134.6,8.4125
00-0022929,Devery Henderson,WR,2008,15,132.6,8.84
00-0023612,Bo Scaife,TE,2008,17,132.5,7.794117647058823
00-0020270,Correll Buckhalter,RB,2008,17,131.9,7.758823529411765
00-0020397,Chad Johnson,WR,2008,13,131.0,10.076923076923077
00-0008241,Edgerrin James,RB,2008,17,130.7,7.688235294117646
00-0020446,Chris Chambers,WR,2008,15,130.2,8.68
00-0026144,Darren McFadden,RB,2008,13,129.4,9.953846153846154
00-0023408,Greg Camarillo,WR,2008,11,128.4,11.672727272727274
00-0019599,Marc Bulger,QB,2008,15,126.88000000000001,8.458666666666668
00-0024345,Domenik Hixon,WR,2008,17,124.9,7.347058823529412
00-0026000,Davone Bess,WR,2008,17,124.1,7.3
00-0023682,Ryan Fitzpatrick,QB,2008,12,123.3,10.275
00-0023439,Cedric Benson,RB,2008,12,123.2,10.266666666666667
00-0025438,Steve Smith,WR,2008,17,122.10000000000001,7.182352941176471
00-0021166,Josh Reed,WR,2008,13,121.7,9.361538461538462
00-0024268,Anthony Fasano,TE,2008,14,121.4,8.671428571428573
00-0021755,Earnest Graham,RB,2008,10,120.82000000000001,12.082
00-0024276,Tony Scheffler,TE,2008,13,120.4,9.261538461538462
00-0015754,Brandon Stokley,WR,2008,15,119.8,7.986666666666666
00-0026170,Dustin Keller,TE,2008,16,119.50000000000001,7.468750000000001
00-0022766,Patrick Crayton,WR,2008,15,119.10000000000001,7.94
00-0022156,Bryant Johnson,WR,2008,13,117.60000000000001,9.046153846153846
00-0022001,Kevin Curtis,WR,2008,12,117.1,9.758333333333333
00-0025549,Brent Celek,TE,2008,14,116.9,8.35
00-0025540,Kevin Boss,TE,2008,13,115.60000000000001,8.892307692307693
00-0021647,Jerheme Urban,WR,2008,18,114.32000000000001,6.351111111111112
00-0007468,Ike Hilliard,WR,2008,15,111.4,7.426666666666667
00-0026195,Ray Rice,RB,2008,13,111.2,8.553846153846154
00-0019650,Dennis Northcutt,WR,2008,14,109.4,7.814285714285715
00-0005589,Gus Frerotte,QB,2008,11,108.98,9.907272727272728
00-0011236,Billy Miller,TE,2008,12,108.9,9.075000000000001
00-0020527,Deuce McAllister,RB,2008,13,108.60000000000001,8.353846153846154
00-0022093,Justin Fargas,RB,2008,14,104.7,7.478571428571429
00-0019642,Plaxico Burress,WR,2008,9,104.4,11.600000000000001
00-0020516,Todd Heap,TE,2008,19,104.3,5.489473684210526
00-0024324,Jason Avant,WR,2008,16,104.0,6.5
00-0026367,Peyton Hillis,RB,2008,10,102.2,10.22
00-0024243,Marcedes Lewis,TE,2008,15,101.9,6.793333333333334
00-0022922,Kellen Winslow,TE,2008,10,101.8,10.18
00-0022055,Seneca Wallace,QB,2008,10,101.08,10.108
00-0021182,Maurice Morris,RB,2008,13,100.0,7.6923076923076925
00-0023479,J.J. Arrington,RB,2008,15,99.5,6.633333333333334
00-0021929,Donald Lee,TE,2008,14,99.3,7.0928571428571425
00-0023531,Brandon Jones,WR,2008,17,99.0,5.823529411764706
00-0024013,Hank Baskett,WR,2008,15,98.9,6.593333333333334
00-0021163,Jabar Gaffney,WR,2008,11,98.80000000000001,8.981818181818182
00-0026262,Tashard Choice,RB,2008,12,98.7,8.225
00-0022840,Julius Jones,RB,2008,14,98.4,7.028571428571429
00-0022414,Malcom Floyd,WR,2008,10,97.5,9.75
00-0004915,Bobby Engram,WR,2008,13,95.9,7.376923076923077
00-0020332,David Martin,TE,2008,16,95.60000000000001,5.9750000000000005
00-0021192,Deion Branch,WR,2008,8,95.2,11.9
00-0021154,Daniel Graham,TE,2008,14,94.9,6.778571428571429
00-0021148,Jeremy Shockey,TE,2008,12,94.3,7.858333333333333
00-0022889,Reggie Williams,WR,2008,14,93.5,6.678571428571429
00-0025487,Michael Bush,RB,2008,11,93.42,8.492727272727272
00-0023429,Rashied Davis,WR,2008,16,92.9,5.80625
00-0022909,Roy Williams,WR,2008,14,92.3,6.5928571428571425
00-0026213,Jamaal Charles,RB,2008,16,91.9,5.74375
00-0023474,Mark Bradley,WR,2008,9,91.48,10.164444444444445
00-0022725,Michael Clayton,WR,2008,14,90.9,6.492857142857143
00-0023645,Derek Anderson,QB,2008,10,90.4,9.040000000000001
00-0022126,L.J. Smith,TE,2008,14,89.5,6.392857142857143
00-0024279,Tarvaris Jackson,QB,2008,8,88.5,11.0625
00-0023578,Dan Orlovsky,QB,2008,10,87.53999999999999,8.754
00-0025622,Chansi Stuckey,WR,2008,12,86.0,7.166666666666667
00-0025486,Johnnie Lee Higgins,WR,2008,16,86.0,5.375
00-0021159,Jerramy Stevens,TE,2008,11,85.5,7.7727272727272725
00-0016098,Fred Taylor,RB,2008,13,85.4,6.56923076923077
00-0003035,Desmond Clark,TE,2008,16,83.7,5.23125
00-0020490,Koren Robinson,WR,2008,11,82.60000000000001,7.50909090909091
00-0021296,J.T. O'Sullivan,QB,2008,9,81.62,9.068888888888889
00-0026176,Jordy Nelson,WR,2008,16,81.6,5.1
00-0024172,Patrick Cobbs,RB,2008,14,80.9,5.778571428571429
00-0025450,Brandon Jackson,RB,2008,13,79.3,6.1
00-0024221,Vernon Davis,TE,2008,14,77.9,5.564285714285715
00-0013013,Michael Pittman,RB,2008,8,77.3,9.6625
00-0022097,Brandon Lloyd,WR,2008,10,76.4,7.640000000000001
00-0025463,Jason Hill,WR,2008,13,75.4,5.800000000000001
00-0026224,Harry Douglas,WR,2008,17,74.9,4.405882352941177
00-0020381,Justin McCareins,WR,2008,13,73.4,5.6461538461538465
00-0026201,Martellus Bennett,TE,2008,12,72.3,6.0249999999999995
00-0021981,Shaun McDonald,WR,2008,12,72.2,6.016666666666667
00-0021273,Robert Royal,TE,2008,13,70.1,5.392307692307692
00-0026314,Josh Morgan,WR,2008,10,69.9,6.99
00-0025414,Robert Meachem,WR,2008,8,66.89999999999999,8.362499999999999
00-0021184,Ladell Betts,RB,2008,13,66.6,5.123076923076923
00-0023506,Alex Smith,TE,2008,11,66.0,6.0
00-0021376,T.J. Duckett,RB,2008,15,65.2,4.346666666666667
00-0025860,BenJarvus Green-Ellis,RB,2008,8,64.2,8.025
00-0021164,DeShaun Foster,RB,2008,11,62.7,5.7
00-0006305,Ahman Green,RB,2008,8,61.6,7.7
00-0022926,Chris Perry,RB,2008,11,61.0,5.545454545454546
00-0020480,Sage Rosenfels,QB,2008,6,60.94,10.156666666666666
00-0019242,Dane Looker,WR,2008,12,60.78,5.065
00-0025494,Antonio Pittman,RB,2008,9,60.400000000000006,6.711111111111112
00-0020462,LaMont Jordan,RB,2008,8,60.300000000000004,7.5375000000000005
00-0024359,Jerome Harrison,RB,2008,15,60.2,4.013333333333334
00-0023921,Miles Austin,WR,2008,12,58.8,4.8999999999999995
00-0023440,Cadillac Williams,RB,2008,6,58.6,9.766666666666667
00-0025431,Sidney Rice,WR,2008,11,57.8,5.254545454545454
00-0022064,Arnaz Battle,WR,2008,9,57.6,6.4
00-0025637,Ahmad Bradshaw,RB,2008,16,56.7,3.54375
00-0020285,Alge Crumpler,TE,2008,13,56.6,4.353846153846154
00-0020407,Rudi Johnson,RB,2008,13,56.50000000000001,4.346153846153847
00-0007091,Matt Hasselbeck,QB,2008,7,55.540000000000006,7.934285714285715
00-0024465,David Anderson,WR,2008,12,55.1,4.591666666666667
00-0023490,Roscoe Parrish,WR,2008,13,54.1,4.161538461538462
00-0023470,Reggie Brown,WR,2008,8,53.5,6.6875
00-0025465,James Jones,WR,2008,9,53.400000000000006,5.933333333333334
00-0021227,Justin Peelle,TE,2008,13,53.0,4.076923076923077
00-0023518,Chris Henry,WR,2008,10,53.0,5.3
00-0022943,Benjamin Watson,TE,2008,12,52.900000000000006,4.408333333333334
00-0022893,Tatum Bell,RB,2008,6,52.60000000000001,8.766666666666667
00-0022288,Jason Wright,RB,2008,13,52.1,4.007692307692308
00-0009119,Reggie Kelly,TE,2008,13,51.7,3.976923076923077
00-0022706,Michael Gaines,TE,2008,12,51.0,4.25
00-0025542,Dante Rosario,TE,2008,10,50.7,5.07
00-0021508,Greg Lewis,WR,2008,14,50.5,3.607142857142857
00-0026366,Chaz Schilens,WR,2008,8,49.400000000000006,6.175000000000001
00-0025633,Kenneth Darby,RB,2008,7,49.3,7.042857142857143
00-0021337,Ronald Curry,WR,2008,10,49.2,4.92
00-0007213,Steve Heiden,TE,2008,9,47.900000000000006,5.322222222222223
00-0022739,Devard Darling,WR,2008,14,47.7,3.4071428571428575
00-0026162,Felix Jones,RB,2008,6,47.6,7.933333333333334
00-0001477,Marty Booker,WR,2008,8,47.400000000000006,5.925000000000001
00-0006423,Brian Griese,QB,2008,5,46.82,9.364
00-0024369,Jeff King,TE,2008,14,46.5,3.3214285714285716
00-0026209,Jacob Hester,RB,2008,16,45.5,2.84375
00-0005231,Brian Finneran,WR,2008,13,45.0,3.4615384615384617
00-0021152,Ashley Lelie,WR,2008,6,42.7,7.116666666666667
00-0020342,Brandon Manumaleuna,TE,2008,12,42.1,3.5083333333333333
00-0003739,Daunte Culpepper,QB,2008,5,41.94,8.388
00-0009311,Jon Kitna,QB,2008,4,40.92,10.23
00-0021153,Javon Walker,WR,2008,7,40.6,5.8
00-0021213,Chris Baker,TE,2008,13,40.4,3.1076923076923078
00-0021147,Donte' Stallworth,WR,2008,11,39.6,3.6
00-0024259,Sinorice Moss,WR,2008,8,39.3,4.9125
00-0024549,Selvin Young,RB,2008,8,38.9,4.8625
00-0019997,Antonio Chatman,WR,2008,10,38.8,3.88
00-0024846,Gary Russell,RB,2008,15,38.699999999999996,2.5799999999999996
00-0026174,Devin Thomas,WR,2008,13,38.300000000000004,2.9461538461538463
00-0021304,John Gilmore,TE,2008,11,37.900000000000006,3.4454545454545458
00-0022421,Ruvell Martin,WR,2008,8,37.9,4.7375
00-0025466,Mike Sims-Walker,WR,2008,7,37.7,5.385714285714286
00-0022277,John Standeford,WR,2008,7,37.400000000000006,5.342857142857143
00-0021429,Carson Palmer,QB,2008,4,37.239999999999995,9.309999999999999
00-0024326,Demetrius Williams,WR,2008,7,37.0,5.285714285714286
00-0019663,Darrell Jackson,WR,2008,10,37.0,3.7
00-0026268,Keenan Burton,WR,2008,11,37.0,3.3636363636363638
00-0024529,Gijon Robinson,TE,2008,10,36.9,3.69
00-0025609,Derek Schouman,TE,2008,9,36.300000000000004,4.033333333333334
00-0019281,Mike Furrey,WR,2008,7,36.1,5.1571428571428575
00-0002586,Mark Campbell,TE,2008,8,36.1,4.5125
00-0020805,Jason McKie,RB,2008,10,36.0,3.6
00-0025621,Syndric Steptoe,WR,2008,12,35.2,2.9333333333333336
00-0019703,Jerry Porter,WR,2008,7,35.1,5.014285714285714
00-0021175,Andre Davis,WR,2008,12,34.3,2.858333333333333
00-0012642,David Patten,WR,2008,5,33.2,6.640000000000001
00-0026364,Steve Johnson,WR,2008,8,32.800000000000004,4.1000000000000005
00-0023176,Josh Cribbs,WR,2008,15,32.42,2.1613333333333333
00-0022912,J.P. Losman,QB,2008,5,32.36,6.4719999999999995
00-0025602,Ben Patrick,TE,2008,9,32.3,3.5888888888888886
00-0025464,Matt Spaeth,TE,2008,10,32.2,3.22
00-0025535,Kolby Smith,RB,2008,7,31.200000000000003,4.457142857142857
00-0024389,Delanie Walker,TE,2008,14,30.2,2.157142857142857
00-0026181,James Hardy,WR,2008,6,29.7,4.95
00-0022726,Keary Colbert,WR,2008,10,29.6,2.96
00-0022701,D.J. Hackett,WR,2008,8,29.1,3.6375
00-0021525,Casey Fitzsimmons,TE,2008,10,28.5,2.85
00-0024318,Brad Smith,WR,2008,14,28.42,2.0300000000000002
00-0022555,Ben Utecht,TE,2008,8,28.3,3.5375
00-0014655,Mike Sellers,TE,2008,14,28.2,2.0142857142857142
00-0023210,Tory Humphrey,TE,2008,8,27.2,3.4
00-0025409,Brady Quinn,QB,2008,3,26.820000000000004,8.940000000000001
00-0005720,Joey Galloway,WR,2008,5,26.8,5.36
00-0022121,Rex Grossman,QB,2008,3,26.68,8.893333333333333
00-0022177,Byron Leftwich,QB,2008,6,26.62,4.4366666666666665
00-0025432,Dwayne Jarrett,WR,2008,8,26.6,3.325
00-0025559,Legedu Naanee,WR,2008,12,26.3,2.191666666666667
00-0026272,Derek Fine,TE,2008,6,25.400000000000002,4.233333333333333
00-0020617,Nate Jackson,TE,2008,8,25.3,3.1625
00-0021236,Randy McMichael,TE,2008,4,24.9,6.225
00-0015601,Aaron Stecker,RB,2008,6,24.5,4.083333333333333
00-0023881,P.J. Pope,RB,2008,4,24.4,6.1
00-0026237,Andre Caldwell,WR,2008,7,24.1,3.442857142857143
00-0022011,Justin Griffith,RB,2008,7,23.700000000000003,3.385714285714286
00-0026221,Early Doucet,WR,2008,6,23.6,3.9333333333333336
00-0019539,Dante Hall,WR,2008,8,23.4,2.925
00-0016440,James Thrash,WR,2008,12,23.1,1.925
00-0025615,DeShawn Wynn,RB,2008,4,23.000000000000004,5.750000000000001
00-0023797,Darcy Johnson,TE,2008,9,22.9,2.5444444444444443
00-0026336,Tom Santi,TE,2008,3,22.4,7.466666666666666
00-0024261,Joe Klopfenstein,TE,2008,9,21.3,2.3666666666666667
00-0023784,Greg Estandia,TE,2008,9,21.3,2.3666666666666667
00-0025533,Aundrae Allison,WR,2008,10,21.0,2.1
00-0024287,Leonard Pope,TE,2008,8,20.8,2.6
00-0009323,Jimmy Kleinsasser,TE,2008,10,20.6,2.06
00-0021306,Adrian Peterson,RB,2008,11,20.5,1.8636363636363635
00-0020127,Daniel Wilcox,TE,2008,12,20.3,1.6916666666666667
00-0024103,Montell Owens,RB,2008,11,20.0,1.8181818181818181
00-0025636,Derek Stanley,WR,2008,8,19.9,2.4875
00-0023512,Ryan Moats,RB,2008,8,19.8,2.475
00-0021255,John Owens,TE,2008,8,19.599999999999998,2.4499999999999997
00-0022434,Carey Davis,RB,2008,14,19.5,1.3928571428571428
00-0026231,Jermichael Finley,TE,2008,9,19.4,2.1555555555555554
00-0020268,Tony Stewart,TE,2008,12,19.1,1.5916666666666668
00-0019127,Todd Yoder,TE,2008,9,19.0,2.111111111111111
00-0025584,Courtney Taylor,WR,2008,7,18.8,2.685714285714286
00-0023630,Joel Dreessen,TE,2008,14,18.7,1.3357142857142856
00-0007835,Damon Huard,QB,2008,5,18.38,3.6759999999999997
00-0024301,David Thomas,TE,2008,6,18.3,3.0500000000000003
00-0021915,Sam Aiken,WR,2008,10,18.1,1.81
00-0022135,Billy McMullen,WR,2008,2,17.400000000000002,8.700000000000001
00-0021999,Nate Burleson,WR,2008,1,17.0,17.0
00-0025578,Korey Hall,RB,2008,8,16.8,2.1
00-0025997,Chad Simpson,RB,2008,10,16.5,1.65
00-0026193,Limas Sweed,WR,2008,6,16.4,2.733333333333333
00-0024460,Quinton Ganther,RB,2008,7,16.3,2.3285714285714287
00-0023764,Andre Hall,RB,2008,8,15.9,1.9875
00-0025892,Michael Bumpus,WR,2008,4,15.8,3.95
00-0026245,Will Franklin,WR,2008,7,15.3,2.185714285714286
00-0023752,Daniel Fells,TE,2008,6,15.1,2.5166666666666666
00-0020550,Darnell Dinkins,TE,2008,10,15.1,1.51
00-0025477,Tony Hunt,RB,2008,4,15.1,3.775
00-0008442,Brad Johnson,QB,2008,3,14.979999999999999,4.993333333333333
00-0024687,Dominique Zeigler,WR,2008,6,14.7,2.4499999999999997
00-0025561,Troy Smith,QB,2008,6,14.48,2.4133333333333336
00-0022041,Richard Angulo,TE,2008,7,14.3,2.042857142857143
00-0023442,Troy Williamson,WR,2008,6,14.100000000000001,2.35
00-0026266,Lavelle Hawkins,WR,2008,6,13.8,2.3000000000000003
00-0024681,Brandon London,WR,2008,10,13.8,1.3800000000000001
00-0025913,James Johnson,RB,2008,3,13.600000000000001,4.533333333333334
00-0020608,David Carr,QB,2008,3,13.600000000000001,4.533333333333334
00-0022782,Kevin Jones,RB,2008,10,13.399999999999999,1.3399999999999999
00-0026216,Brad Cottam,TE,2008,6,13.3,2.216666666666667
00-0026279,Ryan Torain,RB,2008,2,12.9,6.45
00-0024011,Mike Bell,RB,2008,3,12.6,4.2
00-0021252,Najeh Davenport,RB,2008,6,12.5,2.0833333333333335
00-0025458,Lorenzo Booker,RB,2008,8,12.4,1.55
00-0024174,Glenn Holt,WR,2008,13,11.6,0.8923076923076922
00-0024321,Garrett Mills,TE,2008,5,11.5,2.3
00-0024218,Vince Young,QB,2008,3,11.46,3.8200000000000003
00-0020448,Travis Minor,RB,2008,10,11.4,1.1400000000000001
00-0025461,Yamon Figurs,WR,2008,13,11.3,0.8692307692307693
00-0023179,Tony Curtis,TE,2008,7,11.2,1.5999999999999999
00-0024225,Matt Leinart,QB,2008,4,11.059999999999999,2.7649999999999997
00-0025430,Drew Stanton,QB,2008,3,10.76,3.5866666666666664
00-0019644,Bubba Franks,TE,2008,6,10.700000000000001,1.7833333333333334
00-0025460,Jacoby Jones,WR,2008,16,10.6,0.6625
00-0023502,Charlie Frye,QB,2008,1,10.32,10.32
00-0026026,Joey Haynos,TE,2008,2,10.200000000000001,5.1000000000000005
00-0025462,Laurent Robinson,WR,2008,3,10.2,3.4
00-0025417,Craig Davis,WR,2008,3,9.9,3.3000000000000003
00-0023108,Stephen Spach,TE,2008,7,9.9,1.4142857142857144
00-0019457,Anthony Becht,TE,2008,8,9.9,1.2375
00-0026432,Lance Ball,RB,2008,1,9.8,9.8
00-0020613,Quinn Gray,QB,2008,1,9.74,9.74
00-0024404,Jeff Webb,WR,2008,4,9.6,2.4
00-0026163,Rashard Mendenhall,RB,2008,4,9.5,2.375
00-0006355,Trent Green,QB,2008,3,9.4,3.1333333333333333
00-0024236,Laurence Maroney,RB,2008,3,9.3,3.1
00-0023561,Alvin Pearman,RB,2008,1,9.3,9.3
00-0019808,Kenny Watson,RB,2008,9,8.9,0.9888888888888889
00-0022886,Casey Cramer,RB,2008,6,8.3,1.3833333333333335
00-0024297,Derek Hagan,WR,2008,1,8.100000000000001,8.100000000000001
00-0020514,Michael Bennett,RB,2008,5,8.100000000000001,1.6200000000000003
00-0022744,Jim Sorgi,QB,2008,1,7.92,7.92
00-0023251,Kyle Eckel,RB,2008,6,7.9,1.3166666666666667
00-0023806,DeDe Dorsey,RB,2008,3,7.7,2.566666666666667
00-0019794,Aveion Cason,RB,2008,7,7.4,1.0571428571428572
00-0026453,Dantrell Savage,RB,2008,8,7.300000000000001,0.9125000000000001
00-0016677,Jerame Tuman,TE,2008,1,7.1000000000000005,7.1000000000000005
00-0026029,Kregg Lumpkin,RB,2008,1,7.1000000000000005,7.1000000000000005
00-0025480,Garrett Wolfe,RB,2008,12,6.9,0.5750000000000001
00-0024595,Logan Payne,WR,2008,2,6.9,3.45
00-0026113,Clifton Smith,RB,2008,9,6.4,0.7111111111111111
00-0026345,Pierre Garcon,WR,2008,11,6.3,0.5727272727272728
00-0022613,Glenn Martinez,WR,2008,2,6.2,3.1
00-0024300,Brodie Croyle,QB,2008,2,6.04,3.02
00-0022847,Ben Hartsock,TE,2008,4,5.6000000000000005,1.4000000000000001
00-0021980,George Wrighster,TE,2008,2,5.5,2.75
00-0020428,Robert Ferguson,WR,2008,4,5.5,1.375
00-0022901,Ernest Wilford,WR,2008,3,5.5,1.8333333333333333
00-0023679,Billy Bajema,TE,2008,7,5.4,0.7714285714285715
00-0022724,Sean McHugh,TE,2008,4,5.4,1.35
00-0020391,Jameel Cook,RB,2008,5,5.4,1.08
00-0026188,Fred Davis,TE,2008,4,5.4,1.35
00-0026235,Mario Manningham,WR,2008,4,5.3999999999999995,1.3499999999999999
00-0024763,Charles Ali,RB,2008,7,5.300000000000001,0.7571428571428572
00-0022882,Mark Jones,WR,2008,17,5.2,0.3058823529411765
00-0025515,Chris Davis,WR,2008,4,5.1,1.275
00-0021756,Will Heller,TE,2008,6,4.9,0.8166666666666668
00-0022026,Brooks Bollinger,QB,2008,2,4.84,2.42
00-0026191,Malcolm Kelly,WR,2008,2,4.800000000000001,2.4000000000000004
00-0021084,Matt Schobel,TE,2008,2,4.7,2.35
00-0024682,Michael Matthews,TE,2008,3,4.6,1.5333333333333332
00-0022817,Sean Ryan,TE,2008,4,4.5,1.125
00-0025490,Isaiah Stanback,WR,2008,8,4.4,0.55
00-0019647,Shaun Alexander,RB,2008,4,4.3,1.075
00-0026267,Jacob Tamme,TE,2008,6,4.2,0.7000000000000001
00-0019831,Nick Goings,RB,2008,14,4.1,0.2928571428571428
00-0023504,Andrew Walter,QB,2008,2,4.0600000000000005,2.0300000000000002
00-0022746,Jeff Dugan,TE,2008,4,3.9000000000000004,0.9750000000000001
00-0024607,Daniel Coats,TE,2008,5,3.9000000000000004,0.78
00-0026251,Martin Rucker,TE,2008,2,3.7,1.85
00-0026342,Mike Hart,RB,2008,2,3.7,1.85
00-0023844,Chris Taylor,RB,2008,2,3.7,1.85
00-0025544,David Clowney,WR,2008,1,3.6,3.6
00-0024305,Maurice Stovall,WR,2008,5,3.5,0.7
00-0022403,Brandon Middleton,WR,2008,8,3.3000000000000003,0.41250000000000003
00-0020820,Jesse Chatman,RB,2008,2,3.3,1.65
00-0002565,Dan Campbell,TE,2008,1,3.1,3.1
00-0022907,Nate Lawrie,TE,2008,2,3.1,1.55
00-0019596,Tom Brady,QB,2008,1,3.04,3.04
00-0024251,Chad Jackson,WR,2008,2,2.9000000000000004,1.4500000000000002
00-0026353,Chauncey Washington,RB,2008,5,2.8,0.5599999999999999
00-0023991,Steve Sanders,WR,2008,1,2.8,2.8
00-0013080,Marcus Pollard,TE,2008,1,2.7,2.7
00-0026316,Jalen Parmele,RB,2008,1,2.7,2.7
00-0026197,Chad Henne,QB,2008,1,2.68,2.68
00-0023790,Brian Clark,WR,2008,8,2.2,0.275
00-0024158,Jason Davis,RB,2008,3,2.2,0.7333333333333334
00-0024358,Marques Hagans,WR,2008,2,2.1,1.05
00-0025556,Roy Hall,WR,2008,4,1.9,0.475
00-0026225,Craig Stevens,TE,2008,8,1.9,0.2375
00-0025467,Paul Williams,WR,2008,2,1.7000000000000002,0.8500000000000001
00-0022797,Thomas Tapeh,RB,2008,1,1.7000000000000002,1.7000000000000002
00-0021357,Rock Cartwright,RB,2008,16,1.7000000000000002,0.10625000000000001
00-0025614,Dallas Baker,WR,2008,1,1.6,1.6
00-0022483,Jason Rader,TE,2008,3,1.6,0.5333333333333333
00-0024559,D.J. Ware,RB,2008,2,1.5,0.75
00-0022864,Luke McCown,QB,2008,2,1.5,0.75
00-0024535,Eric Weems,WR,2008,4,1.4,0.35
00-0019976,Drew Bennett,WR,2008,1,1.4,1.4
00-0022171,Kelley Washington,WR,2008,5,1.3,0.26
00-0023788,Buck Ortega,TE,2008,5,1.3,0.26
00-0023074,Samkon Gado,RB,2008,1,1.2999999999999998,1.2999999999999998
00-0020405,Marques Tuiasosopo,QB,2008,2,1.26,0.63
00-0026186,Jerome Simpson,WR,2008,1,1.2,1.2
00-0022039,Ken Dorsey,QB,2008,4,0.9600000000000004,0.2400000000000001
00-0025701,Jackie Battle,RB,2008,4,0.8,0.2
00-0022181,Drew Henson,QB,2008,2,0.8,0.4
00-0026399,Olaniyi Sobomehin,RB,2008,1,0.7999999999999998,0.7999999999999998
00-0025439,Brian Leonard,RB,2008,1,0.7000000000000001,0.7000000000000001
00-0026349,Matt Flynn,QB,2008,4,0.6400000000000001,0.16000000000000003
00-0026319,Xavier Omon,RB,2008,2,0.5,0.25
00-0026234,Kevin O'Connell,QB,2008,2,0.31999999999999995,0.15999999999999998
00-0025437,Chris Henry,RB,2008,1,0.30000000000000004,0.30000000000000004
00-0022005,Chris Simms,QB,2008,1,0.28,0.28
00-0023158,Brock Berlin,QB,2008,1,0.24,0.24
00-0024432,Todd Watkins,WR,2008,1,0.0,0.0
00-0026306,Marcus Thomas,RB,2008,2,0.0,0.0
00-0024398,Adam Jennings,WR,2008,10,0.0,0.0
00-0022449,B.J. Sams,RB,2008,3,0.0,0.0
00-0019610,Reuben Droughns,RB,2008,9,0.0,0.0
00-0026281,Gary Barnidge,TE,2008,3,0.0,0.0
00-0025641,Jonathan Holland,WR,2008,3,0.0,0.0
00-0026246,Marcus Smith,WR,2008,5,0.0,0.0
00-0022484,J.P. Foschi,TE,2008,1,0.0,0.0
00-0025597,Jordan Kent,WR,2008,3,0.0,0.0
00-0026298,Kellen Davis,TE,2008,6,0.0,0.0
00-0021212,Cliff Russell,WR,2008,1,0.0,0.0
00-0026293,Matthew Slater,WR,2008,13,0.0,0.0
00-0025951,Darius Reynaud,RB,2008,3,0.0,0.0
00-0021100,Jeb Putzier,TE,2008,1,0.0,0.0
00-0026198,Dexter Jackson,WR,2008,7,0.0,0.0
00-0020797,Maurice Hicks,RB,2008,11,0.0,0.0
00-0022296,Justin Jenkins,WR,2008,4,0.0,0.0
00-0023379,Brandon Rideau,WR,2008,1,0.0,0.0
00-0026373,Justin Forsett,RB,2008,14,0.0,0.0
00-0026210,Earl Bennett,WR,2008,2,0.0,0.0
00-0024340,Skyler Green,WR,2008,2,0.0,0.0
00-0022714,Kris Wilson,TE,2008,1,0.0,0.0
00-0024625,Byron Storer,RB,2008,4,0.0,0.0
00-0023503,Courtney Roby,WR,2008,6,0.0,0.0
00-0023258,Brad Cieslak,TE,2008,1,0.0,0.0
00-0023953,Sam Hurd,WR,2008,1,0.0,0.0
00-0021403,Chad Mustard,TE,2008,2,0.0,0.0
00-0022388,Terrance Copper,WR,2008,3,0.0,0.0
00-0011641,Sean Morey,WR,2008,12,0.0,0.0
00-0024171,Wallace Wright,WR,2008,12,0.0,0.0
00-0026378,Cory Boyd,RB,2008,1,0.0,0.0
00-0026322,Kevin Robinson,WR,2008,8,0.0,0.0
00-0021570,Kassim Osgood,WR,2008,12,0.0,0.0
00-0026296,Dennis Dixon,QB,2008,1,-0.18000000000000005,-0.18000000000000005
00-0020565,Cleo Lemon,QB,2008,1,-0.30000000000000004,-0.30000000000000004
00-0021845,Cecil Sapp,RB,2008,6,-0.30000000000000004,-0.05000000000000001
00-0021206,Josh McCown,QB,2008,2,-0.30000000000000004,-0.15000000000000002
00-0021379,Patrick Ramsey,QB,2008,1,-1.24,-1.24
00-0024264,Kellen Clemens,QB,2008,2,-1.26,-0.63
00-0025592,Jordan Palmer,QB,2008,3,-1.96,-0.6533333333333333
00-0025423,Kevin Kolb,QB,2008,6,-2.04,-0.34
00-0024408,Bruce Gradkowski,QB,2008,2,-4.76,-2.38
00-0019596,Tom Brady,QB,2007,19,435.42,22.916842105263157
00-0011754,Randy Moss,WR,2007,19,409.1,21.531578947368423
00-0020536,LaDainian Tomlinson,RB,2007,19,390.08,20.530526315789473
00-0021216,Brian Westbrook,RB,2007,15,370.40000000000003,24.693333333333335
00-0022427,Wes Welker,WR,2007,19,342.5,18.026315789473685
00-0020498,Reggie Wayne,WR,2007,17,330.0,19.41176470588235
00-0012478,Terrell Owens,WR,2007,16,321.90000000000003,20.118750000000002
00-0021678,Tony Romo,QB,2007,17,307.38,18.081176470588236
00-0023438,Braylon Edwards,WR,2007,16,300.9,18.80625
00-0010346,Peyton Manning,QB,2007,17,298.58,17.563529411764705
00-0020438,T.J. Houshmandzadeh,WR,2007,16,297.7,18.60625
00-0024245,Joseph Addai,RB,2007,16,296.6,18.5375
00-0022921,Larry Fitzgerald,WR,2007,15,296.2,19.746666666666666
00-0019642,Plaxico Burress,WR,2007,20,290.9,14.544999999999998
00-0020397,Chad Johnson,WR,2007,16,287.7,17.98125
00-0021179,Clinton Portis,RB,2007,17,284.7,16.74705882352941
00-0024466,Marques Colston,WR,2007,16,282.2,17.6375
00-0024334,Brandon Marshall,WR,2007,16,280.2,17.5125
00-0005106,Brett Favre,QB,2007,18,275.74,15.318888888888889
00-0022924,Ben Roethlisberger,QB,2007,16,275.5,17.21875
00-0004915,Bobby Engram,WR,2007,18,271.1,15.061111111111112
00-0007091,Matt Hasselbeck,QB,2007,18,269.26,14.958888888888888
00-0022127,Jason Witten,TE,2007,17,265.6,15.623529411764707
00-0023544,Marion Barber,RB,2007,17,262.3,15.429411764705883
00-0020531,Drew Brees,QB,2007,16,259.32,16.2075
00-0007681,Torry Holt,WR,2007,16,253.9,15.86875
00-0023645,Derek Anderson,QB,2007,16,253.14000000000001,15.821250000000001
00-0025394,Adrian Peterson,RB,2007,14,251.9,17.992857142857144
00-0021755,Earnest Graham,RB,2007,16,248.20000000000002,15.512500000000001
00-0019693,Jamal Lewis,RB,2007,15,247.10000000000002,16.473333333333336
00-0006101,Tony Gonzalez,TE,2007,16,246.20000000000002,15.387500000000001
00-0024267,Greg Jennings,WR,2007,15,244.5,16.3
00-0022803,Eli Manning,QB,2007,20,241.62,12.081
00-0024275,Maurice Jones-Drew,RB,2007,17,240.5,14.147058823529411
00-0010500,Derrick Mason,WR,2007,16,239.7,14.98125
00-0021547,Antonio Gates,TE,2007,19,239.4,12.6
00-0020446,Chris Chambers,WR,2007,19,238.0,12.526315789473685
00-0023500,Frank Gore,RB,2007,15,236.8,15.786666666666667
00-0023462,Roddy White,WR,2007,16,235.0,14.6875
00-0020337,Steve Smith,WR,2007,15,233.8,15.586666666666668
00-0004541,Donald Driver,WR,2007,17,229.10000000000002,13.476470588235296
00-0022178,Willis McGahee,RB,2007,15,228.8,15.253333333333334
00-0021429,Carson Palmer,QB,2007,16,228.2,14.2625
00-0022984,Ryan Grant,RB,2007,17,226.6,13.329411764705881
00-0022001,Kevin Curtis,WR,2007,16,224.0,14.0
00-0022922,Kellen Winslow,TE,2007,16,222.6,13.9125
00-0023545,Brandon Jacobs,RB,2007,15,220.1,14.673333333333334
00-0016550,Amani Toomer,WR,2007,19,220.0,11.578947368421053
00-0021231,David Garrard,QB,2007,14,216.48000000000002,15.462857142857144
00-0022942,Philip Rivers,QB,2007,19,215.86,11.361052631578948
00-0017162,Hines Ward,WR,2007,14,213.8,15.271428571428572
00-0024240,Santonio Holmes,WR,2007,14,211.8,15.12857142857143
00-0024226,Jay Cutler,QB,2007,16,210.38,13.14875
00-0022165,Dallas Clark,TE,2007,16,210.0,13.125
00-0008241,Edgerrin James,RB,2007,16,209.8,13.1125
00-0022084,Anquan Boldin,WR,2007,12,209.70000000000002,17.475
00-0024217,Reggie Bush,RB,2007,12,208.8,17.400000000000002
00-0022811,Jerricho Cotchery,WR,2007,15,208.7,13.913333333333332
00-0011022,Donovan McNabb,QB,2007,14,208.56,14.897142857142857
00-0017200,Kurt Warner,QB,2007,14,205.86,14.704285714285716
00-0021981,Shaun McDonald,WR,2007,16,205.5,12.84375
00-0022738,Chris Cooley,TE,2007,17,204.2,12.011764705882353
00-0019808,Kenny Watson,RB,2007,15,203.60000000000002,13.573333333333334
00-0022736,Steven Jackson,RB,2007,12,201.38000000000002,16.78166666666667
00-0025410,Dwayne Bowe,WR,2007,15,199.5,13.3
00-0005720,Joey Galloway,WR,2007,16,196.0,12.25
00-0025399,Marshawn Lynch,RB,2007,13,194.22,14.94
00-0024236,Laurence Maroney,RB,2007,16,194.20000000000002,12.137500000000001
00-0022807,Bernard Berrian,WR,2007,16,193.1,12.06875
00-0021999,Nate Burleson,WR,2007,18,191.5,10.63888888888889
00-0022044,Andre Johnson,WR,2007,9,191.1,21.233333333333334
00-0009311,Jon Kitna,QB,2007,16,190.84,11.9275
00-0024260,LenDale White,RB,2007,17,183.8,10.811764705882354
00-0023496,Vincent Jackson,WR,2007,18,181.3,10.072222222222223
00-0016098,Fred Taylor,RB,2007,17,179.70000000000002,10.57058823529412
00-0022250,Willie Parker,RB,2007,15,177.0,11.8
00-0020494,Santana Moss,WR,2007,15,175.9,11.726666666666667
00-0021314,Chester Taylor,RB,2007,14,175.5,12.535714285714286
00-0022909,Roy Williams,WR,2007,12,174.70000000000002,14.558333333333335
00-0019641,Thomas Jones,RB,2007,16,173.6,10.85
00-0021931,Kevin Walter,WR,2007,15,172.0,11.466666666666667
00-0023437,Ronnie Brown,RB,2007,7,170.1,24.3
00-0022910,Lee Evans,WR,2007,16,169.9,10.61875
00-0023465,Heath Miller,TE,2007,17,168.1,9.888235294117647
00-0023470,Reggie Brown,WR,2007,16,166.6,10.4125
00-0022889,Reggie Williams,WR,2007,16,165.5,10.34375
00-0022766,Patrick Crayton,WR,2007,16,165.4,10.3375
00-0022093,Justin Fargas,RB,2007,14,164.7,11.764285714285714
00-0005755,Jeff Garcia,QB,2007,14,163.68,11.691428571428572
00-0021306,Adrian Peterson,RB,2007,16,162.36,10.1475
00-0024218,Vince Young,QB,2007,16,160.06,10.00375
00-0025389,Calvin Johnson,WR,2007,15,158.8,10.586666666666668
00-0021190,Antwaan Randle El,WR,2007,16,157.86,9.86625
00-0005091,Kevin Faulk,RB,2007,19,157.5,8.289473684210526
00-0022782,Kevin Jones,RB,2007,13,156.8,12.061538461538463
00-0021929,Donald Lee,TE,2007,17,155.6,9.152941176470588
00-0018958,Laveranues Coles,WR,2007,11,155.6,14.145454545454545
00-0021337,Ronald Curry,WR,2007,16,154.8,9.675
00-0021147,Donte' Stallworth,WR,2007,18,154.20000000000002,8.566666666666668
00-0004640,Warrick Dunn,RB,2007,16,152.6,9.5375
00-0002099,Isaac Bruce,WR,2007,13,151.9,11.684615384615386
00-0024313,Owen Daniels,TE,2007,16,151.8,9.4875
00-0019703,Jerry Porter,WR,2007,16,150.5,9.40625
00-0023570,Roydell Williams,WR,2007,15,149.2,9.946666666666665
00-0012642,David Patten,WR,2007,15,148.70000000000002,9.913333333333334
00-0021252,Najeh Davenport,RB,2007,16,147.1,9.19375
00-0023460,Jason Campbell,QB,2007,13,146.60000000000002,11.27692307692308
00-0021164,DeShaun Foster,RB,2007,16,144.9,9.05625
00-0021982,Justin Gage,WR,2007,17,144.9,8.523529411764706
00-0022064,Arnaz Battle,WR,2007,16,144.4,9.025
00-0007468,Ike Hilliard,WR,2007,16,143.5,8.96875
00-0019650,Dennis Northcutt,WR,2007,17,141.7,8.335294117647058
00-0019643,Ron Dayne,RB,2007,13,141.5,10.884615384615385
00-0019647,Shaun Alexander,RB,2007,15,141.0,9.4
00-0024242,DeAngelo Williams,RB,2007,16,139.4,8.7125
00-0021192,Deion Branch,WR,2007,10,139.1,13.91
00-0021148,Jeremy Shockey,TE,2007,14,137.5,9.821428571428571
00-0021182,Maurice Morris,RB,2007,15,136.3,9.086666666666668
00-0024549,Selvin Young,RB,2007,15,135.0,9.0
00-0022144,Bobby Wade,WR,2007,16,134.5,8.40625
00-0019281,Mike Furrey,WR,2007,15,133.4,8.893333333333334
00-0015754,Brandon Stokley,WR,2007,13,132.9,10.223076923076924
00-0024276,Tony Scheffler,TE,2007,13,131.9,10.146153846153847
00-0008962,Joe Jurevicius,WR,2007,16,131.4,8.2125
00-0015601,Aaron Stecker,RB,2007,15,130.9,8.726666666666667
00-0022901,Ernest Wilford,WR,2007,18,130.8,7.2666666666666675
00-0025419,Anthony Gonzalez,WR,2007,12,130.5,10.875
00-0024279,Tarvaris Jackson,QB,2007,12,130.44,10.87
00-0022781,Michael Jenkins,WR,2007,15,130.2,8.68
00-0025465,James Jones,WR,2007,14,129.8,9.271428571428572
00-0022943,Benjamin Watson,TE,2007,15,129.0,8.6
00-0021976,Larry Johnson,RB,2007,8,126.5,15.8125
00-0022770,Derrick Ward,RB,2007,8,126.1,15.7625
00-0020462,LaMont Jordan,RB,2007,11,125.6,11.418181818181818
00-0024221,Vernon Davis,TE,2007,14,124.9,8.921428571428573
00-0021163,Jabar Gaffney,WR,2007,15,124.70000000000002,8.313333333333334
00-0024294,Jerious Norwood,RB,2007,15,123.20000000000002,8.213333333333335
00-0003035,Desmond Clark,TE,2007,15,122.5,8.166666666666666
00-0023439,Cedric Benson,RB,2007,11,117.10000000000001,10.645454545454546
00-0020285,Alge Crumpler,TE,2007,13,116.4,8.953846153846154
00-0011795,Muhsin Muhammad,WR,2007,15,115.0,7.666666666666667
00-0022840,Julius Jones,RB,2007,17,114.5,6.735294117647059
00-0022701,D.J. Hackett,WR,2007,8,114.0,14.25
00-0022879,Drew Carter,WR,2007,15,113.7,7.58
00-0019663,Darrell Jackson,WR,2007,15,113.7,7.58
00-0024332,Leon Washington,RB,2007,16,112.03999999999999,7.0024999999999995
00-0001477,Marty Booker,WR,2007,15,110.8,7.386666666666667
00-0020480,Sage Rosenfels,QB,2007,9,110.46000000000001,12.273333333333333
00-0020565,Cleo Lemon,QB,2007,9,110.12,12.235555555555557
00-0021166,Josh Reed,WR,2007,15,109.8,7.319999999999999
00-0022156,Bryant Johnson,WR,2007,16,109.5,6.84375
00-0021175,Andre Davis,WR,2007,14,109.30000000000001,7.807142857142858
00-0022787,Matt Schaub,QB,2007,11,106.84,9.712727272727273
00-0023367,Nate Washington,WR,2007,15,105.8,7.053333333333333
00-0022092,Chris Brown,RB,2007,13,105.5,8.115384615384615
00-0021141,Joey Harrington,QB,2007,12,105.3,8.775
00-0019599,Marc Bulger,QB,2007,12,104.97999999999999,8.748333333333333
00-0020471,Travis Henry,RB,2007,11,104.6,9.509090909090908
00-0025425,Zach Miller,TE,2007,15,104.4,6.96
00-0024243,Marcedes Lewis,TE,2007,17,103.1,6.064705882352941
00-0022206,Kenton Keith,RB,2007,17,103.00000000000001,6.058823529411765
00-0007835,Damon Huard,QB,2007,11,102.18,9.289090909090909
00-0019559,Chad Pennington,QB,2007,9,101.84,11.315555555555555
00-0023457,Mark Clayton,WR,2007,15,101.10000000000001,6.74
00-0023506,Alex Smith,TE,2007,14,100.10000000000001,7.15
00-0021236,Randy McMichael,TE,2007,16,99.9,6.24375
00-0020820,Jesse Chatman,RB,2007,13,98.6,7.584615384615384
00-0025431,Sidney Rice,WR,2007,11,98.36,8.941818181818181
00-0021213,Chris Baker,TE,2007,14,98.1,7.007142857142857
00-0020455,Eric Johnson,TE,2007,14,97.8,6.985714285714286
00-0024369,Jeff King,TE,2007,16,96.60000000000001,6.0375000000000005
00-0020407,Rudi Johnson,RB,2007,11,95.7,8.700000000000001
00-0023456,Matt Jones,WR,2007,11,93.5,8.5
00-0025418,Greg Olsen,TE,2007,12,92.1,7.675
00-0023612,Bo Scaife,TE,2007,15,90.1,6.006666666666666
00-0025535,Kolby Smith,RB,2007,11,89.5,8.136363636363637
00-0006423,Brian Griese,QB,2007,7,88.92000000000002,12.702857142857145
00-0019976,Drew Bennett,WR,2007,14,88.5,6.321428571428571
00-0025396,Ted Ginn,WR,2007,16,88.3,5.51875
00-0021184,Ladell Betts,RB,2007,17,87.30000000000001,5.135294117647059
00-0022164,Kyle Boller,QB,2007,12,86.62,7.218333333333334
00-0025462,Laurent Robinson,WR,2007,13,84.7,6.515384615384615
00-0022130,Musa Smith,RB,2007,16,84.60000000000001,5.2875000000000005
00-0023490,Roscoe Parrish,WR,2007,15,84.10000000000001,5.606666666666667
00-0013013,Michael Pittman,RB,2007,11,83.60000000000001,7.6000000000000005
00-0025479,Trent Edwards,QB,2007,10,82.10000000000001,8.21
00-0024318,Brad Smith,WR,2007,15,81.0,5.4
00-0022929,Devery Henderson,WR,2007,12,80.9,6.741666666666667
00-0023310,Lance Moore,WR,2007,16,80.9,5.05625
00-0024297,Derek Hagan,WR,2007,12,80.30000000000001,6.691666666666667
00-0003739,Daunte Culpepper,QB,2007,7,79.88,11.411428571428571
00-0022288,Jason Wright,RB,2007,16,78.9,4.93125
00-0025439,Brian Leonard,RB,2007,15,78.60000000000001,5.24
00-0020428,Robert Ferguson,WR,2007,11,77.10000000000001,7.00909090909091
00-0020332,David Martin,TE,2007,14,76.3,5.45
00-0024264,Kellen Clemens,QB,2007,10,76.26,7.626
00-0020270,Correll Buckhalter,RB,2007,14,76.0,5.428571428571429
00-0019610,Reuben Droughns,RB,2007,18,75.4,4.188888888888889
00-0021206,Josh McCown,QB,2007,9,74.94,8.326666666666666
00-0024287,Leonard Pope,TE,2007,12,74.8,6.233333333333333
00-0025450,Brandon Jackson,RB,2007,11,74.5,6.7727272727272725
00-0022555,Ben Utecht,TE,2007,14,74.4,5.314285714285715
00-0024813,Pierre Thomas,RB,2007,12,73.30000000000001,6.108333333333334
00-0020613,Quinn Gray,QB,2007,8,73.14,9.1425
00-0019709,Chris Redman,QB,2007,6,72.76,12.126666666666667
00-0011236,Billy Miller,TE,2007,13,71.8,5.523076923076923
00-0024204,Fred Jackson,RB,2007,8,71.0,8.875
00-0011770,Eric Moulds,WR,2007,14,71.0,5.071428571428571
00-0022739,Devard Darling,WR,2007,11,68.60000000000001,6.236363636363637
00-0013080,Marcus Pollard,TE,2007,15,68.60000000000001,4.573333333333334
00-0023518,Chris Henry,WR,2007,7,67.3,9.614285714285714
00-0021647,Jerheme Urban,WR,2007,9,66.9,7.433333333333334
00-0023479,J.J. Arrington,RB,2007,15,66.9,4.46
00-0003315,Todd Collins,QB,2007,5,66.46000000000001,13.292000000000002
00-0022754,Samie Parker,WR,2007,14,66.0,4.714285714285714
00-0019484,Sammy Morris,RB,2007,6,65.9,10.983333333333334
00-0022726,Keary Colbert,WR,2007,12,65.2,5.433333333333334
00-0006305,Ahman Green,RB,2007,6,64.30000000000001,10.716666666666669
00-0022421,Ruvell Martin,WR,2007,11,64.2,5.836363636363637
00-0025458,Lorenzo Booker,RB,2007,5,64.2,12.84
00-0024404,Jeff Webb,WR,2007,14,64.0,4.571428571428571
00-0021273,Robert Royal,TE,2007,11,63.800000000000004,5.800000000000001
00-0021227,Justin Peelle,TE,2007,14,63.8,4.557142857142857
00-0023074,Samkon Gado,RB,2007,8,63.6,7.95
00-0023508,Vernand Morency,RB,2007,14,63.6,4.542857142857143
00-0022054,Visanthe Shiancoe,TE,2007,12,63.300000000000004,5.275
00-0024380,Quinn Sypniewski,TE,2007,12,62.60000000000001,5.216666666666668
00-0021159,Jerramy Stevens,TE,2007,9,62.400000000000006,6.933333333333334
00-0022864,Luke McCown,QB,2007,5,62.06,12.412
00-0024324,Jason Avant,WR,2007,13,61.800000000000004,4.753846153846154
00-0025637,Ahmad Bradshaw,RB,2007,14,61.7,4.4071428571428575
00-0023531,Brandon Jones,WR,2007,8,61.5,7.6875
00-0022725,Michael Clayton,WR,2007,13,61.2,4.707692307692308
00-0021376,T.J. Duckett,RB,2007,11,60.900000000000006,5.536363636363637
00-0024272,Devin Hester,WR,2007,16,60.9,3.80625
00-0025615,DeShawn Wynn,RB,2007,7,60.6,8.657142857142857
00-0021154,Daniel Graham,TE,2007,13,60.6,4.661538461538462
00-0023564,Darren Sproles,RB,2007,18,60.1,3.338888888888889
00-0022912,J.P. Losman,QB,2007,8,59.16,7.395
00-0022821,Michael Turner,RB,2007,17,59.10000000000001,3.4764705882352946
00-0020514,Michael Bennett,RB,2007,14,58.800000000000004,4.2
00-0022706,Michael Gaines,TE,2007,15,58.5,3.9
00-0021508,Greg Lewis,WR,2007,10,57.5,5.75
00-0007744,Joe Horn,WR,2007,11,57.3,5.209090909090909
00-0004161,Jake Delhomme,QB,2007,3,57.28,19.093333333333334
00-0020490,Koren Robinson,WR,2007,10,57.2,5.720000000000001
00-0024300,Brodie Croyle,QB,2007,9,56.88,6.32
00-0023953,Sam Hurd,WR,2007,16,56.400000000000006,3.5250000000000004
00-0014655,Mike Sellers,TE,2007,15,56.3,3.753333333333333
00-0024850,Darius Walker,RB,2007,4,55.5,13.875
00-0022121,Rex Grossman,QB,2007,8,54.74,6.8425
00-0021153,Javon Walker,WR,2007,7,54.4,7.771428571428571
00-0010668,Keenan McCardell,WR,2007,7,53.6,7.6571428571428575
00-0007024,Marvin Harrison,WR,2007,6,53.400000000000006,8.9
00-0019644,Bubba Franks,TE,2007,9,53.0,5.888888888888889
00-0020516,Todd Heap,TE,2007,5,52.9,10.58
00-0020452,Cedrick Wilson,WR,2007,12,52.400000000000006,4.366666666666667
00-0019863,Dominic Rhodes,RB,2007,9,52.2,5.800000000000001
00-0022011,Justin Griffith,RB,2007,13,51.2,3.9384615384615387
00-0023442,Troy Williamson,WR,2007,10,50.900000000000006,5.090000000000001
00-0025417,Craig Davis,WR,2007,12,50.0,4.166666666666667
00-0022126,L.J. Smith,TE,2007,9,49.6,5.511111111111111
00-0004293,Trent Dilfer,QB,2007,7,49.14,7.0200000000000005
00-0024326,Demetrius Williams,WR,2007,8,49.0,6.125
00-0006355,Trent Green,QB,2007,5,48.68,9.736
00-0025540,Kevin Boss,TE,2007,11,46.8,4.254545454545454
00-0022714,Kris Wilson,TE,2007,14,46.7,3.335714285714286
00-0024463,Ben Obomanu,WR,2007,11,46.3,4.209090909090909
00-0016193,Vinny Testaverde,QB,2007,7,45.64,6.5200000000000005
00-0005589,Gus Frerotte,QB,2007,8,44.86,5.6075
00-0024389,Delanie Walker,TE,2007,12,44.400000000000006,3.7000000000000006
00-0025438,Steve Smith,WR,2007,8,43.5,5.4375
00-0021845,Cecil Sapp,RB,2007,14,43.0,3.0714285714285716
00-0022893,Tatum Bell,RB,2007,5,42.50000000000001,8.500000000000002
00-0023764,Andre Hall,RB,2007,9,42.5,4.722222222222222
00-0020381,Justin McCareins,WR,2007,11,42.2,3.8363636363636364
00-0022724,Sean McHugh,TE,2007,12,42.2,3.516666666666667
00-0024259,Sinorice Moss,WR,2007,10,41.900000000000006,4.19
00-0020679,Shaun Hill,QB,2007,3,41.44,13.813333333333333
00-0009119,Reggie Kelly,TE,2007,13,41.1,3.161538461538462
00-0019997,Antonio Chatman,WR,2007,12,40.400000000000006,3.366666666666667
00-0025549,Brent Celek,TE,2007,10,39.8,3.9799999999999995
00-0022388,Terrance Copper,WR,2007,13,39.6,3.0461538461538464
00-0023440,Cadillac Williams,RB,2007,4,39.5,9.875
00-0020403,Anthony Thomas,RB,2007,9,39.400000000000006,4.377777777777778
00-0021756,Will Heller,TE,2007,9,39.2,4.355555555555556
00-0020797,Maurice Hicks,RB,2007,16,38.300000000000004,2.3937500000000003
00-0024013,Hank Baskett,WR,2007,11,36.2,3.290909090909091
00-0023408,Greg Camarillo,WR,2007,8,36.0,4.5
00-0024268,Anthony Fasano,TE,2007,13,35.8,2.753846153846154
00-0021317,Bryan Fletcher,TE,2007,7,35.5,5.071428571428571
00-0023436,Alex Smith,QB,2007,7,35.46,5.065714285714286
00-0021980,George Wrighster,TE,2007,10,35.3,3.53
00-0025437,Chris Henry,RB,2007,8,35.199999999999996,4.3999999999999995
00-0024174,Glenn Holt,WR,2007,16,34.800000000000004,2.1750000000000003
00-0011024,Steve McNair,QB,2007,6,33.72,5.62
00-0020305,A.J. Feeley,QB,2007,3,33.54,11.18
00-0023429,Rashied Davis,WR,2007,14,33.5,2.392857142857143
00-0025561,Troy Smith,QB,2007,4,33.480000000000004,8.370000000000001
00-0020608,David Carr,QB,2007,6,33.300000000000004,5.550000000000001
00-0016440,James Thrash,WR,2007,9,31.700000000000003,3.5222222222222226
00-0025708,Matt Moore,QB,2007,8,31.700000000000003,3.9625000000000004
00-0001661,Kyle Brady,TE,2007,10,31.5,3.15
00-0022613,Glenn Martinez,WR,2007,11,31.5,2.8636363636363638
00-0024465,David Anderson,WR,2007,5,31.1,6.220000000000001
00-0021176,Reche Caldwell,WR,2007,6,30.8,5.133333333333334
00-0019794,Aveion Cason,RB,2007,11,30.700000000000003,2.790909090909091
00-0022847,Ben Hartsock,TE,2007,13,30.4,2.338461538461538
00-0024225,Matt Leinart,QB,2007,5,30.080000000000002,6.016
00-0020342,Brandon Manumaleuna,TE,2007,11,29.7,2.6999999999999997
00-0025480,Garrett Wolfe,RB,2007,11,29.200000000000003,2.6545454545454548
00-0004673,Tim Dwight,WR,2007,6,29.0,4.833333333333333
00-0023541,Kyle Orton,QB,2007,3,28.900000000000002,9.633333333333335
00-0025542,Dante Rosario,TE,2007,9,28.8,3.2
00-0025464,Matt Spaeth,TE,2007,6,28.1,4.683333333333334
00-0021084,Matt Schobel,TE,2007,12,27.8,2.316666666666667
00-0025460,Jacoby Jones,WR,2007,13,27.8,2.1384615384615384
00-0020448,Travis Minor,RB,2007,13,27.400000000000002,2.1076923076923078
00-0022434,Carey Davis,RB,2007,17,27.4,1.6117647058823528
00-0007576,Kelly Holcomb,QB,2007,3,26.44,8.813333333333334
00-0025602,Ben Patrick,TE,2007,5,26.3,5.26
00-0021174,Tim Carter,WR,2007,6,25.700000000000003,4.283333333333334
00-0019552,Troy Walters,WR,2007,13,25.1,1.9307692307692308
00-0023551,Craphonso Thorpe,WR,2007,5,25.0,5.0
00-0024305,Maurice Stovall,WR,2007,10,24.6,2.46
00-0023897,John Madsen,TE,2007,5,24.200000000000003,4.840000000000001
00-0024607,Daniel Coats,TE,2007,10,24.200000000000003,2.4200000000000004
00-0023806,DeDe Dorsey,RB,2007,9,24.2,2.6888888888888887
00-0009163,Eddie Kennison,WR,2007,7,23.6,3.3714285714285714
00-0023179,Tony Curtis,TE,2007,8,22.8,2.85
00-0019127,Todd Yoder,TE,2007,9,22.7,2.522222222222222
00-0025616,John Broussard,WR,2007,3,22.6,7.533333333333334
00-0023784,Greg Estandia,TE,2007,7,22.6,3.2285714285714286
00-0021525,Casey Fitzsimmons,TE,2007,13,22.5,1.7307692307692308
00-0011641,Sean Morey,WR,2007,10,22.400000000000002,2.24
00-0007661,Priest Holmes,RB,2007,4,22.4,5.6
00-0007213,Steve Heiden,TE,2007,10,22.4,2.2399999999999998
00-0023251,Kyle Eckel,RB,2007,12,22.299999999999997,1.8583333333333332
00-0021927,David Tyree,WR,2007,9,22.200000000000003,2.466666666666667
00-0022041,Richard Angulo,TE,2007,5,22.1,4.42
00-0022217,Mewelde Moore,RB,2007,9,21.9,2.433333333333333
00-0021152,Ashley Lelie,WR,2007,5,21.5,4.3
00-0023630,Joel Dreessen,TE,2007,8,21.5,2.6875
00-0022403,Brandon Middleton,WR,2007,4,21.0,5.25
00-0022055,Seneca Wallace,QB,2007,5,21.0,4.2
00-0005101,Christian Fauria,TE,2007,5,20.9,4.18
00-0025427,John Beck,QB,2007,5,19.560000000000002,3.9120000000000004
00-0022026,Brooks Bollinger,QB,2007,5,19.44,3.8880000000000003
00-0023474,Mark Bradley,WR,2007,8,19.1,2.3875
00-0019457,Anthony Becht,TE,2007,6,19.0,3.1666666666666665
00-0003292,Kerry Collins,QB,2007,6,18.94,3.1566666666666667
00-0024447,Devin Aromashodu,WR,2007,5,18.9,3.78
00-0025559,Legedu Naanee,WR,2007,9,18.6,2.066666666666667
00-0025494,Antonio Pittman,RB,2007,10,18.400000000000002,1.8400000000000003
00-0024398,Adam Jennings,WR,2007,16,18.2,1.1375
00-0024359,Jerome Harrison,RB,2007,5,18.1,3.62
00-0025529,Steve Breaston,WR,2007,16,18.0,1.125
00-0020805,Jason McKie,RB,2007,12,18.0,1.5
00-0024358,Marques Hagans,WR,2007,4,17.7,4.425
00-0025533,Aundrae Allison,WR,2007,10,17.6,1.7600000000000002
00-0024069,Troy Bienemann,TE,2007,9,17.6,1.9555555555555557
00-0019302,Bryan Gilmore,WR,2007,7,17.3,2.4714285714285715
00-0022916,Ben Troupe,TE,2007,10,17.0,1.7
00-0022414,Malcom Floyd,WR,2007,4,16.700000000000003,4.175000000000001
00-0020022,Marcel Shipp,RB,2007,14,16.6,1.1857142857142857
00-0021100,Jeb Putzier,TE,2007,5,15.9,3.18
00-0024698,Clifton Dawson,RB,2007,8,15.9,1.9875
00-0023459,Aaron Rodgers,QB,2007,2,15.620000000000001,7.8100000000000005
00-0025578,Korey Hall,RB,2007,11,15.100000000000001,1.3727272727272728
00-0022797,Thomas Tapeh,RB,2007,8,14.8,1.85
00-0023176,Josh Cribbs,WR,2007,16,14.8,0.925
00-0024172,Patrick Cobbs,RB,2007,9,14.700000000000001,1.6333333333333335
00-0024171,Wallace Wright,WR,2007,11,14.7,1.3363636363636362
00-0021780,Aaron Moorehead,WR,2007,4,14.5,3.625
00-0020391,Jameel Cook,RB,2007,11,14.4,1.309090909090909
00-0025432,Dwayne Jarrett,WR,2007,5,14.4,2.88
00-0009323,Jimmy Kleinsasser,TE,2007,7,14.3,2.042857142857143
00-0025520,Martrez Milner,TE,2007,6,14.0,2.3333333333333335
00-0023452,Mike Williams,WR,2007,5,14.0,2.8
00-0013232,Peerless Price,WR,2007,4,13.8,3.45
00-0020127,Daniel Wilcox,TE,2007,5,13.799999999999999,2.76
00-0025388,JaMarcus Russell,QB,2007,4,13.32,3.33
00-0022240,Chad Lucas,WR,2007,2,13.200000000000001,6.6000000000000005
00-0024148,Cory Ross,RB,2007,4,13.2,3.3
00-0019623,Tim Rattay,QB,2007,4,13.06,3.265
00-0025515,Chris Davis,WR,2007,13,12.9,0.9923076923076923
00-0024170,Joe Kowalewski,TE,2007,4,12.799999999999999,3.1999999999999997
00-0020527,Deuce McAllister,RB,2007,3,12.700000000000001,4.233333333333333
00-0023921,Miles Austin,WR,2007,15,12.6,0.84
00-0020617,Nate Jackson,TE,2007,5,12.4,2.48
00-0022124,Taylor Jacobs,WR,2007,8,12.2,1.525
00-0025701,Jackie Battle,RB,2007,2,12.100000000000001,6.050000000000001
00-0025498,Dwayne Wright,RB,2007,12,12.1,1.0083333333333333
00-0024289,Brian Calhoun,RB,2007,4,12.0,3.0
00-0020985,Dwayne Blakley,TE,2007,6,11.8,1.9666666666666668
00-0024261,Joe Klopfenstein,TE,2007,2,11.7,5.85
00-0022746,Jeff Dugan,TE,2007,10,11.4,1.1400000000000001
00-0021403,Chad Mustard,TE,2007,2,11.2,5.6
00-0025486,Johnnie Lee Higgins,WR,2007,13,11.100000000000001,0.8538461538461539
00-0021379,Patrick Ramsey,QB,2007,2,11.08,5.54
00-0019594,Mike Anderson,RB,2007,6,10.8,1.8
00-0000865,Charlie Batch,QB,2007,7,10.579999999999998,1.5114285714285711
00-0022057,LaBrandon Toefield,RB,2007,2,10.1,5.05
00-0019242,Dane Looker,WR,2007,9,9.8,1.088888888888889
00-0022883,Adimchinobe Echemandu,RB,2007,5,9.6,1.92
00-0019539,Dante Hall,WR,2007,7,9.5,1.3571428571428572
00-0024310,Willie Reid,WR,2007,4,9.4,2.35
00-0022744,Jim Sorgi,QB,2007,4,8.88,2.22
00-0024682,Michael Matthews,TE,2007,8,8.8,1.1
00-0025584,Courtney Taylor,WR,2007,5,8.8,1.7600000000000002
00-0024308,Dominique Byrd,TE,2007,1,8.4,8.4
00-0020434,Chris Weinke,QB,2007,1,8.16,8.16
00-0024340,Skyler Green,WR,2007,7,8.1,1.157142857142857
00-0016677,Jerame Tuman,TE,2007,2,7.9,3.95
00-0022177,Byron Leftwich,QB,2007,3,7.860000000000001,2.6200000000000006
00-0022817,Sean Ryan,TE,2007,2,7.6000000000000005,3.8000000000000003
00-0025477,Tony Hunt,RB,2007,5,7.6,1.52
00-0025505,Ryne Robinson,WR,2007,15,7.5,0.5
00-0023928,Anthony Mix,WR,2007,6,6.9,1.1500000000000001
00-0023662,Matt Cassel,QB,2007,5,6.7200000000000015,1.3440000000000003
00-0021277,Craig Nall,QB,2007,1,6.119999999999999,6.119999999999999
00-0023192,Tyson Thompson,RB,2007,8,5.4,0.675
00-0024553,Biren Ealy,WR,2007,5,5.300000000000001,1.06
00-0024408,Bruce Gradkowski,QB,2007,4,5.2,1.3
00-0006043,Terry Glenn,WR,2007,1,5.0,5.0
00-0025609,Derek Schouman,TE,2007,2,4.9,2.45
00-0023714,Alex Haynes,RB,2007,5,4.7,0.9400000000000001
00-0022006,Artose Pinner,RB,2007,5,4.6000000000000005,0.9200000000000002
00-0024321,Garrett Mills,TE,2007,1,4.6,4.6
00-0025461,Yamon Figurs,WR,2007,14,4.5,0.32142857142857145
00-0025633,Kenneth Darby,RB,2007,1,4.5,4.5
00-0021304,John Gilmore,TE,2007,10,4.4,0.44000000000000006
00-0023790,Brian Clark,WR,2007,4,4.300000000000001,1.0750000000000002
00-0021570,Kassim Osgood,WR,2007,12,4.300000000000001,0.3583333333333334
00-0024846,Gary Russell,RB,2007,4,3.9000000000000004,0.9750000000000001
00-0023858,Chris Barclay,RB,2007,5,3.6000000000000005,0.7200000000000001
00-0023591,Justin Green,RB,2007,8,3.6,0.45
00-0022097,Brandon Lloyd,WR,2007,2,3.4,1.7
00-0019041,Billy Volek,QB,2007,6,3.3599999999999994,0.5599999999999999
00-0021255,John Owens,TE,2007,6,3.3,0.5499999999999999
00-0022060,Aaron Walker,TE,2007,3,3.3,1.0999999999999999
00-0024077,Isaac Smolko,TE,2007,3,3.2,1.0666666666666667
00-0022759,Ryan Krause,TE,2007,4,3.1,0.775
00-0021296,J.T. O'Sullivan,QB,2007,4,2.9199999999999995,0.7299999999999999
00-0024542,Chris McFoy,WR,2007,2,2.9000000000000004,1.4500000000000002
00-0004637,Jason Dunn,TE,2007,5,2.9,0.58
00-0008442,Brad Johnson,QB,2007,3,2.66,0.8866666666666667
00-0023623,Tab Perry,WR,2007,2,2.6,1.3
00-0023549,Jerome Mathis,WR,2007,3,2.5,0.8333333333333334
00-0024067,Lee Vickers,TE,2007,2,2.4,1.2
00-0024625,Byron Storer,RB,2007,6,2.3,0.3833333333333333
00-0023822,Shaun Bodiford,WR,2007,4,2.3,0.575
00-0021509,Reno Mahe,RB,2007,15,2.1,0.14
00-0024756,Matt Willis,WR,2007,2,2.1,1.05
00-0021915,Sam Aiken,WR,2007,5,2.0,0.4
00-0022582,Richard Owens,TE,2007,9,1.9,0.2111111111111111
00-0024301,David Thomas,TE,2007,1,1.9,1.9
00-0025409,Brady Quinn,QB,2007,1,1.8,1.8
00-0020550,Darnell Dinkins,TE,2007,9,1.8,0.2
00-0023051,Aaron Halterman,TE,2007,4,1.7000000000000002,0.42500000000000004
00-0024364,Jason Pociask,TE,2007,1,1.7000000000000002,1.7000000000000002
00-0025794,Chris Davis,WR,2007,2,1.6,0.8
00-0025463,Jason Hill,WR,2007,2,1.6,0.8
00-0021936,Andrew Pinnock,RB,2007,5,1.6,0.32
00-0023504,Andrew Walter,QB,2007,1,1.52,1.52
00-0023655,Marcus Maxwell,WR,2007,3,1.5,0.5
00-0009443,Brian Kozlowski,TE,2007,1,1.5,1.5
00-0019721,Travis Taylor,WR,2007,1,1.4,1.4
00-0022590,Jared Lorenzen,QB,2007,2,1.32,0.66
00-0023521,Kevin Everett,TE,2007,1,1.3,1.3
00-0023561,Alvin Pearman,RB,2007,3,1.1,0.3666666666666667
00-0002565,Dan Campbell,TE,2007,1,1.1,1.1
00-0024345,Domenik Hixon,WR,2007,17,0.7,0.041176470588235294
00-0023158,Brock Berlin,QB,2007,1,0.52,0.52
00-0025636,Derek Stanley,WR,2007,3,0.5,0.16666666666666666
00-0018272,Anthony Wright,QB,2007,2,0.38,0.19
00-0024011,Mike Bell,RB,2007,4,4.440892098500626e-16,1.1102230246251565e-16
00-0025556,Roy Hall,WR,2007,2,0.0,0.0
00-0022215,Tim Euhus,TE,2007,3,0.0,0.0
00-0021689,Chas Gessner,WR,2007,1,0.0,0.0
00-0024103,Montell Owens,RB,2007,11,0.0,0.0
00-0022449,B.J. Sams,RB,2007,1,0.0,0.0
00-0021098,Josh Scobey,RB,2007,5,0.0,0.0
00-0019831,Nick Goings,RB,2007,4,0.0,0.0
00-0019600,Michael L. Lewis,WR,2007,13,0.0,0.0
00-0020268,Tony Stewart,TE,2007,6,0.0,0.0
00-0010747,Fred McCrary,RB,2007,1,0.0,0.0
00-0025490,Isaiah Stanback,WR,2007,1,0.0,0.0
00-0002068,Troy Brown,WR,2007,1,0.0,0.0
00-0002102,Mark Bruener,TE,2007,2,0.0,0.0
00-0023679,Billy Bajema,TE,2007,3,0.0,0.0
00-0022691,Bobby Sippio,WR,2007,3,0.0,0.0
00-0021260,Kyle Johnson,RB,2007,1,0.0,0.0
00-0022882,Mark Jones,WR,2007,6,0.0,0.0
00-0022296,Justin Jenkins,WR,2007,7,0.0,0.0
00-0023672,Harry Williams,WR,2007,1,0.0,0.0
00-0024251,Chad Jackson,WR,2007,3,0.0,0.0
00-0022907,Nate Lawrie,TE,2007,1,0.0,0.0
00-0023618,Chad Owens,WR,2007,1,0.0,0.0
00-0024559,D.J. Ware,RB,2007,2,0.0,0.0
00-0004112,James Dearth,TE,2007,3,0.0,0.0
00-0022704,Courtney Anderson,TE,2007,1,0.0,0.0
00-0019673,Paul Smith,RB,2007,4,0.0,0.0
00-0023968,Micheal Spurlock,WR,2007,8,0.0,0.0
00-0003663,Zack Crockett,RB,2007,1,0.0,0.0
00-0022886,Casey Cramer,RB,2007,3,0.0,0.0
00-0023871,Sean Conover,TE,2007,1,0.0,0.0
00-0024299,Brandon Williams,WR,2007,9,0.0,0.0
00-0022171,Kelley Washington,WR,2007,13,0.0,0.0
00-0024137,Stacy Tutt,RB,2007,2,0.0,0.0
00-0019533,Patrick Pass,RB,2007,1,0.0,0.0
00-0022082,Bennie Joppru,TE,2007,5,0.0,0.0
00-0021357,Rock Cartwright,RB,2007,16,0.0,0.0
00-0021287,Keith Heinrich,TE,2007,1,0.0,0.0
00-0019816,Tim Hasselbeck,QB,2007,1,-0.1,-0.1
00-0010455,Jamie Martin,QB,2007,1,-0.30000000000000004,-0.30000000000000004
00-0020692,Eddie Drummond,WR,2007,12,-0.30000000000000004,-0.025000000000000005
00-0025604,Tyler Thigpen,QB,2007,1,-0.3599999999999999,-0.3599999999999999
00-0017915,Ricky Williams,RB,2007,1,-0.5,-0.5
00-0023502,Charlie Frye,QB,2007,1,-0.5399999999999999,-0.5399999999999999
00-0024824,Matt Gutierrez,QB,2007,4,-0.7000000000000001,-0.17500000000000002
00-0025423,Kevin Kolb,QB,2007,1,-2.2,-2.2
00-0020536,LaDainian Tomlinson,RB,2006,17,513.8000000000001,30.22352941176471
00-0022736,Steven Jackson,RB,2006,16,415.40000000000003,25.962500000000002
00-0021976,Larry Johnson,RB,2006,17,382.0,22.470588235294116
00-0021216,Brian Westbrook,RB,2006,17,381.00000000000006,22.411764705882355
00-0010346,Peyton Manning,QB,2006,20,355.14,17.756999999999998
00-0007024,Marvin Harrison,WR,2006,20,337.90000000000003,16.895000000000003
00-0020498,Reggie Wayne,WR,2006,20,323.6,16.18
00-0023500,Frank Gore,RB,2006,16,321.0,20.0625
00-0000745,Tiki Barber,RB,2006,17,315.90000000000003,18.582352941176474
00-0024217,Reggie Bush,RB,2006,18,306.1,17.005555555555556
00-0024245,Joseph Addai,RB,2006,20,299.8,14.99
00-0020531,Drew Brees,QB,2006,18,290.64,16.146666666666665
00-0022250,Willie Parker,RB,2006,16,288.6,18.0375
00-0012478,Terrell Owens,WR,2006,17,287.6,16.91764705882353
00-0024275,Maurice Jones-Drew,RB,2006,16,271.7,16.98125
00-0007681,Torry Holt,WR,2006,16,269.8,16.8625
00-0004541,Donald Driver,WR,2006,16,269.4,16.8375
00-0019641,Thomas Jones,RB,2006,19,268.24,14.117894736842105
00-0020397,Chad Johnson,WR,2006,16,266.40000000000003,16.650000000000002
00-0020245,Mike Vick,QB,2006,16,263.96000000000004,16.497500000000002
00-0019596,Tom Brady,QB,2006,19,262.28000000000003,13.80421052631579
00-0020337,Steve Smith,WR,2006,14,259.7,18.55
00-0020527,Deuce McAllister,RB,2006,17,259.7,15.276470588235293
00-0022910,Lee Evans,WR,2006,16,259.1,16.19375
00-0020438,T.J. Houshmandzadeh,WR,2006,14,252.70000000000002,18.05
00-0019599,Marc Bulger,QB,2006,16,252.44,15.7775
00-0022909,Roy Williams,WR,2006,16,251.20000000000002,15.700000000000001
00-0022044,Andre Johnson,WR,2006,16,249.10000000000002,15.568750000000001
00-0018958,Laveranues Coles,WR,2006,17,247.70000000000002,14.57058823529412
00-0024466,Marques Colston,WR,2006,14,247.6,17.685714285714287
00-0019642,Plaxico Burress,WR,2006,16,245.7,15.35625
00-0021153,Javon Walker,WR,2006,16,243.7,15.23125
00-0019281,Mike Furrey,WR,2006,16,240.6,15.0375
00-0022811,Jerricho Cotchery,WR,2006,17,238.5,14.029411764705882
00-0021429,Carson Palmer,QB,2006,16,236.94,14.80875
00-0021184,Ladell Betts,RB,2006,16,236.9,14.80625
00-0020407,Rudi Johnson,RB,2006,16,234.20000000000002,14.637500000000001
00-0022084,Anquan Boldin,WR,2006,16,230.1,14.38125
00-0021547,Antonio Gates,TE,2006,17,229.5,13.5
00-0019663,Darrell Jackson,WR,2006,14,227.5,16.25
00-0006305,Ahman Green,RB,2006,14,222.9,15.921428571428573
00-0021314,Chester Taylor,RB,2006,15,222.20000000000002,14.813333333333334
00-0006043,Terry Glenn,WR,2006,16,219.9,13.74375
00-0022782,Kevin Jones,RB,2006,12,219.9,18.325
00-0009311,Jon Kitna,QB,2006,16,217.92000000000002,13.620000000000001
00-0022942,Philip Rivers,QB,2006,17,214.28,12.604705882352942
00-0023470,Reggie Brown,WR,2006,18,213.20000000000002,11.844444444444445
00-0022807,Bernard Berrian,WR,2006,18,211.8,11.766666666666667
00-0005720,Joey Galloway,WR,2006,14,210.60000000000002,15.042857142857144
00-0023544,Marion Barber,RB,2006,17,209.7,12.335294117647058
00-0017162,Hines Ward,WR,2006,14,208.5,14.892857142857142
00-0004304,Corey Dillon,RB,2006,19,207.8,10.936842105263159
00-0006101,Tony Gonzalez,TE,2006,16,207.5,12.96875
00-0008241,Edgerrin James,RB,2006,16,205.6,12.85
00-0002099,Isaac Bruce,WR,2006,16,203.8,12.7375
00-0019693,Jamal Lewis,RB,2006,17,203.4,11.964705882352941
00-0024218,Vince Young,QB,2006,15,203.26,13.550666666666666
00-0023457,Mark Clayton,WR,2006,17,201.20000000000002,11.83529411764706
00-0021176,Reche Caldwell,WR,2006,19,201.1,10.58421052631579
00-0022803,Eli Manning,QB,2006,17,200.7,11.805882352941175
00-0019863,Dominic Rhodes,RB,2006,20,199.8,9.99
00-0022921,Larry Fitzgerald,WR,2006,13,198.6,15.276923076923076
00-0011795,Muhsin Muhammad,WR,2006,19,196.60000000000002,10.347368421052632
00-0022121,Rex Grossman,QB,2006,19,196.02,10.316842105263158
00-0011022,Donovan McNabb,QB,2006,10,195.68,19.568
00-0022922,Kellen Winslow,TE,2006,16,194.5,12.15625
00-0016098,Fred Taylor,RB,2006,15,193.8,12.92
00-0005106,Brett Favre,QB,2006,16,190.20000000000002,11.887500000000001
00-0020516,Todd Heap,TE,2006,17,189.3,11.13529411764706
00-0020471,Travis Henry,RB,2006,14,188.9,13.492857142857144
00-0019559,Chad Pennington,QB,2006,17,185.98,10.94
00-0021678,Tony Romo,QB,2006,14,185.88,13.277142857142858
00-0023437,Ronnie Brown,RB,2006,13,185.10000000000002,14.23846153846154
00-0023438,Braylon Edwards,WR,2006,16,185.1,11.56875
00-0022924,Ben Roethlisberger,QB,2006,15,184.92000000000002,12.328000000000001
00-0004640,Warrick Dunn,RB,2006,16,183.0,11.4375
00-0020285,Alge Crumpler,TE,2006,16,182.0,11.375
00-0020494,Santana Moss,WR,2006,14,180.2,12.87142857142857
00-0011024,Steve McNair,QB,2006,17,179.42000000000002,10.554117647058824
00-0008561,Keyshawn Johnson,WR,2006,16,177.9,11.11875
00-0022912,J.P. Losman,QB,2006,16,176.0,11.0
00-0021148,Jeremy Shockey,TE,2006,16,175.8,10.9875
00-0019647,Shaun Alexander,RB,2006,12,174.3,14.525
00-0007091,Matt Hasselbeck,QB,2006,14,173.18,12.370000000000001
00-0021147,Donte' Stallworth,WR,2006,13,172.60000000000002,13.27692307692308
00-0001477,Marty Booker,WR,2006,14,171.6,12.257142857142856
00-0009163,Eddie Kennison,WR,2006,16,170.60000000000002,10.662500000000001
00-0021192,Deion Branch,WR,2006,16,170.1,10.63125
00-0023436,Alex Smith,QB,2006,16,169.14000000000001,10.571250000000001
00-0022738,Chris Cooley,TE,2006,16,168.4,10.525
00-0022840,Julius Jones,RB,2006,17,166.8,9.811764705882354
00-0024236,Laurence Maroney,RB,2006,17,166.20000000000002,9.776470588235295
00-0022178,Willis McGahee,RB,2006,14,164.6,11.757142857142856
00-0003035,Desmond Clark,TE,2006,17,162.3,9.547058823529412
00-0020446,Chris Chambers,WR,2006,16,160.20000000000002,10.012500000000001
00-0010500,Derrick Mason,WR,2006,16,158.20000000000002,9.887500000000001
00-0022929,Devery Henderson,WR,2006,12,156.1,13.008333333333333
00-0022127,Jason Witten,TE,2006,17,152.1,8.947058823529412
00-0021164,DeShaun Foster,RB,2006,14,151.60000000000002,10.828571428571431
00-0024011,Mike Bell,RB,2006,14,151.5,10.821428571428571
00-0004161,Jake Delhomme,QB,2006,13,151.4,11.646153846153847
00-0024332,Leon Washington,RB,2006,17,150.5,8.852941176470589
00-0023518,Chris Henry,WR,2006,11,150.5,13.681818181818182
00-0020608,David Carr,QB,2006,16,149.9,9.36875
00-0022943,Benjamin Watson,TE,2006,16,149.8,9.3625
00-0022126,L.J. Smith,TE,2006,16,149.20000000000002,9.325000000000001
00-0022064,Arnaz Battle,WR,2006,16,147.1,9.19375
00-0024240,Santonio Holmes,WR,2006,16,144.7,9.04375
00-0021236,Randy McMichael,TE,2006,16,144.0,9.0
00-0022165,Dallas Clark,TE,2006,16,143.5,8.96875
00-0022889,Reggie Williams,WR,2006,16,141.9,8.86875
00-0022427,Wes Welker,WR,2006,16,141.70000000000002,8.856250000000001
00-0022893,Tatum Bell,RB,2006,13,140.0,10.76923076923077
00-0021337,Ronald Curry,WR,2006,15,139.1,9.273333333333333
00-0022156,Bryant Johnson,WR,2006,16,137.70000000000002,8.606250000000001
00-0019976,Drew Bennett,WR,2006,13,137.70000000000002,10.592307692307694
00-0019721,Travis Taylor,WR,2006,16,136.6,8.5375
00-0019610,Reuben Droughns,RB,2006,14,135.7,9.692857142857141
00-0024225,Matt Leinart,QB,2006,12,134.08,11.173333333333334
00-0023439,Cedric Benson,RB,2006,18,133.9,7.438888888888889
00-0022701,D.J. Hackett,WR,2006,14,132.8,9.485714285714286
00-0021191,Antonio Bryant,WR,2006,14,131.7,9.407142857142857
00-0007744,Joe Horn,WR,2006,10,130.9,13.09
00-0005091,Kevin Faulk,RB,2006,18,130.7,7.26111111111111
00-0023502,Charlie Frye,QB,2006,13,129.46,9.958461538461538
00-0023440,Cadillac Williams,RB,2006,14,129.4,9.242857142857144
00-0002068,Troy Brown,WR,2006,18,128.9,7.161111111111111
00-0021179,Clinton Portis,RB,2006,8,128.3,16.0375
00-0023456,Matt Jones,WR,2006,13,126.7,9.746153846153847
00-0024242,DeAngelo Williams,RB,2006,13,126.4,9.723076923076924
00-0024267,Greg Jennings,WR,2006,14,126.2,9.014285714285714
00-0024384,Wali Lundy,RB,2006,13,125.0,9.615384615384615
00-0022781,Michael Jenkins,WR,2006,16,124.8,7.8
00-0022766,Patrick Crayton,WR,2006,16,124.8,7.8
00-0023367,Nate Washington,WR,2006,16,122.2,7.6375
00-0008442,Brad Johnson,QB,2006,15,122.2,8.146666666666667
00-0020904,Eric Parker,WR,2006,16,121.3,7.58125
00-0005755,Jeff Garcia,QB,2006,10,121.08,12.108
00-0023545,Brandon Jacobs,RB,2006,16,121.0,7.5625
00-0011770,Eric Moulds,WR,2006,15,119.3,7.953333333333333
00-0015290,Rod Smith,WR,2006,16,118.7,7.41875
00-0023496,Vincent Jackson,WR,2006,14,118.2,8.442857142857143
00-0013013,Michael Pittman,RB,2006,16,118.00000000000001,7.375000000000001
00-0022217,Mewelde Moore,RB,2006,16,116.5,7.28125
00-0011754,Randy Moss,WR,2006,12,115.3,9.608333333333333
00-0019643,Ron Dayne,RB,2006,10,114.9,11.49
00-0021141,Joey Harrington,QB,2006,11,113.14,10.285454545454545
00-0021231,David Garrard,QB,2006,10,112.4,11.24
00-0007835,Damon Huard,QB,2006,10,111.42,11.142
00-0013042,Jake Plummer,QB,2006,12,110.96,9.246666666666666
00-0022001,Kevin Curtis,WR,2006,13,110.3,8.484615384615385
00-0013232,Peerless Price,WR,2006,16,110.0,6.875
00-0008962,Joe Jurevicius,WR,2006,12,107.5,8.958333333333334
00-0022754,Samie Parker,WR,2006,16,103.8,6.4875
00-0023465,Heath Miller,TE,2006,14,103.3,7.378571428571428
00-0021190,Antwaan Randle El,WR,2006,16,102.42,6.40125
00-0002110,Mark Brunell,QB,2006,10,100.96,10.096
00-0024313,Owen Daniels,TE,2006,12,99.0,8.25
00-0024294,Jerious Norwood,RB,2006,14,98.5,7.035714285714286
00-0022901,Ernest Wilford,WR,2006,15,98.4,6.5600000000000005
00-0021159,Jerramy Stevens,TE,2006,12,97.6,8.133333333333333
00-0021213,Chris Baker,TE,2006,17,96.8,5.694117647058824
00-0022093,Justin Fargas,RB,2006,16,94.0,5.875
00-0020452,Cedrick Wilson,WR,2006,14,93.64,6.688571428571429
00-0021980,George Wrighster,TE,2006,15,92.30000000000001,6.153333333333334
00-0020270,Correll Buckhalter,RB,2006,18,92.2,5.122222222222223
00-0022144,Bobby Wade,WR,2006,16,91.10000000000001,5.6937500000000005
00-0013888,Marcus Robinson,WR,2006,8,91.1,11.3875
00-0023460,Jason Campbell,QB,2006,7,91.08,13.01142857142857
00-0017644,Jermaine Wiggins,TE,2006,15,90.6,6.04
00-0023531,Brandon Jones,WR,2006,13,89.7,6.9
00-0022102,Doug Gabriel,WR,2006,13,88.8,6.8307692307692305
00-0021163,Jabar Gaffney,WR,2006,10,88.6,8.86
00-0024408,Bruce Gradkowski,QB,2006,13,88.54,6.810769230769231
00-0021166,Josh Reed,WR,2006,12,88.3,7.358333333333333
00-0016550,Amani Toomer,WR,2006,8,86.0,10.75
00-0020403,Anthony Thomas,RB,2006,14,83.7,5.978571428571429
00-0022879,Drew Carter,WR,2006,10,83.5,8.35
00-0022388,Terrance Copper,WR,2006,15,83.5,5.566666666666666
00-0024013,Hank Baskett,WR,2006,15,83.4,5.5600000000000005
00-0023612,Bo Scaife,TE,2006,12,83.3,6.941666666666666
00-0023442,Troy Williamson,WR,2006,12,82.5,6.875
00-0023508,Vernand Morency,RB,2006,14,82.2,5.871428571428572
00-0020474,Kevan Barlow,RB,2006,12,82.1,6.841666666666666
00-0022555,Ben Utecht,TE,2006,17,81.8,4.811764705882353
00-0023676,Noah Herron,RB,2006,15,81.1,5.406666666666666
00-0023429,Rashied Davis,WR,2006,18,80.8,4.488888888888889
00-0022177,Byron Leftwich,QB,2006,6,80.42,13.403333333333334
00-0007468,Ike Hilliard,WR,2006,15,79.9,5.326666666666667
00-0019484,Sammy Morris,RB,2006,12,79.2,6.6000000000000005
00-0023615,Cedric Houston,RB,2006,9,78.7,8.744444444444445
00-0022725,Michael Clayton,WR,2006,12,78.7,6.558333333333334
00-0023462,Roddy White,WR,2006,14,78.6,5.614285714285714
00-0010668,Keenan McCardell,WR,2006,14,78.5,5.607142857142857
00-0004915,Bobby Engram,WR,2006,8,78.4,9.8
00-0022821,Michael Turner,RB,2006,14,78.30000000000001,5.592857142857143
00-0021152,Ashley Lelie,WR,2006,13,77.0,5.923076923076923
00-0021182,Maurice Morris,RB,2006,18,76.3,4.238888888888889
00-0023506,Alex Smith,TE,2006,13,76.0,5.846153846153846
00-0002565,Dan Campbell,TE,2006,14,75.8,5.414285714285714
00-0020455,Eric Johnson,TE,2006,11,75.2,6.836363636363637
00-0024326,Demetrius Williams,WR,2006,14,73.6,5.257142857142857
00-0007213,Steve Heiden,TE,2006,15,72.9,4.86
00-0022011,Justin Griffith,RB,2006,13,72.4,5.56923076923077
00-0001361,Drew Bledsoe,QB,2006,6,71.36,11.893333333333333
00-0024276,Tony Scheffler,TE,2006,8,70.9,8.8625
00-0020462,LaMont Jordan,RB,2006,9,70.8,7.866666666666666
00-0020381,Justin McCareins,WR,2006,13,68.8,5.292307692307692
00-0021508,Greg Lewis,WR,2006,15,68.8,4.586666666666667
00-0021154,Daniel Graham,TE,2006,14,68.7,4.9071428571428575
00-0021252,Najeh Davenport,RB,2006,13,68.4,5.261538461538462
00-0006355,Trent Green,QB,2006,9,67.56,7.506666666666667
00-0023490,Roscoe Parrish,WR,2006,16,66.8,4.175
00-0022135,Billy McMullen,WR,2006,12,65.7,5.4750000000000005
00-0022704,Courtney Anderson,TE,2006,11,65.5,5.954545454545454
00-0019808,Kenny Watson,RB,2006,16,64.10000000000001,4.0062500000000005
00-0019539,Dante Hall,WR,2006,16,64.10000000000001,4.0062500000000005
00-0024334,Brandon Marshall,WR,2006,10,64.1,6.409999999999999
00-0024226,Jay Cutler,QB,2006,5,63.839999999999996,12.767999999999999
00-0021273,Robert Royal,TE,2006,15,63.4,4.226666666666667
00-0017200,Kurt Warner,QB,2006,6,63.38,10.563333333333334
00-0024221,Vernon Davis,TE,2006,8,63.0,7.875
00-0022421,Ruvell Martin,WR,2006,11,62.8,5.709090909090909
00-0022055,Seneca Wallace,QB,2006,7,62.58,8.94
00-0023474,Mark Bradley,WR,2006,7,61.7,8.814285714285715
00-0021174,Tim Carter,WR,2006,13,60.7,4.6692307692307695
00-0021999,Nate Burleson,WR,2006,17,57.8,3.4
00-0022097,Brandon Lloyd,WR,2006,13,57.5,4.423076923076923
00-0021317,Bryan Fletcher,TE,2006,13,55.900000000000006,4.300000000000001
00-0019552,Troy Walters,WR,2006,15,55.9,3.7266666666666666
00-0017611,Alvis Whitted,WR,2006,13,55.300000000000004,4.253846153846154
00-0022414,Malcom Floyd,WR,2006,9,54.0,6.0
00-0019919,Randal Williams,TE,2006,14,53.300000000000004,3.8071428571428574
00-0020127,Daniel Wilcox,TE,2006,15,53.1,3.54
00-0022714,Kris Wilson,TE,2006,13,53.1,4.084615384615384
00-0021750,Arlen Harris,RB,2006,8,53.0,6.625
00-0020332,David Martin,TE,2006,8,52.800000000000004,6.6000000000000005
00-0023074,Samkon Gado,RB,2006,9,52.5,5.833333333333333
00-0009119,Reggie Kelly,TE,2006,13,52.4,4.030769230769231
00-0021673,ReShard Lee,RB,2006,14,51.0,3.642857142857143
00-0021927,David Tyree,WR,2006,14,50.7,3.6214285714285714
00-0020805,Jason McKie,RB,2006,16,50.6,3.1625
00-0021084,Matt Schobel,TE,2006,15,50.5,3.3666666666666667
00-0024297,Derek Hagan,WR,2006,11,49.1,4.463636363636364
00-0022130,Musa Smith,RB,2006,12,48.800000000000004,4.066666666666667
00-0024261,Joe Klopfenstein,TE,2006,13,48.6,3.7384615384615385
00-0024251,Chad Jackson,WR,2006,11,48.4,4.3999999999999995
00-0003739,Daunte Culpepper,QB,2006,4,47.16,11.79
00-0001823,Aaron Brooks,QB,2006,8,46.6,5.825
00-0019644,Bubba Franks,TE,2006,11,46.2,4.2
00-0000166,Stephen Alexander,TE,2006,10,46.0,4.6
00-0019650,Dennis Northcutt,WR,2006,13,46.0,3.5384615384615383
00-0011236,Billy Miller,TE,2006,10,44.4,4.4399999999999995
00-0024260,LenDale White,RB,2006,13,44.4,3.4153846153846152
00-0010333,Kris Mangum,TE,2006,9,44.0,4.888888888888889
00-0004052,Stephen Davis,RB,2006,14,42.7,3.0500000000000003
00-0019594,Mike Anderson,RB,2006,14,42.1,3.007142857142857
00-0020342,Brandon Manumaleuna,TE,2006,8,41.2,5.15
00-0020797,Maurice Hicks,RB,2006,16,40.9,2.55625
00-0002586,Mark Campbell,TE,2006,13,40.300000000000004,3.1000000000000005
00-0019623,Tim Rattay,QB,2006,4,40.22,10.055
00-0020022,Marcel Shipp,RB,2006,12,40.1,3.341666666666667
00-0022916,Ben Troupe,TE,2006,10,40.0,4.0
00-0014655,Mike Sellers,TE,2006,16,39.6,2.475
00-0015601,Aaron Stecker,RB,2006,11,39.1,3.5545454545454547
00-0020514,Michael Bennett,RB,2006,9,39.0,4.333333333333333
00-0022006,Artose Pinner,RB,2006,11,38.699999999999996,3.5181818181818176
00-0023645,Derek Anderson,QB,2006,4,38.42,9.605
00-0000865,Charlie Batch,QB,2006,7,38.28,5.468571428571429
00-0023504,Andrew Walter,QB,2006,12,38.080000000000005,3.173333333333334
00-0022164,Kyle Boller,QB,2006,4,36.8,9.2
00-0019302,Bryan Gilmore,WR,2006,12,36.4,3.033333333333333
00-0019457,Anthony Becht,TE,2006,11,35.5,3.227272727272727
00-0000552,Obafemi Ayanbadejo,RB,2006,13,34.6,2.661538461538462
00-0022797,Thomas Tapeh,RB,2006,14,33.7,2.4071428571428575
00-0021227,Justin Peelle,TE,2006,13,33.6,2.5846153846153848
00-0021931,Kevin Walter,WR,2006,13,33.3,2.5615384615384613
00-0016440,James Thrash,WR,2006,12,33.1,2.7583333333333333
00-0024301,David Thomas,TE,2006,7,32.900000000000006,4.700000000000001
00-0024287,Leonard Pope,TE,2006,14,32.1,2.292857142857143
00-0020268,Tony Stewart,TE,2006,13,32.0,2.4615384615384617
00-0019831,Nick Goings,RB,2006,11,31.9,2.9
00-0006627,Az-Zahir Hakim,WR,2006,5,31.800000000000004,6.360000000000001
00-0024243,Marcedes Lewis,TE,2006,10,31.6,3.16
00-0023897,John Madsen,TE,2006,9,31.6,3.511111111111111
00-0021780,Aaron Moorehead,WR,2006,8,31.3,3.9125
00-0022288,Jason Wright,RB,2006,9,31.1,3.4555555555555557
00-0024279,Tarvaris Jackson,QB,2006,4,30.900000000000002,7.7250000000000005
00-0021306,Adrian Peterson,RB,2006,16,30.9,1.93125
00-0020964,Tony Fisher,RB,2006,7,30.800000000000004,4.4
00-0021981,Shaun McDonald,WR,2006,16,30.6,1.9125
00-0001627,Corey Bradford,WR,2006,7,30.400000000000002,4.342857142857143
00-0004673,Tim Dwight,WR,2006,9,30.0,3.3333333333333335
00-0022706,Michael Gaines,TE,2006,11,29.6,2.690909090909091
00-0021376,T.J. Duckett,RB,2006,9,28.8,3.2
00-0024318,Brad Smith,WR,2006,16,28.200000000000003,1.7625000000000002
00-0023217,Adam Bergen,TE,2006,7,28.1,4.014285714285714
00-0021973,David Kircus,WR,2006,11,27.7,2.518181818181818
00-0003663,Zack Crockett,RB,2006,12,27.6,2.3000000000000003
00-0002102,Mark Bruener,TE,2006,8,27.2,3.4
00-0024268,Anthony Fasano,TE,2006,9,26.6,2.9555555555555557
00-0020434,Chris Weinke,QB,2006,3,26.6,8.866666666666667
00-0022171,Kelley Washington,WR,2006,4,26.5,6.625
00-0020391,Jameel Cook,RB,2006,8,26.5,3.3125
00-0021100,Jeb Putzier,TE,2006,9,25.5,2.8333333333333335
00-0021993,Bethel Johnson,WR,2006,11,25.400000000000002,2.309090909090909
00-0023844,Chris Taylor,RB,2006,4,25.299999999999997,6.324999999999999
00-0021929,Donald Lee,TE,2006,10,25.0,2.5
00-0020305,A.J. Feeley,QB,2006,2,23.98,11.99
00-0023452,Mike Williams,WR,2006,5,23.900000000000002,4.78
00-0002159,Shawn Bryson,RB,2006,5,23.900000000000002,4.78
00-0020565,Cleo Lemon,QB,2006,4,23.18,5.795
00-0021304,John Gilmore,TE,2006,9,23.1,2.566666666666667
00-0022307,Jamal Jones,WR,2006,12,22.799999999999997,1.8999999999999997
00-0015754,Brandon Stokley,WR,2006,4,22.5,5.625
00-0013080,Marcus Pollard,TE,2006,10,22.0,2.2
00-0023222,Carlyle Holiday,WR,2006,4,21.6,5.4
00-0020613,Quinn Gray,QB,2006,1,21.240000000000002,21.240000000000002
00-0020480,Sage Rosenfels,QB,2006,4,21.1,5.275
00-0023547,Ciatrick Fason,RB,2006,5,20.8,4.16
00-0016677,Jerame Tuman,TE,2006,7,20.3,2.9
00-0022005,Chris Simms,QB,2006,3,20.1,6.7
00-0023570,Roydell Williams,WR,2006,7,20.1,2.8714285714285714
00-0024305,Maurice Stovall,WR,2006,4,20.1,5.025
00-0024359,Jerome Harrison,RB,2006,9,19.700000000000003,2.188888888888889
00-0003400,Ernie Conwell,TE,2006,4,19.7,4.925
00-0021260,Kyle Johnson,RB,2006,9,19.7,2.1888888888888887
00-0022054,Visanthe Shiancoe,TE,2006,11,19.5,1.7727272727272727
00-0021845,Cecil Sapp,RB,2006,11,19.400000000000002,1.763636363636364
00-0022926,Chris Perry,RB,2006,6,18.9,3.15
00-0021353,David Givens,WR,2006,4,18.7,4.675
00-0021756,Will Heller,TE,2006,8,18.200000000000003,2.2750000000000004
00-0023176,Josh Cribbs,WR,2006,16,18.2,1.1375
00-0023561,Alvin Pearman,RB,2006,13,18.1,1.3923076923076925
00-0022092,Chris Brown,RB,2006,5,18.0,3.6
00-0022746,Jeff Dugan,TE,2006,6,18.0,3.0
00-0024324,Jason Avant,WR,2006,7,17.8,2.542857142857143
00-0019794,Aveion Cason,RB,2006,5,17.0,3.4
00-0011224,Itula Mili,TE,2006,6,16.9,2.8166666666666664
00-0022582,Richard Owens,TE,2006,9,16.5,1.8333333333333333
00-0003292,Kerry Collins,QB,2006,3,15.96,5.32
00-0020490,Koren Robinson,WR,2006,4,15.9,3.975
00-0023479,J.J. Arrington,RB,2006,16,15.700000000000001,0.9812500000000001
00-0024202,Jamaal Branch,RB,2006,1,15.3,15.3
00-0022773,Brandon Miree,RB,2006,4,14.7,3.675
00-0023576,Damien Nash,RB,2006,3,14.7,4.8999999999999995
00-0020428,Robert Ferguson,WR,2006,4,14.100000000000001,3.5250000000000004
00-0021525,Casey Fitzsimmons,TE,2006,7,14.100000000000001,2.0142857142857147
00-0020985,Dwayne Blakley,TE,2006,5,13.600000000000001,2.72
00-0023623,Tab Perry,WR,2006,2,13.5,6.75
00-0022847,Ben Hartsock,TE,2006,5,12.8,2.56
00-0023953,Sam Hurd,WR,2006,12,12.5,1.0416666666666667
00-0020315,Derrick Blaylock,RB,2006,2,12.2,6.1
00-0024308,Dominique Byrd,TE,2006,1,11.9,11.9
00-0022060,Aaron Walker,TE,2006,5,11.8,2.3600000000000003
00-0009323,Jimmy Kleinsasser,TE,2006,7,11.700000000000001,1.6714285714285715
00-0021255,John Owens,TE,2006,4,11.5,2.875
00-0023657,Paris Warren,WR,2006,4,11.3,2.825
00-0021129,Mike Jennings,WR,2006,4,11.1,2.775
00-0020448,Travis Minor,RB,2006,14,10.600000000000001,0.7571428571428572
00-0022726,Keary Colbert,WR,2006,4,10.6,2.65
00-0023258,Brad Cieslak,TE,2006,4,10.6,2.65
00-0022787,Matt Schaub,QB,2006,7,10.42,1.4885714285714287
00-0010747,Fred McCrary,RB,2006,8,10.3,1.2875
00-0022873,Johnnie Morant,WR,2006,3,10.0,3.3333333333333335
00-0020617,Nate Jackson,TE,2006,5,9.9,1.98
00-0021460,Cortez Hankton,WR,2006,4,9.8,2.45
00-0020550,Darnell Dinkins,TE,2006,6,9.4,1.5666666666666667
00-0021813,Gabe Reid,TE,2006,5,9.2,1.8399999999999999
00-0023192,Tyson Thompson,RB,2006,7,9.0,1.2857142857142858
00-0021982,Justin Gage,WR,2006,2,8.8,4.4
00-0001661,Kyle Brady,TE,2006,14,8.7,0.6214285714285713
00-0024044,Devale Ellis,WR,2006,5,8.4,1.6800000000000002
00-0022817,Sean Ryan,TE,2006,7,8.4,1.2
00-0010455,Jamie Martin,QB,2006,1,8.32,8.32
00-0022826,Clarence Moore,WR,2006,1,8.1,8.1
00-0004637,Jason Dunn,TE,2006,6,8.0,1.3333333333333333
00-0024259,Sinorice Moss,WR,2006,6,7.5,1.25
00-0019127,Todd Yoder,TE,2006,5,7.4,1.48
00-0021755,Earnest Graham,RB,2006,12,7.300000000000001,0.6083333333333334
00-0024296,Charlie Whitehurst,QB,2006,2,7.300000000000001,3.6500000000000004
00-0023981,Martin Nance,WR,2006,1,7.300000000000001,7.300000000000001
00-0010632,Fred McAfee,RB,2006,2,7.2,3.6
00-0021509,Reno Mahe,RB,2006,14,7.1000000000000005,0.5071428571428572
00-0023968,Micheal Spurlock,WR,2006,1,7.1,7.1
00-0024369,Jeff King,TE,2006,3,7.1,2.3666666666666667
00-0023512,Ryan Moats,RB,2006,8,6.9,0.8625
00-0022124,Taylor Jacobs,WR,2006,3,6.9,2.3000000000000003
00-0023867,Taye Biddle,WR,2006,2,6.699999999999999,3.3499999999999996
00-0022431,Ran Carthon,RB,2006,2,6.4,3.2
00-0006423,Brian Griese,QB,2006,5,6.300000000000001,1.2600000000000002
00-0006777,Karl Hankton,WR,2006,11,6.1,0.5545454545454546
00-0013268,Ricky Proehl,WR,2006,2,6.000000000000001,3.0000000000000004
00-0022564,Ronnie Cruz,RB,2006,4,5.9,1.475
00-0024289,Brian Calhoun,RB,2006,5,5.8999999999999995,1.18
00-0020794,Edell Shepherd,WR,2006,5,5.7,1.1400000000000001
00-0023591,Justin Green,RB,2006,7,5.7,0.8142857142857143
00-0020405,Marques Tuiasosopo,QB,2006,2,5.62,2.81
00-0022724,Sean McHugh,TE,2006,3,5.5,1.8333333333333333
00-0024404,Jeff Webb,WR,2006,5,5.300000000000001,1.06
00-0024293,Travis Wilson,WR,2006,2,5.2,2.6
00-0019997,Antonio Chatman,WR,2006,3,5.199999999999999,1.7333333333333332
00-0023503,Courtney Roby,WR,2006,6,5.1000000000000005,0.8500000000000001
00-0024389,Delanie Walker,TE,2006,2,5.0,2.5
00-0023159,Kay-Jay Harris,RB,2006,7,4.9,0.7000000000000001
00-0011641,Sean Morey,WR,2006,13,4.9,0.37692307692307697
00-0019533,Patrick Pass,RB,2006,3,4.5,1.5
00-0021403,Chad Mustard,TE,2006,2,4.300000000000001,2.1500000000000004
00-0016193,Vinny Testaverde,QB,2006,4,4.260000000000001,1.0650000000000002
00-0022180,Lee Suggs,RB,2006,3,3.9000000000000004,1.3
00-0023489,Eric Shelton,RB,2006,4,3.9000000000000004,0.9750000000000001
00-0020376,Dee Brown,RB,2006,12,3.9,0.325
00-0022026,Brooks Bollinger,QB,2006,2,3.8400000000000003,1.9200000000000002
00-0024465,David Anderson,WR,2006,4,3.7,0.925
00-0020525,Rod Gardner,WR,2006,5,3.7,0.74
00-0005101,Christian Fauria,TE,2006,3,3.7,1.2333333333333334
00-0023889,Chris Francies,WR,2006,3,3.6,1.2
00-0021206,Josh McCown,QB,2006,1,3.5,3.5
00-0024380,Quinn Sypniewski,TE,2006,8,3.5,0.4375
00-0023218,John Bronson,TE,2006,1,3.5,3.5
00-0012642,David Patten,WR,2006,1,3.5,3.5
00-0021212,Cliff Russell,WR,2006,2,3.4,1.7
00-0020692,Eddie Drummond,WR,2006,14,3.4,0.24285714285714285
00-0021175,Andre Davis,WR,2006,14,3.3,0.2357142857142857
00-0007546,James Hodgins,RB,2006,3,2.9000000000000004,0.9666666666666668
00-0019703,Jerry Porter,WR,2006,1,2.9000000000000004,2.9000000000000004
00-0022886,Casey Cramer,RB,2006,10,2.8,0.27999999999999997
00-0022308,Kelvin Kight,WR,2006,3,2.7,0.9
00-0023701,Brandon Childress,WR,2006,1,2.7,2.7
00-0021886,Walter Young,WR,2006,1,2.7,2.7
00-0022907,Nate Lawrie,TE,2006,2,2.7,1.35
00-0021936,Andrew Pinnock,RB,2006,3,2.5,0.8333333333333334
00-0022057,LaBrandon Toefield,RB,2006,4,2.2,0.55
00-0019590,Chad Morton,RB,2006,15,2.2,0.14666666666666667
00-0023310,Lance Moore,WR,2006,4,2.0,0.5
00-0023947,Will Buchanon,WR,2006,1,1.9,1.9
00-0021629,James Adkisson,WR,2006,1,1.9,1.9
00-0021183,Doug Jolley,TE,2006,1,1.7000000000000002,1.7000000000000002
00-0023878,Cooper Wallace,TE,2006,1,1.6,1.6
00-0020735,Derrick Lewis,WR,2006,2,1.5,0.75
00-0019242,Dane Looker,WR,2006,10,1.3,0.13
00-0024174,Glenn Holt,WR,2006,7,1.3,0.18571428571428572
00-0023521,Kevin Everett,TE,2006,4,1.1,0.275
00-0009443,Brian Kozlowski,TE,2006,1,1.1,1.1
00-0005589,Gus Frerotte,QB,2006,1,1.08,1.08
00-0001222,Eric Beverly,TE,2006,4,1.0,0.25
00-0023459,Aaron Rodgers,QB,2006,2,0.9400000000000002,0.4700000000000001
00-0018272,Anthony Wright,QB,2006,2,0.94,0.47
00-0022872,Cedric Cobbs,RB,2006,2,0.9,0.45
00-0023426,Keylon Kincade,RB,2006,1,0.9,0.9
00-0023064,Marquis Weeks,RB,2006,8,0.8,0.1
00-0024407,Reggie McNeal,WR,2006,2,0.8,0.4
00-0024189,Derrick Ross,RB,2006,4,0.8,0.2
00-0022228,Rich Alexis,RB,2006,1,0.5,0.5
00-0023859,Brett Basanez,QB,2006,1,0.4400000000000002,0.4400000000000002
00-0022590,Jared Lorenzen,QB,2006,2,0.4,0.2
00-0022538,Shaud Williams,RB,2006,4,0.2,0.05
00-0019153,Marlion Jackson,RB,2006,1,0.2,0.2
00-0021209,Lamar Gordon,RB,2006,1,0.2,0.2
00-0022801,Quincy Wilson,RB,2006,1,0.2,0.2
00-0021852,Todd Devoe,WR,2006,1,0.0,0.0
00-0023806,DeDe Dorsey,RB,2006,1,0.0,0.0
00-0023654,Nehemiah Broughton,RB,2006,1,0.0,0.0
00-0000849,Mike Bartrum,TE,2006,4,0.0,0.0
00-0021387,Jamar Martin,RB,2006,1,0.0,0.0
00-0024458,Tim Massaquoi,TE,2006,1,0.0,0.0
00-0023829,James Sims,RB,2006,2,0.0,0.0
00-0022883,Adimchinobe Echemandu,RB,2006,2,0.0,0.0
00-0023056,Diamond Ferri,RB,2006,1,0.0,0.0
00-0023682,Ryan Fitzpatrick,QB,2006,1,0.0,0.0
00-0022882,Mark Jones,WR,2006,6,0.0,0.0
00-0024103,Montell Owens,RB,2006,6,0.0,0.0
00-0024171,Wallace Wright,WR,2006,4,0.0,0.0
00-0022449,B.J. Sams,RB,2006,12,0.0,0.0
00-0022039,Ken Dorsey,QB,2006,1,0.0,0.0
00-0024299,Brandon Williams,WR,2006,13,0.0,0.0
00-0020427,Quincy Morgan,WR,2006,7,0.0,0.0
00-0024148,Cory Ross,RB,2006,5,0.0,0.0
00-0024310,Willie Reid,WR,2006,1,0.0,0.0
00-0023911,Zac Alcorn,TE,2006,2,0.0,0.0
00-0004112,James Dearth,TE,2006,2,0.0,0.0
00-0021923,Willie Ponder,WR,2006,12,0.0,0.0
00-0023188,Jamaica Rector,WR,2006,1,0.0,0.0
00-0023408,Greg Camarillo,WR,2006,4,0.0,0.0
00-0021570,Kassim Osgood,WR,2006,10,0.0,0.0
00-0024460,Quinton Ganther,RB,2006,1,0.0,0.0
00-0023618,Chad Owens,WR,2006,4,0.0,0.0
00-0023921,Miles Austin,WR,2006,10,0.0,0.0
00-0024340,Skyler Green,WR,2006,2,0.0,0.0
00-0023822,Shaun Bodiford,WR,2006,4,0.0,0.0
00-0023790,Brian Clark,WR,2006,6,0.0,0.0
00-0024272,Devin Hester,WR,2006,19,0.0,0.0
00-0023210,Tory Humphrey,TE,2006,3,0.0,0.0
00-0023679,Billy Bajema,TE,2006,2,0.0,0.0
00-0022733,Bruce Perry,RB,2006,2,0.0,0.0
00-0020361,Alex Bannister,WR,2006,1,0.0,0.0
00-0019673,Paul Smith,RB,2006,4,0.0,0.0
00-0023549,Jerome Mathis,WR,2006,2,0.0,0.0
00-0022819,Maurice Mann,WR,2006,1,0.0,0.0
00-0019600,Michael L. Lewis,WR,2006,12,0.0,0.0
00-0021098,Josh Scobey,RB,2006,10,0.0,0.0
00-0021310,Jamin Elliott,WR,2006,1,0.0,0.0
00-0022082,Bennie Joppru,TE,2006,3,0.0,0.0
00-0023871,Sean Conover,TE,2006,5,0.0,0.0
00-0017697,Terrence Wilkins,WR,2006,19,0.0,0.0
00-0022770,Derrick Ward,RB,2006,8,0.0,0.0
00-0023297,Keith Joseph,RB,2006,1,0.0,0.0
00-0021915,Sam Aiken,WR,2006,8,0.0,0.0
00-0021379,Patrick Ramsey,QB,2006,2,-0.04,-0.02
00-0011551,Dave Moore,TE,2006,2,-0.10000000000000009,-0.050000000000000044
00-0019041,Billy Volek,QB,2006,1,-0.14000000000000004,-0.14000000000000004
00-0023662,Matt Cassel,QB,2006,5,-0.32000000000000006,-0.06400000000000002
00-0024398,Adam Jennings,WR,2006,11,-0.4,-0.03636363636363637
00-0021357,Rock Cartwright,RB,2006,16,-0.5,-0.03125
00-0024362,Ingle Martin,QB,2006,1,-0.5,-0.5
00-0024264,Kellen Clemens,QB,2006,2,-1.0,-0.5
00-0024300,Brodie Croyle,QB,2006,2,-3.38,-1.69
