player_id,player_display_name,position,projected_ppg,avg_games_played,most_recent_season,projected_games,projected_fantasy_points_raw,age_at_season,age_adjustment_factor,projected_fantasy_points,position_rank,adp_proxy_rank,value_vs_adp_proxy
00-0034857,Josh Allen,QB,23.982911954832204,18.832715088554593,2024,17.0,407.7095032321475,29.281314168377822,1.0,407.7095032321475,1,2,1
00-0034796,Lamar Jackson,QB,22.328485309558115,16.66914212041049,2024,16.66914212041049,372.1966949585221,28.648870636550306,1.0,372.1966949585221,2,1,4294967295
00-0039910,Jayden Daniels,QB,21.41,20.0,2024,17.0,363.97,24.70362765229295,1.0,363.97,3,3,0
00-0036389,Jalen Hurts,QB,20.92003361258207,17.89575873358393,2024,17.0,355.6405714138952,27.069130732375086,1.0,355.6405714138952,4,4,0
00-0033873,Patrick Mahomes,QB,20.059030556471242,19.462703631022936,2024,17.0,341.00351946001115,29.95756331279945,1.0,341.00351946001115,5,7,2
00-0039732,Bo Nix,QB,18.403333333333332,18.0,2024,17.0,312.8566666666666,25.516769336071185,1.0,312.8566666666666,6,9,3
00-0036442,Joe Burrow,QB,19.341193701482666,15.364500459043656,2024,15.364500459043656,297.1677795048827,28.725530458590008,1.0,297.1677795048827,7,6,4294967295
00-0036355,Justin Herbert,QB,17.80591250698941,16.392424171184928,2024,16.392424171184928,291.88207056957725,27.479808350444902,1.0,291.88207056957725,8,12,4
00-0033106,Jared Goff,QB,17.107192119286278,17.841819248158256,2024,17.0,290.8222660278667,30.882956878850102,1.0,290.8222660278667,9,8,4294967295
00-0034855,Baker Mayfield,QB,16.99703694689329,16.81871116379321,2024,16.81871116379321,285.86825505011984,30.38466803559206,1.0,285.86825505011984,10,5,4294967291
00-0037834,Brock Purdy,QB,16.80026463928216,15.642943305186972,2024,15.642943305186972,262.8055872644283,25.68104038329911,1.0,262.8055872644283,11,13,2
00-0039163,C.J. Stroud,QB,15.147430340557277,18.21212121212121,2024,17.0,257.5063157894737,23.912388774811774,1.0,257.5063157894737,12,17,5
00-0039918,Caleb Williams,QB,14.97294117647059,17.0,2024,17.0,254.54000000000002,23.786447638603697,1.0,254.54000000000002,13,16,3
00-0035228,Kyler Murray,QB,18.561576976748427,13.391889651349539,2024,13.391889651349539,248.5745906276451,28.0684462696783,1.0,248.5745906276451,14,11,4294967293
00-0033077,Dak Prescott,QB,18.142821386129004,12.343906597608022,2024,12.343906597608022,223.95329260746175,32.09308692676249,0.9981382614647503,223.53635013251838,15,32,17
00-0019596,Tom Brady,QB,18.86862419317292,18.721351025331725,2022,17.0,320.76661128393965,48.07939767282683,0.6784120465434634,217.6119332239491,16,,
00-0026498,Matthew Stafford,QB,15.138959404224064,16.164562819691117,2024,16.164562819691117,244.71466031433349,37.56605065023956,0.8886789869952088,217.4727764310185,17,18,1
00-0036971,Trevor Lawrence,QB,15.238365429941876,14.100708313362093,2024,14.100708313362093,214.87174610003092,25.90554414784394,1.0,214.87174610003092,18,27,9
00-0036212,Tua Tagovailoa,QB,16.02177587651292,13.282892148250065,2024,13.282892148250065,212.81552099115575,27.50171115674196,1.0,212.81552099115575,19,22,3
00-0029263,Russell Wilson,QB,16.722878028724786,13.844798701314769,2024,13.844798701314769,231.5248800143342,36.75564681724846,0.9048870636550308,209.5038688392542,20,21,1
00-0022942,Philip Rivers,QB,15.424705882352942,17.0,2020,17.0,262.22,43.73169062286105,0.765366187542779,200.69432169746753,21,,
00-0022924,Ben Roethlisberger,QB,15.682537878787878,16.606060606060606,2021,16.606060606060606,260.42517447199265,43.501711156741955,0.7699657768651609,200.51847177757287,22,,
00-0031280,Derek Carr,QB,14.909586243953797,13.931903162823154,2024,13.931903162823154,207.7189117485245,34.431211498973305,0.9513757700205339,197.61873961257982,23,26,3
00-0029604,Kirk Cousins,QB,16.147235245938635,13.48379736748981,2024,13.48379736748981,217.72604810142604,37.034907597535934,0.8993018480492814,195.80143742607916,24,24,0
00-0030565,Geno Smith,QB,14.630587618739526,14.108158603913378,2024,14.108158603913378,206.41065059362856,34.893908281998634,0.9421218343600273,194.463980768716,25,14,4294967285
00-0039150,Bryce Young,QB,12.292689393939396,14.787878787878787,2024,14.787878787878787,181.78280073461895,24.10403832991102,1.0,181.78280073461895,26,20,4294967290
00-0036945,Justin Fields,QB,14.306246972037036,12.390903765244715,2024,12.390903765244715,177.26732947233452,26.494182067077343,1.0,177.26732947233452,27,31,4
00-0039851,Drake Maye,QB,13.626153846153844,13.000000000000002,2024,13.000000000000002,177.14,23.006160164271048,1.0,177.14,28,23,4294967291
00-0036264,Jordan Love,QB,12.446156141004906,13.50066570804708,2024,13.50066570804708,168.0313934098645,26.830937713894592,1.0,168.0313934098645,29,19,4294967286
00-0026143,Matt Ryan,QB,13.954930284538422,14.38359469240048,2022,14.38359469240048,200.72206117350558,40.29295003422313,0.8341409993155373,167.43050069194237,30,,
00-0020531,Drew Brees,QB,16.56714285714286,14.0,2020,14.0,231.94000000000003,46.628336755646814,0.7074332648870637,164.08207145790558,31,,
00-0034869,Sam Darnold,QB,12.254358664184338,12.857211439714328,2024,12.857211439714328,157.55688040351328,28.240930869267626,1.0,157.55688040351328,32,10,4294967274
00-0035710,Daniel Jones,QB,13.363537888369478,10.70028037545069,2024,10.70028037545069,142.99360221351168,28.265571526351813,1.0,142.99360221351168,33,28,4294967291
00-0029701,Ryan Tannehill,QB,12.707249858243346,12.386909516962241,2023,12.386909516962241,157.40355420349158,37.09787816563997,0.8980424366872006,141.35507136012944,34,,
00-0039164,Anthony Richardson,QB,16.158429752066116,8.242424242424242,2024,8.242424242424242,133.18463310793888,23.279945242984258,1.0,133.18463310793888,35,25,4294967286
00-0027939,Cam Newton,QB,14.33107647907648,10.151515151515152,2021,10.151515151515152,145.4821400148673,36.309377138945926,0.9138124572210815,132.9433918487673,36,,
00-0023459,Aaron Rodgers,QB,12.2179026498148,12.952895439506461,2024,12.952895439506461,158.25721551312003,41.74948665297741,0.8050102669404517,127.39868330546936,37,15,4294967274
00-0036972,Mac Jones,QB,10.519259077126149,11.933003142141985,2024,11.933003142141985,125.52635162035193,26.989733059548254,1.0,125.52635162035193,38,36,4294967294
00-0037013,Zach Wilson,QB,10.651229057767056,11.262967430639323,2023,11.262967430639323,119.96444597390952,26.080766598220396,1.0,119.96444597390952,39,,
00-0039152,Will Levis,QB,10.523097643097643,10.818181818181818,2024,10.818181818181818,113.84078359351086,26.182067077344286,1.0,113.84078359351086,40,30,4294967286
00-0038579,Aidan O'Connell,QB,10.800899908172635,9.78787878787879,2024,9.78787878787879,105.71789910120492,27.000684462696782,1.0,105.71789910120492,41,38,4294967293
00-0035289,Gardner Minshew,QB,10.472277271716175,10.043204545398304,2024,10.043204545398304,105.17522269597123,29.295003422313485,1.0,105.17522269597123,42,35,4294967289
00-0033537,Deshaun Watson,QB,13.553921577202045,7.237252228864312,2024,7.237252228864312,98.0931491444576,29.965776865160848,1.0,98.0931491444576,43,40,4294967293
00-0031345,Jimmy Garoppolo,QB,15.002574390584341,6.418905174696425,2024,6.418905174696425,96.3001023894899,33.831622176591374,0.9633675564681725,92.7723943265977,44,53,9
00-0031503,Jameis Winston,QB,9.658698956909651,7.4452278019604,2024,7.4452278019604,71.91121400474965,31.652292950034223,1.0,71.91121400474965,45,29,4294967280
00-0033949,Joshua Dobbs,QB,13.428102654090809,5.09705659413429,2024,5.09705659413429,68.44379917974571,30.598220396988363,1.0,68.44379917974571,46,48,2
00-0035232,Dwayne Haskins,QB,9.737142857142857,7.0,2020,7.0,68.16,28.331279945242983,1.0,68.16,47,,
00-0038102,Kenny Pickett,QB,6.914858980986846,9.791314837153196,2024,9.791314837153196,67.70556133735855,27.238877481177276,1.0,67.70556133735855,48,50,2
00-0039376,Spencer Rattler,QB,9.611428571428572,6.999999999999999,2024,6.999999999999999,67.28,24.92539356605065,1.0,67.28,49,41,4294967288
00-0026158,Joe Flacco,QB,14.196286820798337,5.723037062516548,2024,5.723037062516548,81.2458756255441,40.624229979466115,0.8275154004106777,67.23221329998825,50,34,4294967280
00-0027973,Andy Dalton,QB,11.03882464941606,6.87969344297589,2024,6.87969344297589,75.9437295587483,37.842573579739906,0.8831485284052019,67.06959300141119,51,43,4294967288
00-0035704,Drew Lock,QB,10.006466554051137,6.451490485912374,2024,6.451490485912374,64.55662377106128,28.807665982203968,1.0,64.55662377106128,52,39,4294967283
00-0032950,Carson Wentz,QB,12.834302179648256,5.084154703898283,2024,5.084154703898283,65.25157779791067,32.67077344284736,0.9865845311430528,64.37619728809614,53,65,12
00-0034771,Mason Rudolph,QB,10.764781055628363,5.949830758303838,2024,5.949830758303838,64.04862543118409,30.12731006160164,1.0,64.04862543118409,54,37,4294967279
00-0033119,Jacoby Brissett,QB,8.422961220444535,7.563782321746296,2024,7.563782321746296,63.70944517595298,32.72279260780287,0.9855441478439425,62.78847085554495,55,46,4294967287
00-0038122,Desmond Ridder,QB,7.792456775231203,7.932448733413751,2024,7.932448733413751,61.81326387686416,26.0041067761807,1.0,61.81326387686416,56,51,4294967291
00-0023436,Alex Smith,QB,8.9475,8.0,2020,8.0,71.58,41.31964407939767,0.8136071184120466,58.23799753593429,57,,
00-0033662,Cooper Rush,QB,5.99765959874923,8.959258667518773,2024,8.959258667518773,53.73458374492121,31.7782340862423,1.0,53.73458374492121,58,33,4294967271
00-0031800,Taylor Heinicke,QB,8.666500650689912,6.25725251855353,2024,6.25725251855353,54.22848302357526,32.46543463381246,0.9906913073237509,53.723686740809605,59,66,7
00-0032268,Marcus Mariota,QB,9.731345833979978,5.500953969428434,2024,5.500953969428434,53.53168549331301,31.838466803559207,1.0,53.53168549331301,60,45,4294967281
00-0035993,Tyler Huntley,QB,9.514942846089514,5.243399546153065,2024,5.243399546153065,49.89064700085812,27.575633127994525,1.0,49.89064700085812,61,42,4294967277
00-0037077,Sam Howell,QB,8.068500674093523,6.018094089264174,2024,6.018094089264174,48.55699621598623,24.958247775496236,1.0,48.55699621598623,62,78,16
00-0033869,Mitchell Trubisky,QB,6.143749172574985,7.451134741067208,2024,7.451134741067208,45.777902900176386,31.033538672142367,1.0,45.777902900176386,63,56,4294967289
00-0039917,Michael Penix Jr.,QB,8.82,5.0,2024,5.0,44.1,25.31690622861054,1.0,44.1,64,47,4294967279
00-0035282,Easton Stick,QB,10.592146709816614,4.138177895459449,2023,4.138177895459449,43.83218738002664,29.979466119096507,1.0,43.83218738002664,65,,
00-0036898,Davis Mills,QB,5.426536720455878,7.586994727592267,2024,7.586994727592267,41.171105487184576,26.863791923340177,1.0,41.171105487184576,66,61,4294967291
00-0030520,Mike Glennon,QB,7.894181818181817,5.6060606060606055,2021,5.6060606060606055,44.25526170798897,35.72073921971253,0.9255852156057495,40.96201594967784,67,,
00-0038476,Tommy DeVito,QB,8.17919191919192,4.757575757575758,2024,4.757575757575758,38.91312519130702,27.069130732375086,1.0,38.91312519130702,68,58,4294967286
00-0028118,Tyrod Taylor,QB,8.966004480728001,4.493831987547667,2024,4.493831987547667,40.2917177359912,36.07939767282683,0.9184120465434634,37.00439894466324,69,52,4294967279
00-0038108,Bailey Zappe,QB,7.5675150784077205,4.43425814234017,2024,4.43425814234017,33.55631535371144,26.351813826146476,1.0,33.55631535371144,70,63,4294967289
00-0032436,Jeff Driskel,QB,9.504487021281202,3.311749042021173,2023,3.311749042021173,31.476475787630694,32.3586584531143,0.992826830937714,31.250689705321065,71,,
00-0032156,Trevor Siemian,QB,7.258271009248091,4.262967430639325,2023,4.262967430639325,30.941772915178234,33.68377823408624,0.9663244353182752,29.899791240005907,72,,
00-0035100,Jake Browning,QB,6.261683501683502,4.757575757575758,2024,4.757575757575758,29.790433629221514,29.39082819986311,1.0,29.790433629221514,73,76,3
00-0038400,Tanner McKee,QB,14.41,2.0,2024,2.0,28.82,25.347022587268995,1.0,28.82,74,49,4294967271
00-0027688,Colt McCoy,QB,6.734559710494571,4.940892641737032,2022,4.940892641737032,33.2747365189213,38.98973305954826,0.8602053388090348,28.62310600104006,75,,
00-0036312,Jake Luton,QB,9.42,3.0,2020,3.0,28.259999999999998,29.39082819986311,1.0,28.259999999999998,76,,
00-0033319,Nick Mullens,QB,5.953884073536072,4.355223075419264,2024,4.355223075419264,25.930493305435547,30.45037645448323,1.0,25.930493305435547,77,68,4294967287
00-0038128,Malik Willis,QB,5.208752943879603,4.9493365500603135,2024,4.9493365500603135,25.779871325377577,26.272416153319643,1.0,25.779871325377577,78,44,4294967262
00-0023682,Ryan Fitzpatrick,QB,7.165723905723907,4.151515151515152,2021,4.151515151515152,29.748611366187134,42.770704996577685,0.7845859000684463,23.340341024526346,79,,
00-0029567,Nick Foles,QB,8.06305052941965,3.1133896260554885,2022,3.1133896260554885,25.10341787265635,36.61327857631759,0.9077344284736482,22.787236675370877,80,,
00-0033275,PJ Walker,QB,4.252661412011149,5.1599297012302285,2023,5.1599297012302285,21.943433929112008,30.51334702258727,1.0,21.943433929112008,81,,
00-0036879,Sam Ehlinger,QB,5.515151515151516,3.606060606060606,2022,3.606060606060606,19.887970615243344,26.921286789869953,1.0,19.887970615243344,82,,
00-0037012,Trey Lance,QB,5.178532812845253,3.8257346983869778,2024,3.8257346983869778,19.8116926688376,25.314168377823407,1.0,19.8116926688376,83,60,4294967273
00-0039398,Joe Milton III,QB,19.240000000000002,1.0,2024,1.0,19.240000000000002,25.489390828199863,1.0,19.240000000000002,84,54,4294967266
00-0035652,Ryan Finley,QB,4.789999999999999,4.0,2020,4.0,19.159999999999997,30.68309377138946,1.0,19.159999999999997,85,,
00-0038416,Tyson Bagent,QB,4.156848484848486,4.3939393939393945,2024,4.3939393939393945,18.264940312213046,25.232032854209447,1.0,18.264940312213046,86,77,4294967287
00-0038583,Dorian Thompson-Robinson,QB,2.8396825396825394,6.3939393939393945,2024,6.3939393939393945,18.156758056758058,25.79876796714579,1.0,18.156758056758058,87,55,4294967264
00-0035264,Jarrett Stidham,QB,6.830326441045347,2.4255957752227477,2024,2.4255957752227477,16.56761095879182,29.065023956194388,1.0,16.56761095879182,88,73,4294967281
00-0031237,Teddy Bridgewater,QB,3.978844443533153,4.07218739869488,2024,4.07218739869488,16.20260020432285,32.80766598220397,0.9838466803559206,15.940874424157196,89,74,4294967281
00-0035939,Bryce Perkins,QB,3.0880000000000005,5.0,2022,5.0,15.440000000000003,28.698151950718685,1.0,15.440000000000003,90,,
00-0037327,Skylar Thompson,QB,3.8301054481546575,3.78207381370826,2024,3.78207381370826,14.48574151920707,28.243668720054757,1.0,14.48574151920707,91,62,4294967267
00-0034401,Mike White,QB,4.406104187747422,3.2757096447781864,2024,3.2757096447781864,14.433117983701788,30.439425051334702,1.0,14.433117983701788,92,69,4294967273
00-0038998,Jake Haener,QB,1.655,8.0,2024,8.0,13.24,26.480492813141684,1.0,13.24,93,59,4294967262
00-0032245,Sean Mannion,QB,12.96,1.0,2021,1.0,12.96,33.35249828884326,0.9729500342231349,12.609432443531828,94,,
00-0033550,Davis Webb,QB,12.499999999999998,1.0,2022,1.0,12.499999999999998,30.60917180013689,1.0,12.499999999999998,95,,
00-0033936,C.J. Beathard,QB,2.610924357813637,4.726101081109868,2023,4.726101081109868,12.339492430159119,31.79192334017796,1.0,12.339492430159119,96,,
00-0036197,Jake Fromm,QB,3.633333333333334,2.9999999999999996,2021,2.9999999999999996,10.9,27.091033538672143,1.0,10.9,97,,
00-0035146,Trace McSorley,QB,2.587434094903339,4.10896309314587,2022,4.10896309314587,10.631671201905109,30.026009582477755,1.0,10.631671201905109,98,,
00-0031395,Garrett Gilbert,QB,10.423030303030304,1.0,2021,1.0,10.423030303030304,34.171115674195754,0.9565776865160849,9.970438213759776,99,,
00-0034899,John Wolford,QB,4.720024125452351,2.0,2022,2.0,9.440048250904702,29.87816563997262,1.0,9.440048250904702,100,,
00-0034177,Tim Boyle,QB,2.9468056768811097,3.127554744977122,2024,3.127554744977122,9.216296077255034,30.913073237508556,1.0,9.216296077255034,101,57,4294967252
00-0035752,Chris Streveler,QB,5.447346200241253,1.5174909529553677,2022,1.5174909529553677,8.266298576481901,30.652977412731005,1.0,8.266298576481901,102,,
00-0032434,Brandon Allen,QB,2.6578585876088385,3.032662337013206,2024,3.032662337013206,8.06038763574844,32.988364134154686,0.9802327173169063,7.901055674817287,103,64,4294967257
00-0027948,Blaine Gabbert,QB,3.1933700804175325,2.6771049688448634,2023,2.6771049688448634,8.548986909646297,35.879534565366185,0.9224093086926763,7.88566510534958,104,,
00-0034577,Kyle Allen,QB,2.8030440822137703,2.774860740260479,2024,2.774860740260479,7.778056976954458,29.483915126625597,1.0,7.778056976954458,105,71,4294967262
00-0035040,David Blough,QB,5.0294813027744265,1.482509047044632,2022,1.482509047044632,7.4562515333049095,30.088980150581794,1.0,7.4562515333049095,106,,
00-0028986,Case Keenum,QB,3.367000053256644,2.423017521435799,2023,2.423017521435799,8.158300123716117,37.53867214236824,0.8892265571526352,7.2545771312300005,107,,
00-0026197,Chad Henne,QB,2.0809529553679127,4.0,2022,4.0,8.32381182147165,40.167008898015055,0.8366598220396989,6.964198917244413,108,,
00-0036384,Ben DiNucci,QB,3.4800000000000004,2.0,2020,2.0,6.960000000000001,28.76933607118412,1.0,6.960000000000001,109,,
00-0034955,Brett Rypien,QB,2.926934547584811,2.373861639239495,2023,2.373861639239495,6.948137643076389,29.14715947980835,1.0,6.948137643076389,110,,
00-0026300,Josh Johnson,QB,2.220273992781911,3.5020991382485085,2024,3.5020991382485085,7.7756196367971055,39.29911019849418,0.8540177960301163,6.640517544985958,111,70,4294967255
00-0037175,Anthony Brown,QB,2.7899999999999996,2.0,2022,2.0,5.579999999999999,27.09924709103354,1.0,5.579999999999999,112,,
00-0026544,Chase Daniel,QB,1.920900683554483,2.576598311218335,2022,2.576598311218335,4.949389457264626,38.902121834360024,0.8619575633127995,4.266163676469876,113,,
00-0026625,Brian Hoyer,QB,2.1383224157213614,2.146082973850988,2023,2.146082973850988,4.5890173289835285,39.88501026694045,0.842299794661191,3.865328353899473,114,,
00-0038550,Hendon Hooker,QB,0.8933333333333334,3.0,2024,3.0,2.68,27.633127994524298,1.0,2.68,115,67,4294967248
00-0036433,Tommy Stevens,QB,2.4000000000000004,1.0,2020,1.0,2.4000000000000004,28.711841204654345,1.0,2.4000000000000004,116,,
00-0029665,Robert Griffin III,QB,0.6450000000000002,4.0,2020,4.0,2.580000000000001,35.55099247091034,0.9289801505817933,2.3967687885010274,117,,
00-0038598,Jaren Hall,QB,0.706666666666667,3.0,2023,3.0,2.120000000000001,27.44147843942505,1.0,2.120000000000001,118,,
00-0036929,Ian Book,QB,2.0000000000000004,1.0,2021,1.0,2.0000000000000004,27.425051334702257,1.0,2.0000000000000004,119,,
00-0033958,Nathan Peterman,QB,0.850382560224388,1.5538690951696223,2023,1.5538690951696223,1.3213831794038966,31.329226557152634,1.0,1.3213831794038966,120,,
00-0038582,Clayton Tune,QB,0.238989898989899,5.393939393939394,2024,5.393939393939394,1.2890970309152128,26.444900752908968,1.0,1.2890970309152128,121,79,4294967254
00-0038391,Sean Clifford,QB,0.64,2.0,2023,2.0,1.28,27.134839151266256,1.0,1.28,122,,
00-0031288,AJ McCarron,QB,0.3843091105227028,2.0,2023,2.0,0.7686182210454056,34.9678302532512,0.940643394934976,0.722995652853032,123,,
00-0030151,Tyler Bray,QB,0.72,1.0,2020,1.0,0.72,33.68104038329911,0.9663791923340177,0.6957930184804927,124,,
00-0037324,Chris Oladokun,QB,0.5,1.0,2024,1.0,0.5,27.994524298425734,1.0,0.5,125,72,4294967243
00-0030533,Matt Barkley,QB,0.26449347847406096,1.6463665784054133,2023,1.6463665784054133,0.4354532231658856,34.98151950718686,0.9403696098562628,0.409486977579156,126,,
00-0036928,Kyle Trask,QB,0.13970245275432247,2.278648974668275,2024,2.278648974668275,0.31833285072728,27.49075975359343,1.0,0.31833285072728,127,75,4294967244
00-0036946,Kellen Mond,QB,0.2,1.0,2021,1.0,0.2,26.195756331279945,1.0,0.2,128,,
00-0027796,Joe Webb,QB,0.0,1.0,2020,1.0,0.0,38.798083504449004,0.8640383299110199,0.0,129,,
00-0034131,Kurt Benkert,QB,-0.1,1.0,2021,1.0,-0.1,30.12731006160164,1.0,-0.1,130,,
00-0036226,Jacob Eason,QB,-0.1757575757575759,1.0,2022,1.0,-0.1757575757575759,27.789185489390828,1.0,-0.1757575757575759,131,,
00-0022787,Matt Schaub,QB,-0.4,1.0,2020,1.0,-0.4,44.186173853524984,0.7562765229295003,-0.30251060917180017,132,,
00-0034438,Logan Woodside,QB,-0.18447138543124397,2.394122412904176,2023,2.394122412904176,-0.4416470784004261,30.595482546201232,1.0,-0.4416470784004261,133,,
00-0032792,Nate Sudfeld,QB,-0.5920562390158173,1.70298769771529,2022,1.70298769771529,-1.0082644913995202,31.901437371663246,1.0,-1.0082644913995202,134,,
00-0034343,Josh Rosen,QB,-1.08,2.9999999999999996,2021,2.9999999999999996,-3.2399999999999998,28.555783709787818,1.0,-3.2399999999999998,135,,
00-0039139,Jahmyr Gibbs,RB,19.82441077441078,18.0,2024,17.0,337.0149831649833,23.45242984257358,1.0,337.0149831649833,1,2,1
00-0038542,Bijan Robinson,RB,17.889304812834226,17.0,2024,17.0,304.1181818181818,23.586584531143053,1.0,304.1181818181818,2,4,2
00-0034844,Saquon Barkley,RB,17.905200153678383,16.08791366514807,2024,16.08791366514807,288.05731422957376,28.55852156057495,0.906488706365503,261.1207021350875,3,1,4294967294
00-0039040,De'Von Achane,RB,17.148945335710042,15.030303030303031,2024,15.030303030303031,257.7538450458237,23.88501026694045,1.0,257.7538450458237,4,7,3
00-0035700,Josh Jacobs,RB,16.46640240436558,16.116404067300007,2024,16.116404067300007,265.37919468351606,27.55373032169747,0.9667761806981519,256.56228427288096,5,6,1
00-0039361,Bucky Irving,RB,14.483333333333333,18.0,2024,17.0,246.21666666666664,23.0362765229295,1.0,246.21666666666664,6,11,5
00-0033897,Joe Mixon,RB,16.653973542141546,16.152808332570324,2024,16.152808332570324,269.0084426019097,29.10609171800137,0.8736344969199178,235.01505541972995,7,9,2
00-0037248,James Cook,RB,13.806847889728342,18.796139927623642,2024,17.0,234.71641412538182,25.935660506502394,1.0,234.71641412538182,8,5,4294967293
00-0038120,Breece Hall,RB,15.976217169618149,14.478890229191798,2024,14.478890229191798,231.31789467663046,24.254620123203285,1.0,231.31789467663046,9,17,8
00-0032764,Derrick Henry,RB,18.748931664283248,16.75471478664987,2024,16.75471478664987,314.1330025894545,31.657768651608485,0.7205338809034909,226.34347147564603,10,3,4294967289
00-0037840,Kyren Williams,RB,15.15866673368181,14.393244873341375,2024,14.393244873341375,218.18240225125618,25.01574264202601,1.0,218.18240225125618,11,8,4294967293
00-0036223,Jonathan Taylor,RB,16.747591725167364,12.936260984258885,2024,12.936260984258885,216.65121741457952,26.61738535249829,1.0,216.65121741457952,12,15,3
00-0037256,Rachaad White,RB,12.733180256632734,17.348612786489745,2024,17.0,216.46406436275646,26.636550308008214,1.0,216.46406436275646,13,21,8
00-0036275,D'Andre Swift,RB,13.236122274032539,15.780492995562991,2024,15.780492995562991,208.87253483378578,26.63107460643395,1.0,208.87253483378578,14,19,5
00-0033906,Alvin Kamara,RB,18.14814490417388,14.013221942039241,2024,14.013221942039241,254.31398237847705,30.105407255304584,0.813675564681725,206.92907321826556,15,10,4294967291
00-0036893,Najee Harris,RB,12.529841629360911,17.819992544069876,2024,17.0,213.00730769913548,27.482546201232033,0.971047227926078,206.84015566924265,16,20,4
00-0035685,David Montgomery,RB,14.374353311849188,15.535215206099465,2024,15.535215206099465,223.30867214808572,28.23545516769336,0.9258726899383984,206.75540096832003,17,18,1
00-0038134,Kenneth Walker III,RB,14.87082488028658,13.27382388419783,2024,13.27382388419783,197.39271047367134,24.865160848733744,1.0,197.39271047367134,18,29,11
00-0036973,Travis Etienne,RB,11.921714027494053,16.44270205066345,2024,16.44270205066345,196.02519168729967,26.598220396988363,1.0,196.02519168729967,19,37,18
00-0035261,Tony Pollard,RB,12.557910976051366,16.849292627338215,2024,16.849292627338215,211.5919168235519,28.33949349760438,0.9196303901437373,194.58635701970425,20,22,2
00-0036555,Chuba Hubbard,RB,11.99484505523997,15.490866485594077,2024,15.490866485594077,185.8105432661107,26.2258726899384,1.0,185.8105432661107,21,16,4294967291
00-0033293,Aaron Jones,RB,14.574719083325332,16.18708194238569,2024,16.18708194238569,235.92217208903958,30.748802190280628,0.7750718685831623,182.8566387612503,22,14,4294967288
00-0039384,Tyrone Tracy Jr.,RB,10.723529411764707,17.0,2024,17.0,182.3,25.7741273100616,1.0,182.3,23,28,5
00-0033553,James Conner,RB,15.59151929662563,14.58470530882131,2024,14.58470530882131,227.39771425808573,30.327173169062284,0.8003696098562629,182.00221984295004,24,13,4294967285
00-0033699,Austin Ekeler,RB,14.75956121137875,14.99983914912361,2024,14.99983914912361,221.39104408232527,30.2943189596167,0.8023408624229981,177.63108124174084,25,32,7
00-0037746,Brian Robinson,RB,11.47489711204144,15.353437876960191,2024,15.353437876960191,176.17911995423816,26.4476386036961,1.0,176.17911995423816,26,25,4294967295
00-0033280,Christian McCaffrey,RB,18.829310429657035,10.792507318714875,2024,10.792507318714875,203.21547061842787,29.234770704996578,0.8659137577002054,175.96707178601855,27,68,41
00-0036875,Rhamondre Stevenson,RB,12.120415464476253,14.295201576396657,2024,14.295201576396657,173.26378225436335,27.52087611225188,0.9687474332648872,167.8488443366808,28,30,2
00-0038597,Chase Brown,RB,11.41540404040404,14.424242424242424,2024,14.424242424242424,164.6585552494643,25.44832306639288,1.0,164.6585552494643,29,12,4294967279
00-0039165,Zach Charbonnet,RB,9.275412210338681,16.60606060606061,2024,16.60606060606061,154.02805731107873,24.646132785763175,1.0,154.02805731107873,30,26,4294967292
00-0036997,Javonte Williams,RB,10.288549264658021,14.809021675454014,2024,14.809021675454014,152.3633490692971,25.352498288843258,1.0,152.3633490692971,31,31,0
00-0037228,Jaylen Warren,RB,8.67823766921324,16.62726176115802,2024,16.62726176115802,144.29532935155044,26.833675564681723,1.0,144.29532935155044,32,36,4
00-0035250,Devin Singletary,RB,8.9596171205013,17.248952613331813,2024,17.0,152.31349104852208,27.994524298425734,0.9403285420944559,143.22472297897374,33,49,16
00-0037197,Isiah Pacheco,RB,9.780975740517357,14.547647768395656,2024,14.547647768395656,142.2901899042694,26.50239561943874,1.0,142.2901899042694,34,61,27
00-0036328,Antonio Gibson,RB,8.843266886879523,16.157977832274604,2024,16.157977832274604,142.88931032308736,27.19233401779603,0.9884599589322383,141.2403618138148,35,45,10
00-0033923,Kareem Hunt,RB,10.490938111262645,15.438759122100663,2024,15.438759122100663,161.96706646464966,30.072553045859,0.8156468172484601,132.1079222609613,36,27,4294967287
00-0036265,AJ Dillon,RB,8.511515728699456,15.625872077541674,2023,15.625872077541674,132.9998559626416,27.3347022587269,0.9799178644763861,130.3289348305787,37,,
00-0039032,Tyjae Spears,RB,9.30136660724896,13.96969696969697,2024,13.96969696969697,129.9372729073264,24.213552361396303,1.0,129.9372729073264,38,43,5
00-0037263,Tyler Allgeier,RB,7.583783615979565,16.796139927623642,2024,16.796139927623642,127.37829079481237,25.37987679671458,1.0,127.37829079481237,39,44,5
00-0037267,Jerome Ford,RB,8.442506749382503,15.050663449939684,2024,15.050663449939684,127.06532775880032,25.971252566735114,1.0,127.06532775880032,40,35,4294967291
00-0034972,Alexander Mattison,RB,8.189179603771068,15.330654960022368,2024,15.330654960022368,125.54548691106693,27.203285420944557,0.9878028747433266,124.0141928818026,41,34,4294967289
00-0032241,Todd Gurley,RB,10.879999999999999,15.0,2020,15.0,163.2,31.080082135523615,0.7551950718685831,123.24783572895277,42,,
00-0036158,J.K. Dobbins,RB,12.561397681648396,9.545556015226522,2024,9.545556015226522,119.90552519971133,26.707734428473646,1.0,119.90552519971133,43,24,4294967277
00-0033045,Ezekiel Elliott,RB,8.686721326527877,16.17549820465676,2024,16.17549820465676,140.51204522160526,30.11362080766598,0.8131827515400412,114.26197155782366,44,64,20
00-0035243,Miles Sanders,RB,8.27143173702524,14.08051947409187,2024,14.08051947409187,116.46605565180545,28.33675564681725,0.9197946611909651,107.12485619850048,45,55,10
00-0039875,Ray Davis,RB,6.285,20.0,2024,17.0,106.845,25.782340862423,1.0,106.845,46,39,4294967289
00-0034975,Justice Hill,RB,6.495604657234538,16.704562681689577,2024,16.704562681689577,108.50623515224908,27.797399041752225,0.9521560574948665,103.31486907617638,47,33,4294967282
00-0036251,Zack Moss,RB,9.375090156032421,11.457071375720426,2024,11.457071375720426,107.4110770714774,27.71252566735113,0.9572484599589322,102.8190881092019,48,53,5
00-0038794,Jaleel McLaughlin,RB,5.950089126559715,17.0,2024,17.0,101.15151515151516,24.96646132785763,1.0,101.15151515151516,49,47,4294967294
00-0034367,Nyheim Hines,RB,6.522911295599863,17.48250904704463,2022,17.0,110.88949202519768,28.802190280629706,0.8918685831622176,98.89885414009109,50,,
00-0039363,Isaac Guerendo,RB,6.0125,16.0,2024,16.0,96.2,25.1772758384668,1.0,96.2,51,50,4294967295
00-0036139,Rico Dowdle,RB,7.194667639652006,12.788738925091833,2024,12.788738925091833,92.01072609631619,27.21697467488022,0.9869815195071868,90.81288625350172,52,23,4294967267
00-0034791,Nick Chubb,RB,11.765846909809282,9.03787419481763,2024,9.03787419481763,106.33824416634008,29.68104038329911,0.8391375770020535,89.23241655239536,53,62,9
00-0036414,Cam Akers,RB,7.067905608671465,12.50428234525527,2024,12.50428234525527,88.3790873204413,26.195756331279945,1.0,88.3790873204413,54,48,4294967290
00-0036924,Michael Carter,RB,8.877772705716467,9.9503648080098,2024,9.9503648080098,88.33707710447108,26.321697467488022,1.0,88.33707710447108,55,77,22
00-0036919,Kenny Gainwell,RB,5.192400560373268,19.2442349683123,2024,17.0,88.27080952634556,26.469541409993155,1.0,88.27080952634556,56,56,0
00-0039021,Roschon Johnson,RB,6.28980574980575,13.787878787878789,2024,13.787878787878789,86.72307927762475,24.583162217659137,1.0,86.72307927762475,57,54,4294967293
00-0039794,Braelon Allen,RB,5.011764705882353,17.0,2024,17.0,85.2,21.61533196440794,1.0,85.2,58,51,4294967289
00-0036567,Elijah Mitchell,RB,7.62379008205305,11.322074788902292,2023,11.322074788902292,86.31712148389617,27.3347022587269,0.9799178644763861,84.58368935224833,59,,
00-0038555,Tank Bigsby,RB,5.637878787878789,14.81818181818182,2024,14.81818181818182,83.54311294765843,23.006160164271048,1.0,83.54311294765843,60,38,4294967274
00-0033526,Samaje Perine,RB,5.921754736077652,18.386472688758502,2024,17.0,100.66983051332008,29.960301163586585,0.8223819301848049,82.78904952892134,61,52,4294967287
00-0034184,Gus Edwards,RB,7.270277775869924,14.121734446539186,2024,14.121734446539186,102.66893210341061,30.38740588637919,0.7967556468172485,81.80205140608909,62,60,4294967294
00-0037525,Jordan Mason,RB,5.980778620253891,13.662243667068756,2024,13.662243667068756,81.71085482870393,26.275154004106774,1.0,81.71085482870393,63,41,4294967274
00-0035664,Darrell Henderson,RB,10.05850810388596,8.568727698780423,2023,8.568727698780423,86.18861699817496,28.035592060232716,0.9378644763860371,80.83324215143006,64,,
00-0037258,Dameon Pierce,RB,5.962494973864094,13.4583835946924,2024,13.4583835946924,80.24554453968841,25.533196440793976,1.0,80.24554453968841,65,70,5
00-0033856,Leonard Fournette,RB,9.627103585216373,10.132182989827982,2023,10.132182989827982,97.5435751874413,30.62012320328542,0.7827926078028749,76.35638959539298,66,,
00-0033594,Chris Carson,RB,13.25757575757576,7.545454545454546,2021,7.545454545454546,100.03443526170801,30.9596167008898,0.762422997946612,76.26855403012769,67,,
00-0034681,Chase Edmonds,RB,6.2069464415685855,14.203120839324706,2023,14.203120839324706,88.15801035281511,29.385352498288842,0.8568788501026694,75.54073453845943,68,,
00-0031376,Jerick McKinnon,RB,8.159969360848097,14.875539223518134,2023,14.875539223518134,121.38394429000205,33.3305954825462,0.6201642710472279,75.27798532744644,69,,
00-0032972,Devontae Booker,RB,7.709040404040405,15.606060606060606,2021,15.606060606060606,120.30775176002449,33.26488706365503,0.6241067761806982,75.0848831004966,70,,
00-0031687,Raheem Mostert,RB,9.387639097936862,12.615727256304735,2024,12.615727256304735,118.43189444019407,33.39630390143737,0.6162217659137578,72.98031113244814,71,57,4294967282
00-0035537,Ty Johnson,RB,5.086877837996246,15.165691250454712,2024,15.165691250454712,77.14601871983164,27.956194387405887,0.9426283367556468,72.7200233131949,72,42,4294967266
00-0036906,Khalil Herbert,RB,6.024447311023642,12.22197369121798,2024,12.22197369121798,73.63063653945986,27.364818617385353,0.9781108829568788,72.0189269182881,73,83,10
00-0032602,J.D. McKissic,RB,9.418920418260516,10.775633293124246,2022,10.775633293124246,101.49483244429577,32.04654346338125,0.6972073921971251,70.76294744997162,74,,
00-0033948,Jamaal Williams,RB,6.105567883109304,14.277113889844369,2024,14.277113889844369,87.16988802932752,30.414784394250514,0.7951129363449692,69.30990563186079,75,75,0
00-0034349,Kerryon Johnson,RB,5.128571428571428,14.0,2020,14.0,71.8,28.17248459958932,0.9296509240246408,66.74893634496921,76,,
00-0036360,Clyde Edwards-Helaire,RB,6.780485068935996,9.719587429875205,2024,9.719587429875205,65.90351744448682,26.392881587953458,1.0,65.90351744448682,77,107,30
00-0036383,Eno Benjamin,RB,5.639109039109039,11.424242424242424,2022,11.424242424242424,64.42254871951842,26.38740588637919,1.0,64.42254871951842,78,,
00-0038705,Emari Demercado,RB,5.175185420639966,12.212121212121215,2024,12.212121212121215,63.19999165205778,26.614647501711158,1.0,63.19999165205778,79,65,4294967282
00-0035657,Damien Harris,RB,7.122509049594846,9.65276668264366,2023,9.65276668264366,68.7519180507571,28.553045859000683,0.906817248459959,62.34542515313214,80,,
00-0038797,Emanuel Wilson,RB,4.517316017316017,13.66666666666667,2024,13.66666666666667,61.73665223665225,26.31895961670089,1.0,61.73665223665225,81,46,4294967261
00-0031285,Devonta Freeman,RB,8.38939393939394,11.666666666666668,2021,11.666666666666668,97.87626262626264,33.464750171115675,0.6121149897330596,59.911527492585,82,,
00-0033893,Dalvin Cook,RB,7.282808329035138,10.066478429897474,2024,10.066478429897474,73.31223295330989,30.06160164271047,0.8163039014373717,59.845061782872314,83,117,34
00-0034440,Justin Jackson,RB,5.238825463840542,13.25934861278649,2022,13.25934861278649,69.46341314660464,29.360711841204655,0.8583572895277207,59.624427029863796,84,,
00-0034301,Darrel Williams,RB,6.53488557163919,11.319662243667068,2022,11.319662243667068,73.97269747196883,30.38193018480493,0.7970841889117043,58.96246756605515,85,,
00-0033925,D'Onta Foreman,RB,6.601433964941108,10.392958691020313,2024,10.392958691020313,68.60843049913137,29.35523613963039,0.8586858316221767,58.913087199438934,86,82,4294967292
00-0030513,Latavius Murray,RB,7.989249950659286,15.235234595515792,2023,15.235234595515792,121.71809724050718,35.619438740588635,0.48283367556468193,58.76959627337345,87,,
00-0034845,Sony Michel,RB,5.4575772588890805,13.042219541616404,2022,13.042219541616404,71.17892077576445,30.537987679671456,0.7877207392197126,56.069112090346536,88,,
00-0032104,Ameer Abdullah,RB,5.295121713385742,15.359405198205398,2024,15.359405198205398,81.32991996970723,32.219028062970565,0.6868583162217661,55.8621318888441,89,40,4294967247
00-0034816,Ronald Jones,RB,5.359497622933372,11.065138721351024,2022,11.065138721351024,59.303584674508826,28.07939767282683,0.9352361396303903,55.46285559723161,90,,
00-0035831,James Robinson,RB,6.9853000596889405,7.630505405549342,2023,7.630505405549342,53.3013698648406,27.06365503080082,0.9961806981519508,53.09779584441226,91,,
00-0032144,Melvin Gordon,RB,8.252961690720918,9.108750066570806,2023,9.108750066570806,75.17416534976047,32.38603696098563,0.6768377823408623,50.88071536465717,92,,
00-0039373,Audric Estimé,RB,3.746153846153846,13.000000000000002,2024,13.000000000000002,48.70000000000001,21.987679671457904,1.0,48.70000000000001,93,67,4294967270
00-0030288,Rex Burkhead,RB,6.671057498994773,13.980699638118214,2022,13.980699638118214,93.26605116206201,35.16769336071184,0.5099383983572898,47.55994075069095,94,,
00-0039921,Trey Benson,RB,3.9166666666666665,12.0,2024,12.0,47.0,23.110198494182068,1.0,47.0,95,69,4294967270
00-0039798,Isaiah Davis,RB,3.5307692307692307,13.000000000000002,2024,13.000000000000002,45.900000000000006,23.526351813826146,1.0,45.900000000000006,96,71,4294967271
00-0034253,Dontrell Hilliard,RB,6.032060045570299,9.632086851628467,2022,9.632086851628467,58.10132625317109,30.51334702258727,0.7891991786447639,45.853518957174074,97,,
00-0034414,Boston Scott,RB,3.9375405512927486,14.555679821057677,2023,14.555679821057677,57.31357954704818,30.34907597535934,0.7990554414784395,45.796727607676246,98,,
00-0036829,Caleb Huntley,RB,3.741666666666667,12.0,2022,12.0,44.900000000000006,26.962354551676935,1.0,44.900000000000006,99,,
00-0033308,Matt Breida,RB,3.968113098424818,14.082654311125312,2023,14.082654311125312,55.88156503256508,30.507871321013003,0.7895277207392198,44.120044671501596,100,,
00-0030578,Cordarrelle Patterson,RB,5.624171728721035,13.74749629424327,2024,13.74749629424327,77.3182799987802,34.46132785763176,0.5523203285420946,42.70445781123594,101,74,4294967269
00-0031062,James White,RB,9.583982683982686,7.333333333333334,2021,7.333333333333334,70.2825396825397,33.57700205338809,0.6053798767967145,42.54763521397608,102,,
00-0032063,Mike Davis,RB,5.7614158329194165,10.8021712907117,2022,10.8021712907117,62.23580070421396,32.53114305270363,0.6681314168377824,41.58169370254033,103,,
00-0036020,Salvon Ahmed,RB,5.458681144174034,7.603024977365927,2023,7.603024977365927,41.5024890826316,26.67488021902806,1.0,41.5024890826316,104,,
00-0034115,Jeff Wilson,RB,4.981937987222215,9.836380013907414,2024,9.836380013907414,49.00423524803873,29.793292265571527,0.8324024640657084,40.79124617012308,105,105,0
00-0023500,Frank Gore,RB,6.680000000000001,15.0,2020,15.0,100.2,42.30253251197809,0.4,40.080000000000005,106,,
00-0032426,Alex Collins,RB,6.561340679522498,7.848484848484849,2021,7.848484848484849,51.49658290897961,31.017111567419576,0.7589733059548255,39.08453177580502,107,,
00-0032741,Peyton Barber,RB,4.468686868686869,11.96969696969697,2021,11.96969696969697,53.48882767064586,31.509924709103352,0.7294045174537989,39.01499253627685,108,,
00-0037276,Ty Chandler,RB,3.0972054684358667,12.66344993968637,2024,12.66344993968637,39.22130640246047,27.307323750855577,0.9815605749486653,38.49808806263687,109,90,4294967277
00-0038040,Zamir White,RB,3.679789450597653,10.179734620024126,2024,10.179734620024126,37.45928006464849,25.95482546201232,1.0,37.45928006464849,110,87,4294967273
00-0033950,Wayne Gallman,RB,5.012554112554112,9.757575757575758,2021,9.757575757575758,48.91037649219467,30.918548939082818,0.7648870636550309,37.41091425737683,111,,
00-0038098,Pierre Strong,RB,2.6999480374872413,13.329312424607961,2024,13.329312424607961,35.988450921874566,26.72689938398357,1.0,35.988450921874566,112,78,4294967262
00-0038951,Sean Tucker,RB,3.13202614379085,11.484848484848486,2024,11.484848484848486,35.97084571202219,23.852156057494867,1.0,35.97084571202219,113,59,4294967242
00-0033118,Kenyan Drake,RB,6.099575367027037,8.09048303775896,2023,8.09048303775896,49.34851104446462,31.59753593429158,0.7241478439425051,35.73561787462196,114,,
00-0038551,Kendre Miller,RB,5.376190476190476,6.3939393939393945,2024,6.3939393939393945,34.37503607503608,23.225188227241613,1.0,34.37503607503608,115,88,4294967269
00-0038611,Chris Rodriguez Jr.,RB,4.386195286195287,7.787878787878787,2024,7.787878787878787,34.1591572288542,25.932922655715263,1.0,34.1591572288542,116,84,4294967264
00-0037120,Tyler Goodson,RB,3.110461760461761,10.848484848484848,2024,10.848484848484848,33.74379728016092,24.807665982203968,1.0,33.74379728016092,117,73,4294967252
00-0039738,Blake Corum,RB,2.2333333333333334,15.0,2024,15.0,33.5,24.76659822039699,1.0,33.5,118,79,4294967257
00-0039391,Kimani Vidal,RB,3.6333333333333333,9.0,2024,9.0,32.7,24.01095140314853,1.0,32.7,119,81,4294967258
00-0034457,Josh Adams,RB,4.575,8.0,2020,8.0,36.6,28.840520191649556,0.8895687885010266,32.558217659137576,120,,
00-0031045,Carlos Hyde,RB,5.581818181818183,11.0,2021,11.0,61.40000000000001,34.94866529774127,0.5230800821355237,32.11711704312116,121,,
00-0027966,Mark Ingram,RB,5.928669653627434,11.254523522316042,2022,11.254523522316042,66.72435207279126,35.696098562628336,0.4782340862422999,31.909859543640838,122,,
00-0034799,Kalen Ballage,RB,3.8813284358738906,9.787878787878789,2021,9.787878787878789,37.989972266280816,29.69472963723477,0.8383162217659139,31.847610015260386,123,,
00-0034838,Royce Freeman,RB,4.018509265849096,9.241465622836449,2023,9.241465622836449,37.13691523539416,29.519507186858316,0.848829568788501,31.52291174539474,124,,
00-0037617,Hassan Haskins,RB,2.3523243013576933,13.29701230228471,2024,13.29701230228471,31.27888517411653,25.765913757700204,1.0,31.27888517411653,125,80,4294967251
00-0030496,Le'Veon Bell,RB,5.355050505050506,9.575757575757578,2021,9.575757575757578,51.27866544230182,33.53593429158111,0.6078439425051336,31.169426168850492,126,,
00-0028087,Dion Lewis,RB,3.6999999999999997,16.0,2020,16.0,59.199999999999996,34.92950034223135,0.524229979466119,31.034414784394244,127,,
00-0032187,David Johnson,RB,6.108514274225974,8.453558504221954,2022,8.453558504221954,51.63868279104418,33.71115674195756,0.5973305954825465,30.84536514150875,128,,
00-0035628,D'Ernest Johnson,RB,2.8081370230874625,12.919037567340837,2024,12.919037567340837,36.27842769550759,29.51129363449692,0.8493223819301848,30.81208062303049,129,76,4294967243
00-0035148,Darwin Thompson,RB,6.640000000000001,5.0,2020,5.0,33.2,28.550308008213552,0.9069815195071869,30.111786447638607,130,,
00-0036425,DeeJay Dallas,RB,1.8837681830432187,15.871351469063427,2024,15.871351469063427,29.89794691931793,26.9596167008898,1.0,29.89794691931793,131,100,4294967265
00-0039746,Will Shipley,RB,1.8375,16.0,2024,16.0,29.4,23.00889801505818,1.0,29.4,132,86,4294967250
00-0038685,Chris Brooks,RB,3.321717171717172,8.848484848484848,2024,8.848484848484848,29.39216406489134,25.639972621492127,1.0,29.39216406489134,133,72,4294967235
00-0036984,Trey Sermon,RB,3.0458800913985455,9.605315013047878,2024,9.605315013047878,29.256637769854095,26.587268993839835,1.0,29.256637769854095,134,66,4294967228
00-0035217,Benny Snell,RB,2.3270374575242236,12.936067551266586,2022,12.936067551266586,30.102713744861006,27.509924709103352,0.9694045174537989,29.181706691886824,135,,
00-0033955,Jeremy McNichols,RB,2.841865888049202,12.232344034638828,2024,12.232344034638828,34.762681242922234,29.68377823408624,0.8389733059548256,29.16496160622827,136,58,4294967218
00-0033854,Dare Ogunbowale,RB,2.6990850949628826,14.58751648721483,2024,14.58751648721483,39.37294832316685,31.329226557152634,0.7402464065708421,29.145683512323725,137,63,4294967222
00-0034109,Phillip Lindsay,RB,4.620598540984549,8.080820265379977,2022,8.080820265379977,37.33822632817309,31.107460643394933,0.753552361396304,28.136308619944483,138,,
00-0034378,Ito Smith,RB,5.491125541125542,6.121212121212122,2021,6.121212121212122,33.61234422143514,29.973990417522245,0.8215605749486653,27.6145768439347,139,,
00-0038454,Keaton Mitchell,RB,4.7580086580086585,5.787878787878788,2024,5.787878787878788,27.538777384231935,23.62217659137577,1.0,27.538777384231935,140,111,4294967267
00-0032058,Tevin Coleman,RB,7.2074660964287025,5.638118214716526,2022,5.638118214716526,40.636545880226485,32.37782340862423,0.6773305954825461,27.524375819407613,141,,
00-0036755,Jaret Patterson,RB,3.8317171717171723,7.121212121212122,2022,7.121212121212122,27.286470768288957,25.691991786447637,1.0,27.286470768288957,142,,
00-0037509,Sincere McCormick,RB,6.800000000000001,4.0,2024,4.0,27.200000000000003,24.974674880219027,1.0,27.200000000000003,143,91,4294967244
00-0039874,Jaylen Wright,RB,2.053846153846154,13.000000000000002,2024,13.000000000000002,26.700000000000006,22.420260095824776,1.0,26.700000000000006,144,93,4294967245
00-0035567,Craig Reynolds,RB,3.3568769484510845,8.78458850633876,2024,8.78458850633876,29.48878265855693,29.21286789869952,0.8672279260780287,25.57349582754606,145,97,4294967248
00-0030456,Giovani Bernard,RB,4.517005930840369,9.437876960193002,2022,9.437876960193002,42.630946203733465,33.776865160848736,0.5933880903490758,25.296695757607583,146,,
00-0025394,Adrian Peterson,RB,7.09564393939394,8.727272727272728,2021,8.727272727272728,61.92561983471076,40.44900752908966,0.4,24.770247933884306,147,,
00-0031806,Malcolm Brown,RB,4.054686273383498,8.928829915560916,2022,8.928829915560916,36.20360409600079,32.2984257357974,0.6820944558521559,24.69427763574854,148,,
00-0035973,Patrick Taylor,RB,3.0421343233997016,8.247590136869574,2024,8.247590136869574,25.090277040703775,27.342915811088297,0.9794250513347023,24.574045878593196,149,85,4294967232
00-0033025,Jalen Richard,RB,3.0393939393939395,11.181818181818182,2021,11.181818181818182,33.985950413223144,31.879534565366185,0.7072279260780289,24.035813226534533,150,,
00-0034750,Rashaad Penny,RB,5.896177948199037,4.813921286680514,2023,4.813921286680514,28.38373653489158,29.579739904175224,0.8452156057494866,23.99037706877222,151,,
00-0035311,Myles Gaskin,RB,4.383179533478631,6.0239386073355305,2024,6.0239386073355305,26.404004414604866,28.542094455852155,0.9074743326488707,23.960956285401387,152,124,4294967268
00-0039325,Carson Steele,RB,1.8384615384615386,13.000000000000002,2024,13.000000000000002,23.900000000000006,22.863791923340177,1.0,23.900000000000006,153,95,4294967238
00-0035860,Tony Jones,RB,6.846597014112808,3.5999935659649447,2024,3.5999935659649447,24.64770519956091,27.770020533880903,0.9537987679671458,23.50895085255861,154,103,4294967245
00-0035957,Rodney Smith,RB,7.9935064935064934,3.3636363636363638,2021,3.3636363636363638,26.887249114521843,29.508555783709788,0.8494866529774128,22.840359258065067,155,,
00-0033951,Marlon Mack,RB,5.202378080303291,5.149577804583836,2022,5.149577804583836,26.79005069338329,29.48665297741273,0.850800821355236,22.792997134078913,156,,
00-0036245,Malcolm Perry,RB,2.744444444444445,9.0,2020,9.0,24.700000000000003,28.369609856262834,0.91782340862423,22.670238193018484,157,,
00-0030404,Chris Thompson,RB,7.1000000000000005,6.0,2020,6.0,42.6,34.86652977412731,0.5280082135523616,22.493149897330603,158,,
00-0038636,Kenny McIntosh,RB,2.0363636363636366,11.0,2024,11.0,22.400000000000002,25.49760438056126,1.0,22.400000000000002,159,96,4294967233
00-0037557,Ronnie Rivers,RB,3.1983456832672754,6.921592279855248,2024,6.921592279855248,22.13764478961113,26.584531143052704,1.0,22.13764478961113,160,99,4294967235
00-0035806,JaMycal Hasty,RB,2.5687917777745564,9.464282444240425,2024,9.464282444240425,24.311770925300884,28.969199178644764,0.8818480492813141,21.439287765050754,161,89,4294967224
00-0036370,Joshua Kelley,RB,2.5685353996387335,8.734482221028902,2024,8.734482221028902,22.434826782227884,27.78097193702943,0.9531416837782342,21.383568574485707,162,134,4294967268
00-0038738,Hunter Luepke,RB,1.664805194805195,12.424242424242424,2024,12.424242424242424,20.683943329397877,25.508555783709788,1.0,20.683943329397877,163,92,4294967225
00-0033725,Corey Clement,RB,3.3654896370216028,7.90108564535585,2022,7.90108564535585,26.591021860665254,30.830937713894592,0.7701437371663244,20.47890895084417,164,,
00-0036493,Deon Jackson,RB,3.7918777643747488,5.340168878166466,2023,5.340168878166466,20.24926762712547,26.535249828884325,1.0,20.24926762712547,165,,
00-0036188,Antonio Williams,RB,21.3,1.0,2020,1.0,21.3,27.860369609856264,0.9483778234086242,20.200447638603695,166,,
00-0037429,Raheem Blackshear,RB,1.5428226779252108,13.193003618817853,2024,13.193003618817853,20.354465173061556,27.241615331964407,0.9855030800821356,20.059388121476722,167,109,4294967238
00-0037331,Zander Horvath,RB,2.066666666666667,9.0,2022,9.0,18.6,26.72689938398357,1.0,18.6,168,,
00-0032209,T.J. Yeldon,RB,5.24,5.0,2020,5.0,26.200000000000003,31.915126625598905,0.7050924024640657,18.473420944558523,169,,
00-0032404,Tyler Ervin,RB,3.2625,8.0,2020,8.0,26.1,31.901437371663246,0.7059137577002053,18.424349075975357,170,,
00-0038389,Israel Abanikanda,RB,3.05,6.0,2023,6.0,18.299999999999997,22.90759753593429,1.0,18.299999999999997,171,,
00-0037286,Kevin Harris,RB,4.10969696969697,4.3939393939393945,2023,4.3939393939393945,18.057759412304872,24.788501026694046,1.0,18.057759412304872,172,,
00-0036269,La'Mical Perine,RB,5.360039036606025,3.294542240553878,2023,3.294542240553878,17.658875017116266,27.586584531143053,0.9648049281314168,17.037369641770532,173,,
00-0029141,Alfred Morris,RB,4.522222222222222,9.0,2020,9.0,40.7,36.720054757015745,0.4167967145790553,16.963626283367553,174,,
00-0037157,Bam Knight,RB,4.25974025974026,3.96969696969697,2023,3.96969696969697,16.909878000787096,24.39151266255989,1.0,16.909878000787096,175,,
00-0038396,Eric Gray,RB,1.347619047619048,12.424242424242424,2024,12.424242424242424,16.743145743145746,25.82614647501711,1.0,16.743145743145746,176,98,4294967218
00-0032257,Duke Johnson,RB,5.464283364403991,4.293124246079614,2022,4.293124246079614,23.458847399172264,31.939767282683093,0.7036139630390145,16.505972586859073,177,,
00-0029239,Brandon Bolden,RB,3.298318314056624,9.955367913148372,2023,9.955367913148372,32.83597231110895,35.59753593429158,0.4841478439425053,15.8974651981792,178,,
00-0035594,Travis Homer,RB,1.7287194624414775,8.800297450389877,2024,8.800297450389877,15.213245477763092,27.069130732375086,0.9958521560574948,15.150143309662306,179,113,4294967230
00-0036654,Demetric Felton,RB,1.568686868686869,9.545454545454547,2022,9.545454545454547,14.973829201101932,27.12936344969199,0.9922381930184806,14.85760522906874,180,,
00-0038045,Isaiah Spiller,RB,1.9412794612794613,7.424242424242425,2023,7.424242424242425,14.412529333741455,24.06297056810404,1.0,14.412529333741455,181,,
00-0037085,Tyler Badie,RB,4.584534270650264,3.10896309314587,2024,3.10896309314587,14.253147846714088,26.56536618754278,1.0,14.253147846714088,182,106,4294967220
00-0033556,Tarik Cohen,RB,5.833333333333333,3.0,2020,3.0,17.5,30.102669404517453,0.8138398357289528,14.242197125256673,183,,
00-0033164,Troymaine Pope,RB,4.95,4.0,2020,4.0,19.8,31.756331279945243,0.7146201232032854,14.149478439425051,184,,
00-0033567,Brian Hill,RB,2.3488636363636366,6.909090909090909,2021,6.909090909090909,16.228512396694217,29.812457221081452,0.8312525667351129,13.489992584044668,185,,
00-0038622,Deuce Vaughn,RB,2.4151515151515155,5.393939393939394,2024,5.393939393939394,13.027180899908174,23.83025325119781,1.0,13.027180899908174,186,102,4294967212
00-0033376,Patrick Ricard,RB,1.7206661254192686,9.750262929317175,2024,9.750262929317175,16.776947136407312,31.266255989048595,0.7440246406570843,12.482462064488349,187,104,4294967213
00-0032780,Jordan Howard,RB,3.4592107530587626,4.418576598311218,2022,4.418576598311218,15.284787682091974,30.830937713894592,0.7701437371663244,11.771483507280115,188,,
00-0032940,DeAndre Washington,RB,4.275,4.0,2020,4.0,17.1,32.52292950034223,0.6686242299794662,11.433474332648874,189,,
00-0027029,LeSean McCoy,RB,3.5249999999999995,8.0,2020,8.0,28.199999999999996,37.138945927446954,0.4,11.28,190,,
00-0035268,Ryquell Armstead,RB,6.3,2.0,2021,2.0,12.6,28.83778234086242,0.8897330595482547,11.210636550308008,191,,
00-0038678,Jordan Mims,RB,1.9772727272727273,5.636363636363637,2024,5.636363636363637,11.144628099173554,26.212183436002736,1.0,11.144628099173554,192,94,4294967198
00-0036650,Larry Rountree III,RB,2.2888888888888888,4.757575757575758,2022,4.757575757575758,10.889562289562289,26.548939082819984,1.0,10.889562289562289,193,,
00-0035187,Austin Walter,RB,3.4040404040404044,3.606060606060606,2021,3.606060606060606,12.275176002448731,29.040383299110196,0.8775770020533882,10.772412155906652,194,,
00-0034400,Jordan Wilkins,RB,2.7344993968636913,5.207478890229192,2022,5.207478890229192,14.239847884512129,31.123887748117728,0.7525667351129364,10.716435830952147,195,,
00-0036857,Chris Evans,RB,1.5609167671893849,7.2340168878166455,2023,7.2340168878166455,11.291698254324173,27.906913073237508,0.9455852156057495,10.677262928370189,196,,
00-0037265,Snoop Conner,RB,2.04,5.0,2022,5.0,10.2,25.084188911704313,1.0,10.2,197,,
00-0034208,Mike Boone,RB,1.8341556002638504,6.667219333780416,2024,6.667219333780416,12.228717679240768,30.091718001368925,0.8144969199178645,9.960252884286742,198,114,4294967212
00-0036457,Ty'Son Williams,RB,3.2670995670995673,3.363636363636364,2022,3.363636363636364,10.989334907516728,28.99110198494182,0.8805338809034907,9.676481714663907,199,,
00-0032393,C.J. Prosise,RB,2.54,5.0,2020,5.0,12.7,31.28542094455852,0.7428747433264888,9.434509240246408,200,,
00-0035715,Derrick Gore,RB,2.4705330990041015,4.78207381370826,2023,4.78207381370826,11.81427163864703,30.718685831622174,0.7768788501026695,9.178257765432686,201,,
00-0034433,Nick Bawden,RB,2.2384299941417694,4.514938488576449,2023,4.514938488576449,10.10637373453463,29.193702943189596,0.8683778234086242,8.776150826149271,202,,
00-0035342,Patrick Laird,RB,1.9932659932659933,5.363636363636364,2021,5.363636363636364,10.691153963881238,30.042436687200546,0.8174537987679673,8.73952442098793,203,,
00-0036950,Avery Williams,RB,0.5271891477368733,16.67636443986153,2024,16.67636443986153,8.791598356400101,27.132101300479125,0.9920739219712525,8.721915461829866,204,144,4294967236
00-0036768,JaQuan Hardy,RB,4.45,2.0,2021,2.0,8.9,27.668720054757014,0.9598767967145792,8.542903490759755,205,,
00-0034331,Jaylen Samuels,RB,1.7885521885521887,5.363636363636364,2021,5.363636363636364,9.593143556779921,29.117043121149898,0.8729774127310062,8.374597642154857,206,,
00-0036336,Anthony McFarland,RB,2.5870200648439985,3.202162219736912,2023,3.202162219736912,8.284057913344789,26.496919917864474,1.0,8.284057913344789,207,,
00-0039364,Sione Vaki,RB,0.8999999999999999,9.0,2024,9.0,8.1,24.090349075975357,1.0,8.1,208,108,4294967196
00-0036297,Darrynton Evans,RB,2.60626270825033,2.9747662094377394,2024,2.9747662094377394,7.753022237420771,27.148528405201915,0.991088295687885,7.683929595715624,209,133,4294967220
00-0039344,Jonathon Brooks,RB,2.5,3.0,2024,3.0,7.5,22.116358658453112,1.0,7.5,210,110,4294967196
00-0036096,J.J. Taylor,RB,2.484021712690061,3.1278336293447877,2024,3.1278336293447877,7.769606648974609,27.657768651608485,0.9605338809034909,7.462970427633148,211,112,4294967197
00-0036670,Jermar Jefferson,RB,3.0318451505344717,2.4309110522702757,2024,2.4309110522702757,7.370145885206285,25.37987679671458,1.0,7.370145885206285,212,116,4294967200
00-0036543,Spencer Brown,RB,3.65,2.0,2022,2.0,7.3,26.80082135523614,1.0,7.3,213,,
00-0036278,Jason Huntley,RB,3.376515151515152,2.181818181818182,2021,2.181818181818182,7.366942148760333,27.367556468172484,0.9779466119096509,7.204476114514571,214,,
00-0034311,Johnny Stanton,RB,3.066666666666666,2.9999999999999996,2021,2.9999999999999996,9.199999999999996,30.98425735797399,0.7609445585215605,7.000689938398353,215,,
00-0037563,Malik Davis,RB,2.258585858585859,2.9696969696969697,2023,2.9696969696969697,6.707315580042854,26.765229295003422,1.0,6.707315580042854,216,,
00-0035291,Trayveon Williams,RB,0.8058087375845808,8.629342664333915,2024,8.629342664333915,6.953599718531676,27.871321013004792,0.9477207392197124,6.590070665484824,217,139,4294967218
00-0036450,Ke'Shawn Vaughn,RB,1.7975560565304218,3.942348571273023,2024,3.942348571273023,7.086592551245878,28.32854209445585,0.9202874743326489,6.5217023606106315,218,132,4294967210
00-0032782,Wendell Smallwood,RB,4.35,2.0,2021,2.0,8.7,31.613963039014372,0.7231622176591377,6.291511293634497,219,,
00-0037087,Trestan Ebner,RB,0.5636363636363636,11.0,2022,11.0,6.199999999999999,26.663928815879533,1.0,6.199999999999999,220,,
00-0036569,Gary Brightwell,RB,1.1542003604445454,5.412952015763968,2024,5.412952015763968,6.2476311676638,27.50718685831622,0.9695687885010268,6.057508182233046,221,142,4294967217
00-0034597,Ryan Nall,RB,1.0336363636363635,6.96969696969697,2021,6.96969696969697,7.204132231404958,29.68104038329911,0.8391375770020535,6.045258065063553,222,,
00-0030107,Theo Riddick,RB,2.675,4.0,2020,4.0,10.7,34.32991101984942,0.5602053388090349,5.994197125256673,223,,
00-0037594,Julius Chestnut,RB,0.8167872939284279,7.326899879372738,2024,7.326899879372738,5.9845187253573835,24.84873374401095,1.0,5.9845187253573835,224,101,4294967173
00-0030874,Damien Williams,RB,2.3001909931644544,4.207478890229192,2023,4.207478890229192,9.67800504723476,33.412731006160165,0.6152361396303901,5.954258464584146,225,,
00-0036187,Reggie Gilliam,RB,0.8432857273658952,7.066067641505465,2024,7.066067641505465,5.9587139906835525,28.032854209445585,0.9380287474332649,5.589445020993964,226,131,4294967201
00-0032975,Jonathan Williams,RB,1.7353186226648438,4.052511050753581,2023,4.052511050753581,7.032397894927763,31.578370978781656,0.7252977412731006,5.100582308924814,227,,
00-0039617,Jacob Kibodi,RB,4.9,1.0,2024,1.0,4.9,26.910335386721425,1.0,4.9,228,115,4294967183
00-0033296,Alex Armah,RB,0.991739911451556,6.5392943949326074,2023,6.5392943949326074,6.4852792441861205,31.293634496919918,0.7423819301848049,4.814554123086345,229,,
00-0037299,Keaontay Ingram,RB,0.9627042438863911,4.920386007237635,2024,4.920386007237635,4.736876490726886,25.8507871321013,1.0,4.736876490726886,230,140,4294967206
00-0037410,Jashaun Corbin,RB,1.4333333333333336,3.0,2023,3.0,4.300000000000001,25.032169746748803,1.0,4.300000000000001,231,,
00-0038862,Elijah Dotson,RB,3.9000000000000004,1.0,2023,1.0,3.9000000000000004,26.61738535249829,1.0,3.9000000000000004,232,,
00-0034449,Buddy Howell,RB,0.7019047619047619,6.212121212121213,2021,6.212121212121213,4.360317460317461,29.43189596167009,0.8540862422997946,3.724087154916724,233,,
00-0036069,Scottie Phillips,RB,2.2969696969696973,1.6060606060606062,2021,1.6060606060606062,3.689072543617999,27.904175222450377,0.9457494866529774,3.4889384643523162,234,,
00-0039757,Terrell Jennings,RB,1.65,2.0,2024,2.0,3.3,24.659822039698835,1.0,3.3,235,119,4294967180
00-0039573,Blake Watson,RB,3.3,1.0,2024,1.0,3.3,25.883641341546884,1.0,3.3,236,118,4294967178
00-0034578,Reggie Bonnafon,RB,3.2173100120627263,1.203860072376357,2022,1.203860072376357,3.8731910639790117,29.659137577002053,0.8404517453798769,3.2552301899109026,237,,
00-0039393,Jase McClellan,RB,1.6,2.0,2024,2.0,3.2,23.186858316221766,1.0,3.2,238,120,4294967178
00-0035184,Devine Ozigbo,RB,1.6482230033196639,2.138893326942536,2023,2.138893326942536,3.5253731831136146,28.914442162902123,0.8851334702258726,3.1204257994105844,239,,
00-0036523,Trey Ragas,RB,3.5,1.0,2021,1.0,3.5,28.815879534565365,0.8910472279260782,3.1186652977412734,240,,
00-0035924,Jonathan Ward,RB,0.7757632688323283,4.2409867830072185,2024,4.2409867830072185,3.29000176986038,27.920602327173167,0.9447638603696099,3.1082747727161415,241,123,4294967178
00-0039796,Rasheen Ali,RB,0.62,5.0,2024,5.0,3.1,24.539356605065024,1.0,3.1,242,121,4294967175
00-0036860,Jake Funk,RB,1.5780056292722158,2.0193003618817853,2023,2.0193003618817853,3.1864673382408797,27.638603696098563,0.9616837782340862,3.0643739490590014,243,,
00-0035273,Qadree Ollison,RB,1.0909127462806596,3.050663449939686,2022,3.050663449939686,3.3280076421517344,28.980150581793293,0.8811909650924025,2.9326102660225777,244,,
00-0034614,Godwin Igwebuike,RB,0.45309207880981106,8.317249698431846,2023,8.317249698431846,3.7684799558427593,30.976043805612594,0.7614373716632443,2.86946147274253,245,,
00-0039811,MarShawn Lloyd,RB,2.8,1.0,2024,1.0,2.8,24.654346338124572,1.0,2.8,246,122,4294967172
00-0034432,Bo Scarbrough,RB,3.1,1.0,2020,1.0,3.1,28.922655715263517,0.884640657084189,2.742386036960986,247,,
00-0037827,Tyrion Davis-Price,RB,1.4000241254523522,1.8154402895054278,2024,1.8154402895054278,2.541660203625802,24.856947296372347,1.0,2.541660203625802,248,130,4294967178
00-0035912,Levante Bellamy,RB,0.65,4.0,2020,4.0,2.6,28.758384668035593,0.8944969199178645,2.3256919917864476,249,,
00-0036669,Kylin Hill,RB,0.6162878787878788,3.757575757575758,2022,3.757575757575758,2.3157483930211207,27.039014373716633,0.9976591375770021,2.3103275446267797,250,,
00-0035726,Jakob Johnson,RB,0.44555742373073315,5.621535210256841,2024,5.621535210256841,2.5047167456936434,30.713210130047912,0.7772073921971253,1.946684370113027,251,146,4294967191
00-0039136,Zach Evans,RB,0.4750000000000001,4.0,2023,4.0,1.9000000000000004,24.257357973990416,1.0,1.9000000000000004,252,,
00-0039703,Cody Schrader,RB,0.9500000000000001,2.0,2024,2.0,1.9000000000000001,25.982203969883642,1.0,1.9000000000000001,253,125,4294967168
00-0039299,George Holani,RB,0.6333333333333333,3.0,2024,3.0,1.9,25.711156741957563,1.0,1.9,254,126,4294967168
00-0039244,Chris Collier,RB,0.30000000000000004,6.0,2024,6.0,1.8000000000000003,25.440109514031484,1.0,1.8000000000000003,255,127,4294967168
00-0036208,Artavis Pierce,RB,0.9257575757575758,2.181818181818182,2021,2.181818181818182,2.019834710743802,29.29226557152635,0.862464065708419,1.742034856687088,256,,
00-0038397,Evan Hull,RB,1.7000000000000002,1.0,2023,1.0,1.7000000000000002,24.84873374401095,1.0,1.7000000000000002,257,,
00-0037609,Aaron Shampklin,RB,0.5666666666666668,3.0,2024,3.0,1.7000000000000002,25.872689938398356,1.0,1.7000000000000002,258,128,4294967166
00-0036842,Kene Nwangwu,RB,0.2540105211458463,6.820738137082601,2024,6.820738137082601,1.7325392487997004,27.55920602327173,0.9664476386036962,1.6744084657906921,259,143,4294967180
00-0029615,Lamar Miller,RB,2.6,1.0,2020,1.0,2.6,34.3545516769336,0.5587268993839838,1.4526899383983578,260,,
00-0032450,Dwayne Washington,RB,0.3540113664893981,5.475794855408212,2023,5.475794855408212,1.9384936193786775,31.356605065023956,0.7386036960985627,1.4317785521365716,261,,
00-0032577,D.J. Foster,RB,0.31666666666666665,6.0,2020,6.0,1.9,31.77549623545517,0.7134702258726899,1.3555934291581109,262,,
00-0035760,Jacques Patrick,RB,1.2000000000000002,1.0,2021,1.0,1.2000000000000002,28.648870636550306,0.9010677618069817,1.0812813141683781,263,,
00-0036698,Mekhi Sargent,RB,0.275,4.0,2021,4.0,1.1,27.89869952087611,0.9460780287474333,1.0406858316221768,264,,
00-0037456,Troy Hairston,RB,0.17078207381370827,4.9701230228471,2024,4.9701230228471,0.8488079169510844,26.732375085557837,1.0,0.8488079169510844,265,136,4294967167
00-0038489,Ben VanSumeren,RB,0.20202020202020202,4.181818181818182,2024,4.181818181818182,0.8448117539026629,25.325119780971935,1.0,0.8448117539026629,266,129,4294967159
00-0034995,Dexter Williams,RB,0.8,1.0,2020,1.0,0.8,28.65160848733744,0.9009034907597535,0.7207227926078028,267,,
00-0035448,Damarea Crockett,RB,0.7000000000000001,1.0,2021,1.0,0.7000000000000001,27.693360711841205,0.9583983572895277,0.6708788501026695,268,,
00-0034164,Trenton Cannon,RB,0.14675311620426218,6.065138721351025,2022,6.065138721351025,0.8900780075693971,31.110198494182068,0.753388090349076,0.6705741703844185,269,,
00-0031209,Senorise Perry,RB,0.225,4.0,2020,4.0,0.9,33.95208761122519,0.5828747433264887,0.5245872689938399,270,,
00-0035551,Tony Brooks-James,RB,0.4,1.0,2020,1.0,0.4,30.7378507871321,0.775728952772074,0.3102915811088296,271,,
00-0035304,Cullen Gillaspia,RB,0.08154402895054283,4.0,2022,4.0,0.3261761158021713,30.308008213552363,0.8015195071868583,0.26143651959388,272,,
00-0034808,John Kelly,RB,0.2800921839756792,1.0,2024,1.0,0.2800921839756792,28.908966461327857,0.8854620123203286,0.2480109888583006,273,137,4294967160
00-0035835,Nathan Cottrell,RB,0.060606060606060615,4.575757575757575,2021,4.575757575757575,0.2773186409550046,29.08145106091718,0.8751129363449693,0.24268513018933033,274,,
00-0039603,British Brooks,RB,0.1,2.0,2024,2.0,0.2,25.78781656399726,1.0,0.2,275,135,4294967156
00-0030465,Kenjon Barner,RB,0.0,3.7878787878787876,2021,3.7878787878787876,0.0,36.34496919917864,0.4393018480492815,0.0,276,,
00-0039595,D.J. Williams,RB,0.0,1.0,2024,1.0,0.0,25.796030116358658,1.0,0.0,277,145,4294967164
00-0036734,Pooka Williams Jr.,RB,0.0,1.0,2021,1.0,0.0,26.203969883641342,1.0,0.0,278,,
00-0039385,Keilan Robinson,RB,0.0,1.0,2024,1.0,0.0,25.541409993155373,1.0,0.0,279,138,4294967155
00-0036799,Josh Johnson,RB,0.0,1.0,2021,1.0,0.0,27.682409308692677,0.9590554414784394,0.0,280,,
00-0039230,Dante Miller,RB,0.0,1.0,2024,1.0,0.0,26.302532511978097,1.0,0.0,281,147,4294967162
00-0038656,Mohamed Ibrahim,RB,0.0,1.0,2023,1.0,0.0,25.982203969883642,1.0,0.0,282,,
00-0037329,Brittain Brown,RB,0.0,1.0,2022,1.0,0.0,27.89322381930185,0.9464065708418891,0.0,283,,
00-0033838,Trey Edmunds,RB,0.0,1.0,2020,1.0,0.0,30.67214236824093,0.7796714579055442,0.0,284,,
00-0036033,Sewo Olonilua,RB,0.0,1.0,2020,1.0,0.0,27.761806981519506,0.9542915811088296,0.0,285,,
00-0028063,Taiwan Jones,RB,0.0,9.203860072376356,2022,9.203860072376356,0.0,37.100616016427104,0.4,0.0,286,,
00-0036435,Raymond Calais,RB,0.0,4.0,2020,4.0,0.0,27.416837782340863,0.9749897330595482,0.0,287,,
00-0035218,Sutton Smith,RB,0.0,1.0,2021,1.0,0.0,29.44558521560575,0.853264887063655,0.0,288,,
00-0036078,Xavier Jones,RB,0.0,5.0,2020,5.0,0.0,28.021902806297057,0.9386858316221766,0.0,289,,
00-0038488,Brady Russell,RB,0.0,7.212121212121212,2024,7.212121212121212,0.0,27.003422313483913,0.9997946611909652,0.0,290,141,4294967147
00-0035898,Darius Bradwell,RB,0.0,1.0,2021,1.0,0.0,28.298425735797398,0.9220944558521561,0.0,291,,
00-0036000,Adrian Killins Jr.,RB,-1.6653345369377348e-16,1.0,2020,1.0,-1.6653345369377348e-16,27.66324435318275,0.9602053388090349,-1.599063113270685e-16,292,,
00-0036582,Nate McCrary,RB,-0.1,1.0,2021,1.0,-0.1,26.39835728952772,1.0,-0.1,293,,
00-0039407,Dylan Laube,RB,-0.3333333333333333,6.0,2024,6.0,-2.0,25.71663244353183,1.0,-2.0,294,148,4294967150
00-0039338,Brock Bowers,TE,15.452941176470588,17.0,2024,17.0,262.7,22.718685831622174,1.0,262.7,1,1,0
00-0030506,Travis Kelce,TE,15.751360647476368,19.09660703635972,2024,17.0,267.77313100709824,35.90691307323751,0.7927926078028746,212.28855883065822,2,4,2
00-0039065,Sam LaPorta,TE,12.426194295900178,18.181818181818183,2024,17.0,211.24530303030303,24.635181382614647,1.0,211.24530303030303,3,8,5
00-0033288,George Kittle,TE,13.993981945385721,16.254025602510264,2024,16.254025602510264,227.45854082136592,31.89596167008898,0.9131211498973306,207.69720434877456,4,3,4294967295
00-0034753,Mark Andrews,TE,12.351862461552908,16.009750037738087,2024,16.009750037738087,197.75023050998234,29.987679671457904,0.9703696098562629,191.8908140289576,5,7,2
00-0037744,Trey McBride,TE,11.745485347335554,15.49819059107358,2024,15.49819059107358,182.03377049766848,25.776865160848732,1.0,182.03377049766848,6,2,4294967292
00-0035229,T.J. Hockenson,TE,11.821535581919852,13.66256455688058,2024,13.66256455688058,161.51249304944082,28.164271047227924,1.0,161.51249304944082,7,29,22
00-0033885,David Njoku,TE,11.462060090962227,13.622319667607849,2024,13.622319667607849,156.13984660841777,29.144421629021217,0.9956673511293634,155.46334747834845,8,13,5
00-0034383,Dalton Schultz,TE,9.172591376127425,17.829938554965217,2024,17.0,155.93405339416623,29.141683778234086,0.9957494866529775,155.271253618959,9,17,8
00-0027656,Rob Gronkowski,TE,12.1141341991342,16.363636363636363,2021,16.363636363636363,198.23128689492327,36.30116358658453,0.7809650924024641,154.81171528695313,10,,
00-0034351,Dallas Goedert,TE,10.721252353214041,14.430083073291083,2024,14.430083073291083,154.70856210659613,30.661190965092402,0.9501642710472279,146.9985481387787,11,11,0
00-0036894,Pat Freiermuth,TE,9.06791885915219,15.68136550034617,2024,15.68136550034617,142.19734995784754,26.85284052019165,1.0,142.19734995784754,12,9,4294967293
00-0038129,Cade Otton,TE,8.447844207837411,16.662243667068758,2024,16.662243667068758,140.7600386524224,26.38193018480493,1.0,140.7600386524224,13,14,1
00-0033881,Evan Engram,TE,10.614938559598231,13.878896612480542,2024,13.878896612480542,147.32363481649696,30.99794661190965,0.9400616016427105,138.49329210542192,14,34,20
00-0033858,Jonnu Smith,TE,8.914973192733655,15.913484500162088,2024,15.913484500162088,141.86828772192754,30.028747433264886,0.9691375770020534,137.489888616259,15,5,4294967286
00-0036290,Cole Kmet,TE,8.41135169942226,16.276020103884917,2024,16.276020103884917,136.90332936064328,26.480492813141684,1.0,136.90332936064328,16,21,5
00-0038996,Tucker Kraft,TE,8.050568181818184,17.21212121212121,2024,17.0,136.85965909090913,24.826830937713893,1.0,136.85965909090913,17,10,4294967289
00-0038933,Dalton Kincaid,TE,8.137794612794613,16.78787878787879,2024,16.78787878787879,136.61630956024896,25.872689938398356,1.0,136.61630956024896,18,23,5
00-0033090,Hunter Henry,TE,8.868094556983102,15.19529523559704,2024,15.19529523559704,134.75331497054938,30.73511293634497,0.9479466119096509,127.73894836992633,19,15,4294967292
00-0036970,Kyle Pitts,TE,8.101111810757216,15.73994780848911,2024,15.73994780848911,127.51107709205327,24.90349075975359,1.0,127.51107709205327,20,18,4294967294
00-0037838,Isaiah Likely,TE,7.842807726226798,16.074788902291917,2024,16.074788902291917,126.07147860035984,25.371663244353183,1.0,126.07147860035984,21,12,4294967287
00-0038041,Jake Ferguson,TE,8.230815478583873,14.846803377563328,2024,14.846803377563328,122.20129904753956,26.62012320328542,1.0,122.20129904753956,22,27,5
00-0034829,Mike Gesicki,TE,7.430586966925517,16.115265738020938,2024,16.115265738020938,119.7458835614797,29.913757700205338,0.9725872689938398,116.46332186631388,23,16,4294967289
00-0034270,Tyler Conklin,TE,7.407440199744278,16.038636380508834,2024,16.038636380508834,118.80523987406221,30.091718001368925,0.9672484599589323,114.9141853032382,24,20,4294967292
00-0030061,Zach Ertz,TE,9.748933948273965,14.127881395987634,2024,14.127881395987634,137.73178255853202,34.809034907597535,0.8257289527720739,113.72912057548764,25,6,4294967277
00-0031610,Darren Waller,TE,11.213546493050009,11.360281195079086,2023,11.360281195079086,127.38904135514105,32.96646132785763,0.8810061601642711,112.23053017130036,26,,
00-0037809,Chig Okonkwo,TE,6.756366635918541,16.31363088057901,2024,16.31363088057901,110.22087139223441,25.982203969883642,1.0,110.22087139223441,27,25,4294967294
00-0035644,Noah Fant,TE,7.193826017014527,15.143971432884353,2024,15.143971432884353,108.94309569480822,27.78097193702943,1.0,108.94309569480822,28,28,0
00-0033357,Taysom Hill,TE,10.660389351312919,12.468212154882071,2024,12.468212154882071,132.91599608581512,35.02532511978097,0.8192402464065708,108.89013338471798,29,31,2
00-0033110,Tyler Higbee,TE,9.314186012158709,11.932801453102071,2024,11.932801453102071,111.14433238035042,32.6652977412731,0.890041067761807,98.92302026748027,30,45,15
00-0036040,Juwan Johnson,TE,7.141098504251826,13.728312971262135,2024,13.728312971262135,98.03523522498097,28.96646132785763,1.0,98.03523522498097,31,19,4294967284
00-0027061,Jared Cook,TE,8.28716577540107,16.393939393939394,2021,16.393939393939394,135.8592934694539,38.403832991101986,0.7178850102669405,97.53135028717818,32,,
00-0035689,Dawson Knox,TE,6.216568414889371,15.501159363624438,2024,15.501159363624438,96.3640176940743,28.79671457905544,1.0,96.3640176940743,33,39,6
00-0031260,Logan Thomas,TE,8.253802806311853,13.306119188368749,2023,13.306119188368749,109.82608389807798,34.171115674195754,0.8448665297741274,92.78838238165132,34,,
00-0032392,Austin Hooper,TE,5.5715452218288855,16.383812462725903,2024,16.383812462725903,91.28315204204105,30.84188911704312,0.9447433264887064,86.23914871257222,35,26,4294967287
00-0036637,Noah Gray,TE,4.942031326741344,17.860840389838636,2024,17.0,84.01453255460285,26.340862422997947,1.0,84.01453255460285,36,22,4294967282
00-0039793,AJ Barner,TE,5.233333333333333,15.0,2024,15.0,78.5,23.33196440793977,1.0,78.5,37,35,4294967294
00-0034159,Will Dissly,TE,5.272439862394138,14.734425304564946,2024,14.734425304564946,77.6863713252571,29.149897330595483,0.9955030800821355,77.33702193469793,38,24,4294967282
00-0034981,Foster Moreau,TE,5.3860809019810105,14.32792296975261,2024,14.32792296975261,77.17135227243958,28.323066392881586,1.0,77.17135227243958,39,30,4294967287
00-0030710,Trey Burton,TE,6.9,13.0,2020,13.0,89.7,33.842573579739906,0.8547227926078028,76.66863449691992,40,,
00-0037755,Jelani Woods,TE,6.183333333333334,12.0,2022,12.0,74.2,26.89664613278576,1.0,74.2,41,,
00-0039356,Ja'Tavion Sanders,TE,4.88,15.0,2024,15.0,73.2,22.43394934976044,1.0,73.2,42,37,4294967291
00-0039847,Theo Johnson,TE,6.190909090909091,11.0,2024,11.0,68.10000000000001,24.5119780971937,1.0,68.10000000000001,43,38,4294967291
00-0030549,Tyler Eifert,TE,5.526666666666667,15.0,2020,15.0,82.9,34.98151950718686,0.8205544147843942,68.02396098562627,44,,
00-0030181,Jack Doyle,TE,5.622727272727273,14.606060606060607,2021,14.606060606060607,82.12589531680442,35.3264887063655,0.8102053388090349,66.53883884014685,45,,
00-0033895,Gerald Everett,TE,5.303590599146952,13.3289375675883,2024,13.3289375675883,70.69122798007795,31.186858316221766,0.934394250513347,66.05347698631309,46,87,41
00-0031387,Eric Ebron,TE,6.426136363636363,11.151515151515152,2021,11.151515151515152,71.66115702479338,32.394250513347025,0.8981724845995893,64.36407945423998,47,,
00-0033757,Robert Tonyan,TE,5.115023699206477,13.24966714597646,2023,13.24966714597646,67.77236145826703,31.340177960301162,0.9297946611909651,63.01437986020101,48,,
00-0034364,Jordan Akins,TE,4.942346261619414,14.413656486868382,2024,14.413656486868382,71.23728125414036,33.36892539356605,0.8689322381930185,61.90037024294573,49,33,4294967280
00-0030472,Jordan Reed,TE,7.31,10.0,2020,10.0,73.1,35.16495550992471,0.8150513347022588,59.58025256673511,50,,
00-0037005,Tommy Tremble,TE,4.5850870746125585,12.869734249347607,2024,12.869734249347607,59.00885216038227,25.248459958932237,1.0,59.00885216038227,51,44,4294967289
00-0035329,Donald Parham,TE,5.099827227147885,11.530436171912447,2023,11.530436171912447,58.80323233040993,28.043805612594113,1.0,58.80323233040993,52,,
00-0031273,Cameron Brate,TE,4.952156705062403,13.936067551266586,2022,13.936067551266586,69.0135903662074,34.16563997262149,0.8450308008213553,58.318609534713204,53,,
00-0036244,Colby Parkinson,TE,4.0213093041371115,14.110979680822368,2024,14.110979680822368,56.744613880980715,26.650239561943874,1.0,56.744613880980715,54,36,4294967278
00-0038935,Brenton Strange,TE,4.759740259740259,11.242424242424244,2024,11.242424242424244,53.51101928374656,24.67898699520876,1.0,53.51101928374656,55,32,4294967273
00-0035249,Josh Oliver,TE,4.137036271498646,12.765990307290835,2024,12.765990307290835,52.81336494286233,28.449007529089663,1.0,52.81336494286233,56,40,4294967280
00-0036422,Adam Trautman,TE,3.74686129483445,13.641913778980996,2024,13.641913778980996,51.11435872593266,28.569472963723477,1.0,51.11435872593266,57,50,4294967289
00-0031951,James O'Shaughnessy,TE,5.787070707070707,10.151515151515152,2021,10.151515151515152,58.74753596571779,33.63175906913073,0.8610472279260781,50.58440299076888,58,,
00-0034011,Dan Arnold,TE,4.463729210074204,11.815440289505426,2022,11.815440289505426,52.740925950152985,30.466803559206024,0.9559958932238193,50.42010861316781,59,,
00-0039066,Michael Mayer,TE,4.180165289256198,11.787878787878789,2024,11.787878787878789,49.27528174305034,24.15605749486653,1.0,49.27528174305034,60,54,4294967290
00-0036876,Kylen Granson,TE,3.3053302799524245,14.481014006497311,2024,14.481014006497311,47.864534080090735,27.433264887063654,1.0,47.864534080090735,61,62,1
00-0038547,Luke Schoonmaker,TE,3.738383838383838,12.393939393939394,2024,12.393939393939394,46.33330272421181,26.926762491444215,1.0,46.33330272421181,62,43,4294967277
00-0038115,Daniel Bellinger,TE,3.5470331437762073,12.831121833534379,2024,12.831121833534379,45.51241441537698,24.941820670773442,1.0,45.51241441537698,63,66,3
00-0038589,Josh Whyle,TE,3.5245791245791245,12.636363636363637,2024,12.636363636363637,44.53786348331803,25.982203969883642,1.0,44.53786348331803,64,42,4294967274
00-0039041,Elijah Higgins,TE,3.287878787878788,13.424242424242426,2024,13.424242424242426,44.13728191000919,24.84599589322382,1.0,44.13728191000919,65,47,4294967278
00-0034830,Hayden Hurst,TE,4.744477230576451,10.200063845424781,2024,10.200063845424781,48.39397066504395,32.02190280629706,0.9093429158110883,44.00671439222734,66,79,13
00-0033217,Mo Alie-Cox,TE,3.5474836374523973,13.605002214792837,2024,13.605002214792837,48.263522744481214,31.95071868583162,0.9114784394250514,43.99116039229521,67,61,4294967290
00-0034798,Durham Smythe,TE,3.1070548133829345,14.146792509793341,2024,14.146792509793341,43.95485976148305,30.064339493497602,0.968069815195072,42.5513729662242,68,81,13
00-0033879,O.J. Howard,TE,4.471298022443981,9.88661037394451,2022,9.88661037394451,44.205981413692236,30.78713210130048,0.9463860369609857,41.83592356007519,69,,
00-0039359,Cade Stover,TE,2.74,15.0,2024,15.0,41.1,25.22108145106092,1.0,41.1,70,52,4294967278
00-0034613,Tanner Hudson,TE,4.668618750441547,8.985995152168059,2024,8.985995152168059,41.952185458788634,30.803559206023273,0.9458932238193019,39.68228794987882,71,53,4294967278
00-0036754,Brock Wright,TE,3.5011337180952933,11.189007828726636,2024,11.189007828726636,39.17421258118703,26.76249144421629,1.0,39.17421258118703,72,58,4294967282
00-0036232,Harrison Bryant,TE,3.516699019493123,11.127893769131974,2024,11.127893769131974,39.13345310693005,27.359342915811087,1.0,39.13345310693005,73,73,0
00-0027696,Jimmy Graham,TE,5.943425358787411,9.024747735140311,2023,9.024747735140311,53.637914545692176,38.770704996577685,0.7068788501026695,37.91550735596414,74,,
00-0035222,Zach Gentry,TE,2.9338842975206614,12.818181818181818,2022,12.818181818181818,37.60706235912848,28.974674880219027,1.0,37.60706235912848,75,,
00-0039144,Luke Musgrave,TE,3.8380952380952382,9.363636363636363,2024,9.363636363636363,35.93852813852814,24.996577686516083,1.0,35.93852813852814,76,88,12
00-0039814,Erick All,TE,4.4750000000000005,8.0,2024,8.0,35.800000000000004,24.96646132785763,1.0,35.800000000000004,77,56,4294967275
00-0035624,N'Keal Harry,TE,4.09059107358263,8.681544028950542,2022,8.681544028950542,35.51264650973967,27.707049965776864,1.0,35.51264650973967,78,,
00-0025418,Greg Olsen,TE,4.9,11.0,2020,11.0,53.900000000000006,40.47638603696098,0.6557084188911706,35.3426837782341,79,,
00-0033246,Johnny Mundt,TE,3.0251068244254355,11.604984892390764,2024,11.604984892390764,35.10631899532538,30.77344284736482,0.9467967145790555,33.23854748573836,80,46,4294967262
00-0038046,Charlie Kolar,TE,3.7802061629564645,8.647768395657417,2024,8.647768395657417,32.69034738508431,26.55715263518138,1.0,32.69034738508431,81,64,4294967279
00-0033387,Jacob Hollister,TE,3.629220779220779,9.757575757575758,2021,9.757575757575758,35.41239669421488,31.786447638603697,0.9164065708418891,32.45215301983811,82,,
00-0036628,John Bates,TE,2.2877662092512714,13.994993875485969,2024,13.994993875485969,32.017274087015295,27.81930184804928,1.0,32.017274087015295,83,69,4294967282
00-0034766,Chris Herndon,TE,3.8335858585858587,8.363636363636363,2021,8.363636363636363,32.06271808999082,29.522245037645447,0.9843326488706365,31.560380227513136,84,,
00-0038558,Darnell Washington,TE,2.603703703703704,12.03030303030303,2024,12.03030303030303,31.323344556677892,24.041067761806982,1.0,31.323344556677892,85,49,4294967260
00-0035631,Drew Sample,TE,2.9401952651302907,10.61990937909087,2024,10.61990937909087,31.224607272515744,29.377138945927445,0.9886858316221766,30.871326808303092,86,55,4294967265
00-0037539,Lucas Krull,TE,3.272924045651318,9.424242424242426,2024,9.424242424242426,30.844829642350305,27.143052703627653,1.0,30.844829642350305,87,57,4294967266
00-0037086,Grant Calcaterra,TE,3.116586248492159,9.884197828709288,2024,9.884197828709288,30.804955030331424,26.743326488706366,1.0,30.804955030331424,88,41,4294967249
00-0034439,Ryan Izzo,TE,3.0900000000000003,10.0,2020,10.0,30.900000000000002,29.697467488021903,0.9790759753593429,30.253447638603696,89,,
00-0037292,Andrew Ogletree,TE,2.586593204775023,11.606060606060607,2024,11.606060606060607,30.02015749784345,27.096509240246405,1.0,30.02015749784345,90,67,4294967273
00-0033896,Adam Shaheen,TE,3.354978354978355,9.363636363636363,2021,9.363636363636363,31.414797323888234,30.85557837097878,0.9443326488706366,29.66601877060156,91,,
00-0035671,Jace Sternberger,TE,3.675,8.0,2020,8.0,29.4,29.182751540041068,0.994517453798768,29.238813141683778,92,,
00-0033611,Ricky Seals-Jones,TE,3.8071625344352618,7.454545454545455,2021,7.454545454545455,28.380666165790135,30.466803559206024,0.9559958932238193,27.131800301451566,93,,
00-0037475,Stone Smartt,TE,3.1024527543224765,8.71773220747889,2024,8.71773220747889,27.046352298538647,26.910335386721425,1.0,27.046352298538647,94,59,4294967261
00-0032135,Jesse James,TE,3.5060606060606063,8.151515151515152,2021,8.151515151515152,28.57970615243343,31.24435318275154,0.9326694045174538,26.6554175184739,95,,
00-0027981,Kyle Rudolph,TE,3.4980096501809412,9.563329312424607,2022,9.563329312424607,33.452618222719536,35.81108829568788,0.7956673511293636,26.617156129613132,96,,
00-0039050,Payne Durham,TE,3.283333333333333,8.0,2024,8.0,26.266666666666666,25.21286789869952,1.0,26.266666666666666,97,60,4294967259
00-0038783,Nate Adkins,TE,2.246060606060606,11.06060606060606,2024,11.06060606060606,24.84279155188246,26.1492128678987,1.0,24.84279155188246,98,51,4294967249
00-0031585,MyCole Pruitt,TE,3.3311485636370257,8.458788768154497,2024,8.458788768154497,28.177482055146857,33.440109514031484,0.8667967145790555,24.424148870511587,99,76,4294967273
00-0033439,Pharaoh Brown,TE,2.4925398555851586,10.24899715665143,2024,10.24899715665143,25.54603389273266,31.329226557152634,0.930123203285421,23.760958875546432,100,84,4294967280
00-0036556,Brevin Jordan,TE,3.4389038303361685,6.731426745486499,2024,6.731426745486499,23.148729218680852,25.127994524298426,1.0,23.148729218680852,101,104,3
00-0039074,Davis Allen,TE,2.8708333333333336,8.0,2024,8.0,22.96666666666667,24.57494866529774,1.0,22.96666666666667,102,71,4294967265
00-0037805,Jeremy Ruckert,TE,2.1411166637945893,10.299155609167672,2024,10.299155609167672,22.051693697802417,25.05681040383299,1.0,22.051693697802417,103,63,4294967256
00-0034393,Troy Fumagalli,TE,3.142857142857143,7.0,2020,7.0,22.0,30.537987679671456,0.9538603696098563,20.98492813141684,104,,
00-0034970,Irv Smith,TE,3.4047243994892407,6.05199619059254,2024,6.05199619059254,20.605379095726356,27.06365503080082,1.0,20.605379095726356,105,114,9
00-0030470,Vance McDonald,TE,2.2636363636363637,11.0,2020,11.0,24.9,35.21971252566735,0.8134086242299796,20.25387474332649,106,,
00-0032134,C.J. Uzomah,TE,3.0017776849988347,7.508820814598331,2024,7.508820814598331,22.53981076191604,32.629705681040384,0.8911088295687885,20.085424386752983,107,127,20
00-0035771,Mitchell Wilcox,TE,1.9847772051028985,10.055488540410131,2023,10.055488540410131,19.957904441179444,28.815879534565365,1.0,19.957904441179444,108,,
00-0032394,Nick Vannett,TE,2.948731180112691,7.383676358138189,2024,7.383676358138189,21.772476701103,32.49007529089665,0.8952977412731006,19.492849212418722,109,48,4294967235
00-0030108,Ryan Griffin,TE,2.135633293124246,11.254523522316042,2022,11.254523522316042,24.035535132508098,35.63860369609856,0.8008418891170431,19.248663361456845,110,,
00-0036887,Luke Farrell,TE,1.9974938311054304,9.53805187197103,2024,9.53805187197103,19.052199775025734,27.88227241615332,1.0,19.052199775025734,111,70,4294967255
00-0029738,Darren Fells,TE,4.178282828282828,6.545454545454546,2021,6.545454545454546,27.348760330578514,39.36208076659822,0.6891375770020535,18.847058428224756,112,,
00-0036145,Lawrence Cager,TE,3.2747775540689736,5.585113983243489,2023,5.585113983243489,18.290005909242534,28.032854209445585,1.0,18.290005909242534,113,,
00-0022127,Jason Witten,TE,3.19,10.0,2020,10.0,31.9,43.32375085557837,0.5702874743326489,18.1921704312115,114,,
00-0036590,Quintin Morris,TE,2.2611178126256535,8.008443908323281,2024,8.008443908323281,18.108035172523177,26.611909650924023,1.0,18.108035172523177,115,80,4294967261
00-0039530,Brevyn Spann-Ford,TE,1.618181818181818,11.0,2024,11.0,17.799999999999997,25.68104038329911,1.0,17.799999999999997,116,72,4294967252
00-0039912,Ben Sinnott,TE,2.1375,8.0,2024,8.0,17.1,23.21697467488022,1.0,17.1,117,74,4294967253
00-0038710,Blake Whiteheart,TE,2.442857142857143,6.999999999999999,2024,6.999999999999999,17.099999999999998,25.44558521560575,1.0,17.099999999999998,118,75,4294967253
00-0038394,Will Mallory,TE,1.9833530106257382,8.575757575757578,2024,8.575757575757578,17.008754606275275,26.195756331279945,1.0,17.008754606275275,119,95,4294967272
00-0033576,Eric Saubert,TE,1.9265664371271631,9.376779567484366,2024,9.376779567484366,18.064988803055137,31.315537303216974,0.9305338809034908,16.810084139385,120,65,4294967241
00-0028097,Lee Smith,TE,2.83939393939394,8.030303030303031,2021,8.030303030303031,22.801193755739217,37.779603011635864,0.736611909650924,16.79563087473579,121,,
00-0033658,Blake Jarwin,TE,3.061952861952862,5.848484848484849,2021,5.848484848484849,17.907784919906135,31.12936344969199,0.9361190965092403,16.763819439704328,122,,
00-0035345,Chris Myarick,TE,2.2356060606060604,7.636363636363636,2022,7.636363636363636,17.071900826446278,29.90554414784394,0.9728336755646818,16.60812002986746,123,,
00-0031558,Maxx Williams,TE,4.1848411741053475,4.238841978287093,2022,4.238841978287093,17.73888044126199,31.38945927446954,0.9283162217659138,16.467290469589596,124,,
00-0037252,Greg Dulcich,TE,3.558612786489747,4.595898673100121,2024,4.595898673100121,16.355023783505352,25.43463381245722,1.0,16.355023783505352,125,93,4294967264
00-0038720,Julian Hill,TE,1.299047619047619,12.424242424242424,2024,12.424242424242424,16.13968253968254,25.14715947980835,1.0,16.13968253968254,126,68,4294967238
00-0030216,Josh Hill,TE,1.9300000000000002,10.0,2020,10.0,19.3,35.28268309377139,0.8115195071868584,15.662326488706368,127,,
00-0036424,Brycen Hopkins,TE,3.1176805100809926,5.015681544028951,2023,5.015681544028951,15.637292594592,28.432580424366872,1.0,15.637292594592,128,,
00-0036423,Albert Okwuegbunam,TE,3.005365416657157,5.075784204079459,2023,5.075784204079459,15.254586309355078,27.353867214236825,1.0,15.254586309355078,129,,
00-0037078,Cole Turner,TE,1.9844155844155846,7.606060606060606,2023,7.606060606060606,15.093585202676113,25.46201232032854,1.0,15.093585202676113,130,,
00-0034365,Ian Thomas,TE,1.859068059482065,7.86252199326406,2024,7.86252199326406,14.616963504652475,29.23750855578371,0.9928747433264887,14.51281388789448,131,100,4294967265
00-0037569,Peyton Hendershot,TE,1.8998793727382388,7.571773220747888,2024,7.571773220747888,14.385455757150691,26.36002737850787,1.0,14.385455757150691,132,89,4294967253
00-0034988,Kaden Smith,TE,1.7214141414141413,8.333333333333334,2021,8.333333333333334,14.345117845117844,28.355920602327174,1.0,14.345117845117844,133,,
00-0036332,Josiah Deguara,TE,1.6768845899479083,8.552468318563923,2024,8.552468318563923,14.34150232941754,28.544832306639286,1.0,14.34150232941754,134,98,4294967260
00-0032062,Blake Bell,TE,2.294531695426407,7.260318474729723,2023,7.260318474729723,16.659030859157255,34.06981519507187,0.847905544147844,14.125284625609458,135,,
00-0037168,Armani Rogers,TE,1.5555555555555558,9.0,2022,9.0,14.000000000000002,27.74264202600958,1.0,14.000000000000002,136,,
00-0039754,Devin Culp,TE,6.899999999999999,2.0,2024,2.0,13.799999999999997,25.579739904175224,1.0,13.799999999999997,137,82,4294967241
00-0032141,Geoff Swaim,TE,1.8750673717709188,7.559318091269263,2024,7.559318091269263,14.174230705776614,31.958932238193018,0.9112320328542095,12.91601306016938,138,106,4294967264
00-0037277,Teagan Quitoriano,TE,2.775901875901876,4.575757575757576,2023,4.575757575757576,12.701854038217677,25.464750171115675,1.0,12.701854038217677,139,,
00-0035603,Kendall Blanton,TE,3.253679653679654,3.9696969696969697,2022,3.9696969696969697,12.916122261576808,29.809719370294317,0.9757084188911704,12.602369230048156,140,,
00-0037282,James Mitchell,TE,2.848106060606061,4.363636363636364,2023,4.363636363636364,12.428099173553722,26.05886379192334,1.0,12.428099173553722,141,,
00-0028142,Virgil Green,TE,2.8,5.0,2020,5.0,14.0,37.07871321013005,0.7576386036960986,10.60694045174538,142,,
00-0038809,Ben Sims,TE,2.0021645021645025,5.1818181818181825,2024,5.1818181818181825,10.374852420306969,25.295003422313485,1.0,10.374852420306969,143,91,4294967244
00-0034192,Nick Keizer,TE,0.8583333333333334,12.0,2020,12.0,10.3,30.33538672142368,0.9599383983572896,9.887365503080083,144,,
00-0039737,Tip Reiman,TE,1.2125,8.0,2024,8.0,9.7,23.956194387405887,1.0,9.7,145,90,4294967241
00-0035547,Joseph Fortson,TE,1.8921704152075367,5.153421227075201,2024,5.153421227075201,9.751151182974217,29.73579739904175,0.9779260780287475,9.535905032631359,146,111,4294967261
00-0036534,Shane Zylstra,TE,2.5638530848739287,3.6555203653237083,2024,3.6555203653237083,9.37221716545466,28.791238877481177,1.0,9.37221716545466,147,101,4294967250
00-0036456,Dominique Dafney,TE,1.5114718614718616,5.818181818181818,2021,5.818181818181818,8.794018103109014,28.246406570841888,1.0,8.794018103109014,148,,
00-0031384,Richard Rodgers,TE,2.9939435062324087,3.3920386007237635,2022,3.3920386007237635,10.155571941526578,33.609856262833674,0.8617043121149898,8.751100134007451,149,,
00-0024243,Marcedes Lewis,TE,1.9891587540408626,6.89800817122452,2024,6.89800817122452,13.721233339236655,41.28678986995209,0.6313963039014374,8.663536015363201,150,113,4294967259
00-0031484,Chris Manhertz,TE,1.2366266047820906,8.056716019015049,2024,8.056716019015049,9.963149376288062,33.393566050650236,0.8681930184804929,8.649936730571573,151,85,4294967230
00-0033455,Anthony Firkser,TE,1.7553408832197892,4.86219039299581,2024,4.86219039299581,8.53480157882404,30.532511978097194,0.9540246406570841,8.142411009317119,152,119,4294967263
00-0030443,Levine Toilolo,TE,1.3714285714285714,7.0,2020,7.0,9.6,34.091718001368925,0.8472484599589323,8.13358521560575,153,,
00-0037654,Tucker Fisk,TE,1.3893939393939396,5.636363636363637,2024,5.636363636363637,7.831129476584024,26.61738535249829,1.0,7.831129476584024,154,83,4294967225
00-0039631,Cam Grandy,TE,1.95,4.0,2024,4.0,7.8,25.78507871321013,1.0,7.8,155,92,4294967233
00-0036429,Charlie Woerner,TE,0.7555643679839116,10.271946864768955,2024,10.271946864768955,7.7611170408434775,27.876796714579054,1.0,7.7611170408434775,156,86,4294967226
00-0032214,Tyler Kroft,TE,1.9341009898127648,4.526761463492571,2023,4.526761463492571,8.755213827187262,32.878850102669404,0.8836344969199179,7.736408965612926,157,,
00-0036741,Jack Stoll,TE,1.1712704153349625,6.590988975874741,2024,6.590988975874741,7.719830395240967,27.592060232717316,1.0,7.719830395240967,158,102,4294967240
00-0036059,Tyler Mabry,TE,7.7,1.0,2022,1.0,7.7,28.777549623545518,1.0,7.7,159,,
00-0038498,E.J. Jenkins,TE,3.8499999999999996,2.0,2024,2.0,7.699999999999999,26.82819986310746,1.0,7.699999999999999,160,94,4294967230
00-0036510,Kenny Yeboah,TE,1.6170806736711836,4.704212600521915,2024,4.704212600521915,7.607091281144449,26.83915126625599,1.0,7.607091281144449,161,77,4294967212
00-0033095,Garrett Griffin,TE,1.58,5.0,2021,5.0,7.9,31.496235455167692,0.9251129363449693,7.308392197125258,162,,
00-0034073,Ross Dwelley,TE,1.7860080153229019,4.217985107683475,2024,4.217985107683475,7.53335521083532,30.598220396988363,0.9520533880903491,7.172156352163853,163,110,4294967243
00-0033627,Jason Croom,TE,7.300000000000001,1.0,2020,1.0,7.300000000000001,31.50718685831622,0.9247843942505134,6.750926078028749,164,,
00-0035660,Kahale Warring,TE,1.625,4.0,2020,4.0,6.5,28.4435318275154,1.0,6.5,165,,
00-0035308,Tommy Sweeney,TE,1.606926406926407,3.9696969696969697,2022,3.9696969696969697,6.3790108881017975,30.171115674195757,0.9648665297741272,6.154894098994155,166,,
00-0036173,Tommy Hudson,TE,1.525,4.0,2021,4.0,6.1,28.52292950034223,1.0,6.1,167,,
00-0035562,Jesper Horsted,TE,1.262997587454765,4.796139927623643,2023,4.796139927623643,6.057513157684133,28.50924024640657,1.0,6.057513157684133,168,,
00-0033421,Antony Auclair,TE,2.3787878787878793,2.8181818181818183,2021,2.8181818181818183,6.703856749311297,32.26283367556468,0.9021149897330596,6.0476496625768625,169,,
00-0036194,Devin Asiasi,TE,1.2351054481546575,4.702987697715289,2022,4.702987697715289,5.808685728052484,28.04928131416838,1.0,5.808685728052484,170,,
00-0030155,Demetrius Harris,TE,0.619949494949495,10.787878787878789,2021,10.787878787878789,6.687940006121826,34.09445585215606,0.8471663244353183,5.665797553030147,171,,
00-0033338,Cethan Carter,TE,0.5848484848484848,9.96969696969697,2021,9.96969696969697,5.830762167125804,29.990417522245036,0.970287474332649,5.657515496574859,172,,
00-0031690,Eric Tomlinson,TE,1.0681145813184691,5.9083508552120785,2024,5.9083508552120785,6.310795699997469,33.360711841204655,0.8691786447638603,5.485208853905397,173,103,4294967226
00-0036008,Hunter Bryant,TE,1.8,3.0,2020,3.0,5.4,27.033538672142367,1.0,5.4,174,,
00-0032098,Daniel Brown,TE,1.2410353535353538,4.96969696969697,2021,4.96969696969697,6.167569635751455,33.26762491444216,0.8719712525667352,5.3779434205787595,175,,
00-0034788,Jaeden Graham,TE,0.6875,8.0,2020,8.0,5.5,29.894592744695412,0.9731622176591377,5.3523921971252575,176,,
00-0032725,Stephen Anderson,TE,0.925924066170112,6.257602385897641,2023,6.257602385897641,5.794064645626139,32.58590006844627,0.8924229979466118,5.170756541346152,177,,
00-0039613,Dallin Holker,TE,1.7,3.0,2024,3.0,5.1,25.401779603011637,1.0,5.1,178,96,4294967214
00-0037011,Tre' McKitty,TE,0.8227210063760124,6.096501809408926,2023,6.096501809408926,5.015720104010092,26.636550308008214,1.0,5.015720104010092,179,,
00-0033528,Jeremy Sprinkle,TE,0.7835858585858586,6.787878787878787,2021,6.787878787878787,5.318885827976737,31.06091718001369,0.9381724845995894,4.990032332534479,180,,
00-0035956,Giovanni Ricci,TE,0.8027195964469789,6.04583835946924,2023,6.04583835946924,4.853112928096813,28.876112251882272,1.0,4.853112928096813,181,,
00-0028042,Luke Stocker,TE,0.7995408631772268,7.969696969696969,2021,7.969696969696969,6.372098394412443,37.125256673511295,0.7562422997946612,4.818850344308334,182,,
00-0036250,Tyler Davis,TE,0.5835343787696019,8.020506634499396,2022,8.020506634499396,4.680241356380075,28.416153319644078,1.0,4.680241356380075,183,,
00-0036225,Dalton Keene,TE,1.5333333333333332,3.0,2020,3.0,4.6,26.38466803559206,1.0,4.6,184,,
00-0035572,Parker Hesse,TE,0.9418073984720547,5.061519903498191,2023,5.061519903498191,4.766976892628157,30.269678302532512,0.9619096509240247,4.585401078750842,185,,
00-0035259,Trevon Wesco,TE,0.7295139443645595,6.009000372796506,2023,6.009000372796506,4.3836495636468875,29.971252566735114,0.9708624229979466,4.255920636936108,186,,
00-0035039,Stephen Carlson,TE,0.5857142857142856,7.0,2020,7.0,4.1,28.720054757015742,1.0,4.1,187,,
00-0035823,Ben Ellefson,TE,1.6228387615601125,2.5174909529553675,2022,2.5174909529553675,4.085481900332876,28.999315537303218,1.0,4.085481900332876,188,,
00-0039420,Jaheim Bell,TE,1.0,4.0,2024,4.0,4.0,24.216290212183434,1.0,4.0,189,99,4294967206
00-0037311,Ko Kieft,TE,0.5110757758526154,7.751507840772015,2024,7.751507840772015,3.9616078837501894,27.613963039014372,1.0,3.9616078837501894,190,120,4294967226
00-0037004,Hunter Long,TE,0.6134206742291102,6.10060180007456,2024,6.10060180007456,3.7422352694050596,27.0362765229295,1.0,3.7422352694050596,191,78,4294967183
00-0036032,Sean McKeon,TE,0.6718432124407521,5.533205517388295,2023,5.533205517388295,3.7174465698970454,27.67693360711841,1.0,3.7174465698970454,192,,
00-0034319,Deon Yelder,TE,1.302020202020202,2.9696969696969697,2021,2.9696969696969697,3.8666054484236305,30.491444216290212,0.9552566735112936,3.693600658441801,193,,
00-0033720,Colin Thompson,TE,1.5166666666666666,2.606060606060606,2021,2.606060606060606,3.9525252525252523,31.71252566735113,0.9186242299794661,3.6308854665754047,194,,
00-0031598,Nick Boyle,TE,1.0330652727516418,3.9095295536791315,2022,3.9095295536791315,4.038799214702136,32.53661875427789,0.8939014373716634,3.610288423277785,195,,
00-0035356,Tyree Jackson,TE,1.4707070707070706,2.393939393939394,2022,2.393939393939394,3.520783593510866,27.816563997262147,1.0,3.520783593510866,196,,
00-0036438,Stephen Sullivan,TE,0.7685454873905286,4.4872470001311555,2024,4.4872470001311555,3.4486534327574865,28.758384668035593,1.0,3.4486534327574865,197,116,4294967215
00-0029119,Derek Carrier,TE,1.1575757575757577,3.575757575757576,2021,3.575757575757576,4.139210284664831,35.1047227926078,0.816858316221766,3.38114834361913,198,,
00-0037317,Nick Muse,TE,3.2000000000000006,1.0,2023,1.0,3.2000000000000006,26.767967145790553,1.0,3.2000000000000006,199,,
00-0037348,Tanner Conner,TE,0.8084358523725834,3.40597539543058,2024,3.40597539543058,2.7535126219649677,27.45242984257358,1.0,2.7535126219649677,200,97,4294967193
00-0034672,Ethan Wolf,TE,2.8,1.0,2021,1.0,2.8,29.817932922655714,0.9754620123203286,2.73129363449692,201,,
00-0033564,Jake Butt,TE,0.625,4.0,2020,4.0,2.5,30.143737166324435,0.9656878850102669,2.4142197125256675,202,,
00-0033258,Darrell Daniels,TE,0.48955222103929474,4.784046549311336,2023,4.784046549311336,2.3420406137707386,30.77618069815195,0.9467145790554414,2.2172439937967123,203,,
00-0033112,Temarrick Hemingway,TE,0.6666666666666666,3.0,2020,3.0,2.0,32.09034907597536,0.9072895277207391,1.8145790554414782,204,,
00-0030089,Luke Willson,TE,1.1,2.0,2020,2.0,2.2,35.62765229295003,0.8011704312114991,1.7625749486652982,205,,
00-0039824,Jared Wiley,TE,1.7000000000000002,1.0,2024,1.0,1.7000000000000002,24.829568788501025,1.0,1.7000000000000002,206,108,4294967198
00-0038920,John Shenker,TE,0.5666666666666668,3.0,2024,3.0,1.7000000000000002,26.99794661190965,1.0,1.7000000000000002,207,107,4294967196
00-0033798,Mason Schreck,TE,0.9138840070298769,2.0,2022,2.0,1.8277680140597539,31.824777549623544,0.9152566735112937,1.6728768724986738,208,,
00-0037506,Cole Fotheringham,TE,1.6000000000000003,1.0,2023,1.0,1.6000000000000003,27.890485968514717,1.0,1.6000000000000003,209,,
00-0035102,Brandon Dillon,TE,1.6,1.0,2020,1.0,1.6,28.33949349760438,1.0,1.6,210,,
00-0039648,David Martin-Robinson,TE,0.4,4.0,2024,4.0,1.6,25.68377823408624,1.0,1.6,211,109,4294967194
00-0037306,John FitzPatrick,TE,0.6525252525252526,2.393939393939394,2024,2.393939393939394,1.5621059075604533,25.481177275838466,1.0,1.5621059075604533,212,115,4294967199
00-0036640,Zach Davidson,TE,0.75,2.0,2024,2.0,1.5,27.132101300479125,1.0,1.5,213,112,4294967195
00-0034193,Kevin Rader,TE,0.2653905360407997,5.301006550567183,2023,5.301006550567183,1.4068369700108154,30.351813826146476,0.9594455852156057,1.3497835199949764,214,,
00-0035539,Isaac Nauta,TE,0.65,2.0,2020,2.0,1.3,28.281998631074607,1.0,1.3,215,,
00-0034169,Marcus Baugh,TE,1.2,1.0,2020,1.0,1.2,30.729637234770703,0.948110882956879,1.1377330595482547,216,,
00-0034575,David Wells,TE,1.0,1.0,2023,1.0,1.0,30.33538672142368,0.9599383983572896,0.9599383983572896,217,,
00-0035428,Daniel Helm,TE,0.3,2.9999999999999996,2021,2.9999999999999996,0.8999999999999998,30.368240930869266,0.958952772073922,0.8630574948665296,218,,
00-0036825,Feleipe Franks,TE,0.08739821430032818,7.195109376150843,2024,7.195109376150843,0.628839711171132,27.693360711841205,1.0,0.628839711171132,219,105,4294967182
00-0039458,Brenden Bates,TE,0.0,1.0,2024,1.0,0.0,25.87816563997262,1.0,0.0,220,125,4294967201
00-0037451,Rod Williams,TE,0.0,2.9696969696969697,2024,2.9696969696969697,0.0,25.39356605065024,1.0,0.0,221,117,4294967192
00-0039686,Colson Yankoff,TE,0.0,5.0,2024,5.0,0.0,25.503080082135522,1.0,0.0,222,128,4294967202
00-0037031,Nikola Kalinic,TE,0.0,1.0,2022,1.0,0.0,28.61054072553046,1.0,0.0,223,,
00-0037112,Jake Tonges,TE,0.0,1.70298769771529,2024,1.70298769771529,0.0,26.151950718685832,1.0,0.0,224,123,4294967195
00-0038468,Henry Pearson,TE,0.0,1.0,2023,1.0,0.0,25.7741273100616,1.0,0.0,225,,
00-0035436,Matt Sokol,TE,0.0,1.0,2020,1.0,0.0,29.812457221081452,0.9756262833675564,0.0,226,,
00-0036692,Miller Forristall,TE,0.0,1.0,2022,1.0,0.0,27.477070499657767,1.0,0.0,227,,
00-0036474,Sammis Reyes,TE,0.0,2.0,2021,2.0,0.0,29.869952087611225,0.9739014373716632,0.0,228,,
00-0036005,Noah Togiai,TE,0.0,1.0,2022,1.0,0.0,28.15605749486653,1.0,0.0,229,,
00-0033080,Seth DeValve,TE,0.0,2.0,2020,2.0,0.0,32.5886379192334,0.892340862422998,0.0,230,,
00-0032986,J.P. Holtz,TE,0.0,3.8854041013269,2022,3.8854041013269,0.0,32.010951403148525,0.9096714579055443,0.0,231,,
00-0035787,Jared Pinkney,TE,0.0,1.0,2022,1.0,0.0,28.030116358658454,1.0,0.0,232,,
00-0038590,Justin Shorter,TE,0.0,1.0,2024,1.0,0.0,25.374401095140314,1.0,0.0,233,122,4294967185
00-0031299,Jordan Matthews,TE,0.0,2.0,2024,2.0,0.0,33.12799452429842,0.8761601642710474,0.0,234,118,4294967180
00-0039316,Baylor Cupp,TE,0.0,1.0,2024,1.0,0.0,25.311430527036276,1.0,0.0,235,126,4294967187
00-0035320,Caleb Wilson,TE,0.0,1.0,2020,1.0,0.0,29.130732375085557,0.9960780287474332,0.0,236,,
00-0038643,Brayden Willis,TE,0.0,3.818181818181818,2024,3.818181818181818,0.0,25.806981519507186,1.0,0.0,237,121,4294967180
00-0038735,Princeton Fant,TE,0.0,1.0,2024,1.0,0.0,26.477754962354553,1.0,0.0,238,124,4294967182
00-0034735,Codey McElroy,TE,0.0,1.0,2021,1.0,0.0,32.71731690622861,0.8884804928131417,0.0,239,,
00-0036900,Ja'Marr Chase,WR,20.300493854675597,16.831069925973267,2024,16.831069925973267,341.6790315998356,25.503080082135522,1.0,341.6790315998356,1,1,0
00-0036963,Amon-Ra St. Brown,WR,18.30374753726953,17.682909943015392,2024,17.0,311.163708133582,25.856262833675565,1.0,311.163708133582,2,2,0
00-0036358,CeeDee Lamb,WR,18.457616742162937,16.72937211241744,2024,16.72937211241744,308.7843387880299,26.40109514031485,1.0,308.7843387880299,3,9,6
00-0036322,Justin Jefferson,WR,19.283639664689083,15.691017839599505,2024,15.691017839599505,302.57993399104504,26.212183436002736,1.0,302.57993399104504,4,3,4294967295
00-0039893,Brian Thomas Jr.,WR,16.705882352941178,17.0,2024,17.0,284.0,22.899383983572896,1.0,284.0,5,5,0
00-0039915,Ladd McConkey,WR,16.211764705882356,17.0,2024,17.0,275.6,23.80561259411362,1.0,275.6,6,7,1
00-0039337,Malik Nabers,WR,18.240000000000002,15.0,2024,15.0,273.6,22.09719370294319,1.0,273.6,7,8,1
00-0033040,Tyreek Hill,WR,17.8834165965077,17.56416836384963,2024,17.0,304.0180821406309,31.50444900752909,0.8998220396988365,273.5621707771109,8,25,17
00-0035676,A.J. Brown,WR,15.995844344236069,17.034293406846306,2024,17.0,271.92935385201315,28.17248459958932,1.0,271.92935385201315,9,11,2
00-0039075,Puka Nacua,WR,18.087360787360787,14.969696969696969,2024,14.969696969696969,270.7623099683706,24.26009582477755,1.0,270.7623099683706,10,21,11
00-0031408,Mike Evans,WR,16.705567768789663,16.876325473087174,2024,16.876325473087174,281.92859887880905,32.030116358658454,0.8787953456536619,247.7575405013556,11,10,4294967295
00-0031381,Davante Adams,WR,18.23539720244558,15.74150026849723,2024,15.74150026849723,287.05250995845074,32.68720054757016,0.8525119780971937,244.71570308244324,12,17,5
00-0034827,DJ Moore,WR,14.357648459172335,16.858644249828632,2024,16.858644249828632,242.0504876372866,28.383299110198493,1.0,242.0504876372866,13,20,7
00-0036912,DeVonta Smith,WR,14.064239799699328,17.657027214144968,2024,17.0,239.09207659488857,26.798083504449007,1.0,239.09207659488857,14,19,5
00-0037740,Garrett Wilson,WR,13.669573547151069,17.0,2024,17.0,232.38275030156817,25.111567419575632,1.0,232.38275030156817,15,15,0
00-0035659,Terry McLaurin,WR,14.128021668323456,18.1171439813314,2024,17.0,240.17636836149876,29.963039014373717,0.9614784394250513,230.9243998389901,16,4,4294967284
00-0039894,Xavier Worthy,WR,13.352631578947367,19.0,2024,17.0,226.99473684210523,22.34907597535934,1.0,226.99473684210523,17,12,4294967291
00-0037238,Drake London,WR,13.529828638331088,16.686369119420988,2024,16.686369119420988,225.76371478170557,24.10677618069815,1.0,225.76371478170557,18,6,4294967284
00-0035640,DK Metcalf,WR,13.912258606221414,16.118042271610314,2024,16.118042271610314,224.23837230865115,27.71526351813826,1.0,224.23837230865115,19,35,16
00-0038994,Jordan Addison,WR,13.400891265597147,16.393939393939398,2024,16.393939393939398,219.69339923297147,23.59479808350445,1.0,219.69339923297147,20,24,4
00-0039064,Zay Flowers,WR,12.620657555951675,17.393939393939394,2024,17.0,214.5511784511785,24.971937029431896,1.0,214.5511784511785,21,29,8
00-0038543,Jaxon Smith-Njigba,WR,12.490909090909092,17.0,2024,17.0,212.34545454545457,23.54551676933607,1.0,212.34545454545457,22,13,4294967287
00-0036410,Tee Higgins,WR,15.41364448766796,13.700869337121166,2024,13.700869337121166,211.18032913437665,26.62012320328542,1.0,211.18032913437665,23,23,0
00-0031588,Stefon Diggs,WR,16.344820709593026,14.477368281691954,2024,14.477368281691954,236.62998891100386,31.756331279945243,0.8897467488021903,210.54076330266403,24,65,41
00-0036554,Nico Collins,WR,14.813771541529217,14.110773819033925,2024,14.110773819033925,209.0337796293603,26.455852156057496,1.0,209.0337796293603,25,16,4294967287
00-0033921,Chris Godwin Jr.,WR,16.384398780450795,12.991148252540826,2024,12.991148252540826,212.8521535855854,29.51129363449692,0.9795482546201232,208.49895553689458,26,54,28
00-0034960,Jakobi Meyers,WR,13.543493201289909,15.09551325040027,2024,15.09551325040027,204.4459810767778,28.810403832991103,1.0,204.4459810767778,27,26,4294967295
00-0035719,Deebo Samuel Sr.,WR,13.249339183438671,15.808886887189091,2024,15.808886887189091,209.45730448098422,29.6290212183436,0.9748391512662561,204.18718092676045,28,45,17
00-0039146,Jayden Reed,WR,11.85993265993266,18.0,2024,17.0,201.61885521885523,25.34428473648186,1.0,201.61885521885523,29,30,1
00-0036252,Michael Pittman,WR,12.524817969731712,15.967379442268145,2024,15.967379442268145,199.98852096804478,27.906913073237508,1.0,199.98852096804478,30,42,12
00-0033908,Cooper Kupp,WR,16.37955785270836,13.808716137797232,2024,13.808716137797232,226.1806648506773,32.2135523613963,0.8714579055441478,197.1069284653541,31,36,5
00-0039849,Marvin Harrison Jr.,WR,11.558823529411764,17.0,2024,17.0,196.5,23.058179329226558,1.0,196.5,32,33,1
00-0036613,Jaylen Waddle,WR,12.512780632925626,15.657027214144966,2024,15.657027214144966,195.9129468943426,26.767967145790553,1.0,195.9129468943426,33,47,14
00-0037247,George Pickens,WR,11.722269527030756,16.348612786489745,2024,16.348612786489745,191.64284547629413,24.49555099247091,1.0,191.64284547629413,34,38,4
00-0034837,Calvin Ridley,WR,13.200828986843904,15.26329788024404,2024,15.26329788024404,201.48818509235866,30.699520876112253,0.9320191649555098,187.79085001818132,35,32,4294967293
00-0030279,Keenan Allen,WR,16.055472854387233,13.854194867124804,2024,13.854194867124804,222.43564960851322,33.347022587268995,0.8261190965092402,183.75833788603086,36,37,1
00-0036407,Jerry Jeudy,WR,11.789308368403919,15.576244552723205,2024,15.576244552723205,183.63315025372563,26.357289527720738,1.0,183.63315025372563,37,18,4294967277
00-0034348,Courtland Sutton,WR,12.364405423590712,15.277222773514541,2024,15.277222773514541,188.89377611824673,29.894592744695412,0.9642162902121835,182.13445605290661,38,14,4294967272
00-0031544,Amari Cooper,WR,12.064833271152219,16.167284911445407,2024,16.167284911445407,195.0555969038038,31.208761122518823,0.911649555099247,177.82234813697082,39,58,19
00-0038997,Josh Downs,WR,11.58418640183346,15.18181818181818,2024,15.18181818181818,175.86901173692613,24.05475701574264,1.0,175.86901173692613,40,39,4294967295
00-0030564,DeAndre Hopkins,WR,12.429631685716068,15.621777723885858,2024,15.621777723885858,194.17294338402507,33.23750855578371,0.8304996577686515,161.26056302836457,41,44,3
00-0036261,Brandon Aiyuk,WR,11.491641823315481,14.029987552616797,2024,14.029987552616797,161.2275917402468,27.460643394934976,1.0,161.2275917402468,42,107,65
00-0032211,Tyler Lockett,WR,11.104621114668914,16.891264807560486,2024,16.891264807560486,187.57109583550013,32.92539356605065,0.842984257357974,158.11948092471044,43,67,24
00-0039067,Rashee Rice,WR,15.175151515151514,10.303030303030303,2024,10.303030303030303,156.35004591368227,25.360711841204655,1.0,156.35004591368227,44,104,60
00-0038977,Tank Dell,WR,12.560606060606062,12.424242424242424,2024,12.424242424242424,156.05601469237834,25.842573579739902,1.0,156.05601469237834,45,52,7
00-0037261,Khalil Shakir,WR,9.144531564133494,16.776839565741856,2024,16.776839565741856,153.41633895533008,25.57700205338809,1.0,153.41633895533008,46,27,4294967277
00-0035216,Diontae Johnson,WR,10.805833808841587,14.177534824214737,2024,14.177534824214737,153.2000851295286,29.15811088295688,0.9936755646817248,152.23118110037262,47,85,38
00-0037816,Romeo Doubs,WR,9.788969407838053,15.364294330518698,2024,15.364294330518698,150.40060717446718,25.385352498288842,1.0,150.40060717446718,48,57,9
00-0034411,Russell Gage,WR,10.602640660003445,14.094089264173704,2022,14.094089264173704,149.43456389804615,29.609856262833674,0.975605749486653,145.78921971096446,49,,
00-0036309,Darnell Mooney,WR,9.852105811866002,14.757587830765079,2024,14.757587830765079,145.39331683660362,27.84120465434634,1.0,145.39331683660362,50,34,4294967280
00-0039919,Rome Odunze,WR,8.523529411764706,17.0,2024,17.0,144.9,23.247091033538673,1.0,144.9,51,49,4294967294
00-0038544,Quentin Johnston,WR,8.795677361853834,16.393939393939398,2024,16.393939393939398,144.19580159887653,23.98631074606434,1.0,144.19580159887653,52,41,4294967285
00-0036259,Jauan Jennings,WR,9.030901612788696,15.933961761729778,2024,15.933961761729778,143.89804097211888,28.145106091718002,1.0,143.89804097211888,53,28,4294967271
00-0030035,Adam Thielen,WR,13.635645168821686,13.81940405987612,2024,13.81940405987612,188.4364902050446,35.0280629705681,0.7588774811772759,143.0002090486907,54,53,4294967295
00-0039855,Jalen McMillan,WR,10.107142857142858,13.999999999999998,2024,13.999999999999998,141.5,23.734428473648187,1.0,141.5,55,51,4294967292
00-0037239,Chris Olave,WR,11.853652995577,11.936067551266584,2024,11.936067551266584,141.48600288448057,25.180013689253936,1.0,141.48600288448057,56,96,40
00-0034775,Christian Kirk,WR,11.289787329258075,12.380998809703515,2024,12.380998809703515,139.77884348535005,28.78576317590691,1.0,139.77884348535005,57,99,42
00-0038117,Wan'Dale Robinson,WR,9.723791953452068,14.13027744270205,2024,14.13027744270205,137.39987809739145,24.654346338124572,1.0,137.39987809739145,58,40,4294967278
00-0037664,Alec Pierce,WR,8.058175601362379,16.31363088057901,2024,16.31363088057901,131.45810233151363,25.333333333333332,1.0,131.45810233151363,59,43,4294967280
00-0037240,Jameson Williams,WR,9.612685967028549,13.647768395657417,2024,13.647768395657417,131.19171173819177,24.435318275154003,1.0,131.19171173819177,60,22,4294967258
00-0038621,DeMario Douglas,WR,8.611147186147186,15.212121212121213,2024,15.212121212121213,130.9938147710875,24.73100616016427,1.0,130.9938147710875,61,48,4294967283
00-0036550,Rashod Bateman,WR,8.764185194235335,14.860946903126166,2024,14.860946903126166,130.2440908206958,25.757700205338807,1.0,130.2440908206958,62,31,4294967265
00-0039342,Xavier Legette,WR,8.34,15.0,2024,15.0,125.1,24.588637919233403,1.0,125.1,63,63,0
00-0036980,Elijah Moore,WR,7.836830496552499,15.757948554082123,2024,15.757948554082123,123.49237179173613,25.43189596167009,1.0,123.49237179173613,64,68,4
00-0033009,Tyler Boyd,WR,7.944306687645697,16.727538412426597,2024,16.727538412426597,132.88869527769089,30.795345653661876,0.928186173853525,123.34544961818689,65,95,30
00-0035535,Darius Slayton,WR,7.798370172429713,15.763870913459753,2024,15.763870913459753,122.93250073355688,28.635181382614647,1.0,122.93250073355688,66,75,9
00-0038559,Michael Wilson,WR,8.18560606060606,14.81818181818182,2024,14.81818181818182,121.29579889807164,25.522245037645447,1.0,121.29579889807164,67,64,4294967293
00-0036988,Josh Palmer,WR,8.576746917119088,13.975342173936198,2024,13.975342173936198,119.86297290599167,25.94387405886379,1.0,119.86297290599167,68,77,9
00-0036196,Gabe Davis,WR,8.472929539126115,14.112410016307804,2024,14.112410016307804,119.57345569543365,26.50513347022587,1.0,119.57345569543365,69,114,45
00-0039901,Keon Coleman,WR,7.41875,16.0,2024,16.0,118.7,22.2943189596167,1.0,118.7,70,71,1
00-0031236,Brandin Cooks,WR,10.090918109630037,13.309185079967632,2024,13.309185079967632,134.30189674786325,31.93429158110883,0.8826283367556468,118.53865974969516,71,100,29
00-0038393,Dontayvion Wicks,WR,6.93769459298871,17.606060606060606,2024,17.0,117.94080808080807,24.210814510609172,1.0,117.94080808080807,72,73,1
00-0038124,Christian Watson,WR,9.020991493428165,13.059107358262967,2024,13.059107358262967,117.80609639065537,26.308008213552363,1.0,117.80609639065537,73,79,6
00-0034521,Allen Lazard,WR,9.001853396858234,13.342783116102162,2024,13.342783116102162,120.10977751722693,29.724845995893222,0.9710061601642711,116.62733386518742,74,62,4294967284
00-0034764,Michael Gallup,WR,7.8006510559434945,15.166000958619588,2023,15.166000958619588,118.30468139229593,29.49486652977413,0.9802053388090348,115.96288030683036,75,,
00-0033282,Curtis Samuel,WR,7.567422934598324,15.296460538330763,2024,15.296460538330763,115.75478629594244,29.05681040383299,0.9977275838466804,115.49174324973947,76,88,12
00-0033536,Mike Williams,WR,10.652908295792624,11.6151506677786,2024,11.6151506677786,123.73513490565989,30.910335386721425,0.9235865845311431,114.28011063401864,77,108,31
00-0033871,Corey Davis,WR,9.889780499623683,12.153196622436669,2022,12.153196622436669,120.19244696466657,30.639288158795345,0.9344284736481862,112.31124476123395,78,,
00-0032775,Demarcus Robinson,WR,7.702492634154809,15.732990019821777,2024,15.732990019821777,121.18323974090836,30.94592744695414,0.9221629021218344,111.75068804800208,79,55,4294967272
00-0035592,Travis Fulgham,WR,9.658333333333333,12.0,2020,12.0,115.9,29.96851471594798,0.9612594113620808,111.40996577686518,80,,
00-0036936,Rondale Moore,WR,8.047589346957118,13.769601930036188,2023,13.769601930036188,110.8121018039994,25.229295003422312,1.0,110.8121018039994,81,,
00-0037545,Rashid Shaheed,WR,10.972788500201046,10.04583835946924,2024,10.04583835946924,110.23085962566262,27.003422313483913,1.0,110.23085962566262,82,97,15
00-0039424,Devaughn Vele,WR,7.607142857142857,13.999999999999998,2024,13.999999999999998,106.49999999999999,27.720739219712524,1.0,106.49999999999999,83,78,4294967291
00-0038976,Marvin Mims Jr.,WR,6.162857744107744,17.21212121212121,2024,17.0,104.76858164983165,23.45516769336071,1.0,104.76858164983165,84,59,4294967271
00-0038563,Tre Tucker,WR,6.785383244206774,15.424242424242424,2024,15.424242424242424,104.65939610003782,24.484599589322382,1.0,104.65939610003782,85,60,4294967271
00-0033375,Tim Patrick,WR,7.279319429450482,15.877157517602074,2024,15.877157517602074,115.57490120232656,31.772758384668034,0.8890896646132787,102.75645014768934,86,81,4294967291
00-0036182,Nick Westbrook-Ikhine,WR,7.20125499035425,14.011967305203402,2024,14.011967305203402,100.90374948127659,28.449007529089663,1.0,100.90374948127659,87,56,4294967265
00-0034983,Hunter Renfrow,WR,7.355230668894992,13.84630132609043,2023,13.84630132609043,101.84274016442173,29.697467488021903,0.9721013004791239,99.00146015819186,88,,
00-0027685,Emmanuel Sanders,WR,9.90662878787879,16.0,2021,16.0,158.50606060606063,38.46132785763176,0.6215468856947297,98.51894833343707,89,,
00-0035662,Marquise Brown,WR,9.46423669797622,10.344785090856,2024,10.344785090856,97.90549468955662,28.243668720054757,1.0,97.90549468955662,90,135,45
00-0033307,Kendrick Bourne,WR,8.159447079924188,12.504138816780953,2024,12.504138816780953,102.02685895555004,30.078028747433265,0.9568788501026694,97.62734347697396,91,103,12
00-0037741,Jahan Dotson,WR,6.215909789730126,15.49819059107358,2024,15.49819059107358,96.3353546181576,25.44558521560575,1.0,96.3353546181576,92,112,20
00-0034272,Marquez Valdes-Scantling,WR,6.523993595154318,15.967087436061776,2024,15.967087436061776,104.16917616613601,30.89390828199863,0.9242436687200548,96.27770154733524,93,91,4294967294
00-0039916,Ricky Pearsall,WR,8.5,11.0,2024,11.0,93.5,24.97741273100616,1.0,93.5,94,82,4294967284
00-0033857,JuJu Smith-Schuster,WR,6.9408071113831475,13.406492436296865,2024,13.406492436296865,93.05187804055366,28.774811772758383,1.0,93.05187804055366,95,105,10
00-0039491,Jalen Coker,WR,8.414545454545454,11.0,2024,11.0,92.56,23.838466803559207,1.0,92.56,96,83,4294967283
00-0036357,Henry Ruggs III,WR,9.864502164502165,9.363636363636363,2021,9.363636363636363,92.36761117670208,26.60369609856263,1.0,92.36761117670208,97,,
00-0031382,Jarvis Landry,WR,9.379608158502647,11.571773220747888,2022,11.571773220747888,108.53869850966933,32.75838466803559,0.8496646132785765,92.2214912949782,98,,
00-0037837,Calvin Austin III,WR,5.382808476926124,17.606060606060606,2024,17.0,91.50774410774412,26.442162902121833,1.0,91.50774410774412,99,72,4294967269
00-0027793,Antonio Brown,WR,15.763636363636364,8.575757575757576,2021,8.575757575757576,135.18512396694214,37.14442162902122,0.6742231348391513,91.14493806461101,100,,
00-0038619,Andrei Iosivas,WR,6.086631016042781,14.636363636363638,2024,14.636363636363638,89.08614487117163,25.880903490759753,1.0,89.08614487117163,101,70,4294967265
00-0035208,Olamide Zaccheaus,WR,5.699497167570189,15.625573804568658,2024,15.625573804568658,89.057913640798,28.109514031485283,1.0,89.057913640798,102,61,4294967255
00-0036326,Chase Claypool,WR,6.352663513322752,13.709804548117377,2023,13.709804548117377,87.09377512761158,27.15400410677618,1.0,87.09377512761158,103,,
00-0036233,Donovan Peoples-Jones,WR,5.388314216883431,15.928955637215743,2023,15.928955637215743,85.83021812011506,26.532511978097194,1.0,85.83021812011506,104,,
00-0031547,DeVante Parker,WR,8.207438226682516,12.120040475049262,2023,12.120040475049262,99.47448350385864,32.61327857631759,0.8554688569472964,85.09732269846863,105,,
00-0034407,Ray-Ray McCloud,WR,4.976779518962231,16.987131929888815,2024,16.987131929888815,84.54121027458001,28.878850102669404,1.0,84.54121027458001,106,50,4294967240
00-0033591,Noah Brown,WR,7.247185158905793,11.882846120153129,2024,11.882846120153129,86.11718604753504,29.65366187542779,0.9738535249828884,83.86552519399922,107,89,4294967278
00-0030431,Robert Woods,WR,6.4330318669281095,15.547494314540176,2024,15.547494314540176,100.01752637632055,33.393566050650236,0.8242573579739906,82.4401820420399,108,120,12
00-0036849,Tutu Atwell,WR,5.930695354245442,13.832987165148852,2024,13.832987165148852,82.03923271568512,25.90280629705681,1.0,82.03923271568512,109,80,4294967267
00-0039868,Troy Franklin,WR,4.735294117647059,17.0,2024,17.0,80.5,22.56810403832991,1.0,80.5,110,92,4294967278
00-0032977,Rashard Higgins,WR,6.7730880230880235,12.787878787878787,2021,12.787878787878787,86.61342865888321,30.902121834360027,0.9239151266255989,80.02345690684936,111,,
00-0033943,Josh Reynolds,WR,6.823319967154489,12.462421523332036,2024,12.462421523332036,85.03508961924734,30.54072553045859,0.9383709787816563,79.79446027679899,112,122,10
00-0033555,Mack Hollins,WR,5.499643727990717,16.259477209905445,2024,16.259477209905445,89.42133185786449,31.958932238193018,0.8816427104722793,78.83766539320882,113,69,4294967252
00-0037666,Jalen Tolbert,WR,5.802899784763121,13.518697225572978,2024,13.518697225572978,78.44764522055524,26.510609171800137,1.0,78.44764522055524,114,46,4294967228
00-0036415,Van Jefferson,WR,5.2010913871897415,15.025243689077731,2024,15.025243689077731,78.14766554168921,29.100616016427104,0.9959753593429158,77.8331492696939,115,98,4294967279
00-0032765,Michael Thomas,WR,12.038805539318625,7.49321296356433,2023,7.49321296356433,90.20933373305239,32.498288843258045,0.8600684462696782,77.58620150280923,116,,
00-0034765,Tre'Quan Smith,WR,7.141668102705496,10.815440289505426,2022,10.815440289505426,77.2402849322768,29.650924024640656,0.9739630390143738,75.22918264697645,117,,
00-0031549,Nelson Agholor,WR,5.466620787833059,15.675477170311382,2024,15.675477170311382,85.69188935842674,32.27378507871321,0.8690485968514716,74.47041620849231,118,116,4294967294
00-0032464,Kalif Raymond,WR,5.3218875846705185,15.236824457252023,2024,15.236824457252023,81.08866690885365,31.06639288158795,0.9173442847364819,74.38622514573719,119,110,4294967287
00-0035500,Greg Dortch,WR,4.83588180471102,15.13899984023007,2024,15.13899984023007,73.21041386889164,27.260780287474333,1.0,73.21041386889164,120,87,4294967263
00-0032009,Adam Humphries,WR,6.07990832696715,13.06060606060606,2021,13.06060606060606,79.40728754311641,32.18891170431211,0.8724435318275156,69.27837439695956,121,,
00-0034386,Justin Watson,WR,4.128554944162699,17.23920135717082,2024,17.0,70.18543405076589,29.40999315537303,0.9836002737850787,69.03441214805792,122,101,4294967275
00-0036271,Quez Watkins,WR,5.960993806345763,11.526228897054906,2023,11.526228897054906,68.70777906586785,27.23066392881588,1.0,68.70777906586785,123,,
00-0038979,Cedric Tillman,WR,6.997061524334252,9.78787878787879,2024,9.78787878787879,68.48639007151407,25.36892539356605,1.0,68.48639007151407,124,93,4294967265
00-0036345,K.J. Osborn,WR,5.669435249557691,12.0570550431699,2024,12.0570550431699,68.35669286760476,28.227241615331963,1.0,68.35669286760476,125,145,20
00-0038606,Parker Washington,WR,5.869696969696971,11.636363636363637,2024,11.636363636363637,68.30192837465566,23.449691991786448,1.0,68.30192837465566,126,86,4294967256
00-0035140,Mecole Hardman,WR,5.527718070482379,12.348049126332278,2024,12.348049126332278,68.25653429083108,27.474332648870636,1.0,68.25653429083108,127,129,2
00-0029000,Cole Beasley,WR,7.903498190591073,12.209891435464415,2022,12.209891435464415,96.50085486750645,36.35044490075291,0.7059822039698835,68.12788620434007,128,,
00-0036219,Marquez Callaway,WR,5.486751578797985,12.195416164053075,2022,12.195416164053075,66.91321889221668,27.433264887063654,1.0,66.91321889221668,129,,
00-0034286,Richie James,WR,4.854134177542634,14.26057024095603,2023,14.26057024095603,69.22272139787206,29.990417522245036,0.9603832991101986,66.4803455494745,130,,
00-0027942,A.J. Green,WR,6.597235841306922,14.866103739445112,2022,14.866103739445112,98.07519241045416,37.086926762491444,0.6765229295003422,66.35011648083018,131,,
00-0037801,KaVontae Turpin,WR,3.776239043646155,17.407720144752712,2024,17.0,64.19606374198463,29.08145106091718,0.9967419575633129,63.98691024204497,132,84,4294967248
00-0034418,Cedrick Wilson Jr.,WR,4.995837151944016,13.12739389410073,2024,13.12739389410073,65.58232212435146,29.782340862423,0.9687063655030801,63.53001290633274,133,117,4294967280
00-0033733,Greg Ward,WR,5.372840909090908,12.363636363636363,2021,12.363636363636363,66.42785123966941,30.140999315537304,0.9543600273785079,63.396085927786345,134,,
00-0033891,Zay Jones,WR,6.549923617455472,10.220244443839533,2024,10.220244443839533,66.94182045887263,30.425735797399042,0.9429705681040383,63.124166468021656,135,149,14
00-0039052,Trey Palmer,WR,3.794152046783626,16.575757575757578,2024,16.575757575757578,62.890944533049804,24.416153319644078,1.0,62.890944533049804,136,126,4294967286
00-0036626,Dyami Brown,WR,4.153332564070701,14.890025030622573,2024,14.890025030622573,61.84322583951257,25.83436002737851,1.0,61.84322583951257,137,76,4294967235
00-0038612,A.T. Perry,WR,7.575,8.0,2023,8.0,60.6,25.8507871321013,1.0,60.6,138,,
00-0033466,Isaiah McKenzie,WR,4.2393073262586345,15.018852851893275,2023,15.018852851893275,63.66953292703155,30.39835728952772,0.9440657084188913,60.10822270745796,139,,
00-0032385,Sterling Shepard,WR,7.101867851455516,9.83197764915207,2024,9.83197764915207,69.82540598274227,32.55578370978782,0.8577686516084873,59.894044337832035,140,94,4294967250
00-0035126,Antoine Wesley,WR,6.644444444444445,9.0,2021,9.0,59.800000000000004,27.860369609856264,1.0,59.800000000000004,141,,
00-0034777,DJ Chark,WR,6.894286749344767,8.667914704492194,2024,8.667914704492194,59.759089491631194,28.93908281998631,1.0,59.759089491631194,142,153,11
00-0034370,DaeSean Hamilton,WR,5.191666666666666,12.0,2020,12.0,62.3,30.480492813141684,0.9407802874743326,58.61061190965092,143,,
00-0027891,Golden Tate,WR,7.21,12.0,2020,12.0,86.52,37.08145106091718,0.6767419575633127,58.55171416837781,144,,
00-0037614,John Metchie III,WR,4.381818181818182,13.181818181818183,2024,13.181818181818183,57.7603305785124,25.12251882272416,1.0,57.7603305785124,145,102,4294967253
00-0039880,Malik Washington,WR,4.057142857142857,13.999999999999998,2024,13.999999999999998,56.79999999999999,24.865160848733744,1.0,56.79999999999999,146,111,4294967261
00-0033681,Keelan Cole,WR,4.881370986271469,13.44270205066345,2022,13.44270205066345,65.61881576720054,32.3668720054757,0.865325119780972,56.781609613638345,147,,
00-0036427,Tyler Johnson,WR,6.252402900088941,8.993176840484873,2024,8.993176840484873,56.22896495846032,27.019849418206707,1.0,56.22896495846032,148,109,4294967257
00-0038608,Kayshon Boutte,WR,5.437373737373737,10.272727272727273,2024,10.272727272727273,55.85665748393021,23.32101300479124,1.0,55.85665748393021,149,66,4294967213
00-0032398,Chris Moore,WR,5.0676146349257065,12.578899717739787,2023,12.578899717739787,63.745016300880984,32.21081451060917,0.8715674195756333,55.55807936816552,150,,
00-0031325,Sammy Watkins,WR,6.019442921372957,10.517490952955367,2022,10.517490952955367,63.3094364673713,32.21629021218344,0.8713483915126625,55.16457563341708,151,,
00-0031235,Odell Beckham Jr.,WR,5.530449810687136,11.69341844452171,2024,11.69341844452171,64.66986382279055,32.82135523613963,0.8471457905544147,54.784802913204246,152,158,6
00-0039751,Jordan Whittington,WR,3.4187499999999997,16.0,2024,16.0,54.699999999999996,24.917180013689254,1.0,54.699999999999996,153,113,4294967256
00-0029293,Marvin Jones,WR,6.295586725485671,11.621238749534005,2023,11.621238749534005,73.16251640526598,35.474332648870636,0.7410266940451746,54.2153776598201,154,,
00-0039890,Adonai Mitchell,WR,3.1623529411764704,17.0,2024,17.0,53.76,22.899383983572896,1.0,53.76,155,115,4294967256
00-0027944,Julio Jones,WR,7.66999531449124,9.913884007029878,2023,9.913884007029878,76.03944388232881,36.56125941136208,0.6975496235455168,53.04128545472891,156,,
00-0039062,Jonathan Mingo,WR,3.6210101010101017,14.393939393939394,2024,14.393939393939394,52.120599938781766,24.366872005475702,1.0,52.120599938781766,157,131,4294967270
00-0037091,Bo Melton,WR,4.796176046176046,10.848484848484848,2024,10.848484848484848,52.031243167606796,26.29158110882957,1.0,52.031243167606796,158,139,4294967277
00-0033572,Jamal Agnew,WR,4.207722042469184,12.832614368642489,2023,12.832614368642489,53.99607434144377,30.414784394250514,0.9434086242299794,50.94036220828116,159,,
00-0033589,David Moore,WR,4.7314700693428,11.308783629171977,2024,11.308783629171977,53.50717126210105,30.628336755646817,0.9348665297741273,50.022063515830325,160,90,4294967226
00-0037291,Jalen Nailor,WR,4.8116355046240455,10.291917973462,2024,10.291917973462,49.52095793178812,26.50239561943874,1.0,49.52095793178812,161,74,4294967209
00-0022921,Larry Fitzgerald,WR,7.761538461538462,13.0,2020,13.0,100.9,42.0041067761807,0.47983572895277204,48.4154250513347,162,,
00-0036142,Isaiah Wright,WR,4.0249999999999995,12.0,2020,12.0,48.3,28.632443531827516,1.0,48.3,163,,
00-0026035,Danny Amendola,WR,8.206060606060607,10.363636363636365,2021,10.363636363636365,85.04462809917358,39.83025325119781,0.5667898699520876,48.20243370045424,164,,
00-0034309,Chad Beebe,WR,4.341666666666667,12.0,2020,12.0,52.1,31.252566735112936,0.9098973305954826,47.40565092402465,165,,
00-0033127,Will Fuller,WR,9.371074380165288,5.545454545454546,2021,5.545454545454546,51.96686701728024,31.378507871321013,0.9048596851471595,47.0227229273405,166,,
00-0032791,Jakeem Grant,WR,3.8028138528138524,14.606060606060607,2021,14.606060606060607,55.54412960776597,32.837782340862425,0.846488706365503,47.017478417875644,167,,
00-0034297,Byron Pringle,WR,4.0771171100659584,12.898226553762582,2023,12.898226553762582,52.5875801718525,31.789185489390828,0.8884325804243669,46.720519550352186,168,,
00-0033932,Kenny Golladay,WR,6.295240392900224,8.305186972255731,2022,8.305186972255731,52.28314849833299,31.82751540041068,0.8868993839835728,46.36989219589319,169,,
00-0033471,Isaiah Ford,WR,4.863973063973065,9.606060606060607,2021,9.606060606060607,46.723620038771564,29.560574948665298,0.977577002053388,45.675936402583915,170,,
00-0031428,Allen Robinson,WR,4.794091430549468,10.672621448598246,2024,10.672621448598246,51.1655230282233,32.02190280629706,0.8791238877481178,44.980833523237514,171,186,15
00-0029608,T.Y. Hilton,WR,6.981770205066344,8.81061519903498,2022,8.81061519903498,61.513690684927106,35.79739904175222,0.7281040383299111,44.78836660027246,172,,
00-0033840,Chad Hansen,WR,9.32,5.0,2020,5.0,46.6,30.62012320328542,0.9351950718685832,43.58009034907598,173,,
00-0034104,Cam Sims,WR,3.4112585444310413,12.890229191797344,2022,12.890229191797344,43.971904470193124,29.65366187542779,0.9738535249828884,42.822194168508396,174,,
00-0036572,Shi Smith,WR,3.4645632798573978,12.272727272727273,2022,12.272727272727273,42.51964025279534,26.850102669404517,1.0,42.51964025279534,175,,
00-0031941,Jamison Crowder,WR,4.806364667084054,10.107403842108779,2024,10.107403842108779,48.57986870266125,32.20807665982204,0.8716769336071184,42.34595098577218,176,128,4294967248
00-0028002,Randall Cobb,WR,5.145738166669625,10.76476540448421,2023,10.76476540448421,55.39266419709919,35.0280629705681,0.7588774811772759,42.036245481593305,177,,
00-0035406,Lil'Jordan Humphrey,WR,4.145282421090325,10.125198898295228,2024,10.125198898295228,41.97180900314633,27.370294318959616,1.0,41.97180900314633,178,106,4294967224
00-0030669,Albert Wilson,WR,4.8,10.0,2021,10.0,48.0,33.138945927446954,0.8344421629021218,40.05322381930185,179,,
00-0034860,Dante Pettis,WR,4.512451971235043,9.104888021032918,2024,9.104888021032918,41.08536989838432,29.859000684462696,0.9656399726214921,39.67367546381971,180,132,4294967248
00-0038752,Jake Bobo,WR,3.1010822510822518,12.787878787878789,2024,12.787878787878789,39.656263938082134,27.07734428473648,1.0,39.656263938082134,181,134,4294967249
00-0036268,Laviska Shenault Jr.,WR,3.6278281207633025,10.922254584868632,2024,10.922254584868632,39.62406232512234,26.90759753593429,1.0,39.62406232512234,182,173,4294967287
00-0036247,Freddie Swain,WR,4.080258182887147,9.633293124246078,2022,9.633293124246078,39.30632309835555,27.07734428473648,1.0,39.30632309835555,183,,
00-0036331,Devin Duvernay,WR,2.7460659847784963,14.290924793554085,2024,14.290924793554085,39.243822466606524,27.969883641341546,1.0,39.243822466606524,184,144,4294967256
00-0035639,Parris Campbell,WR,4.837370974185205,7.794986896840146,2024,7.794986896840146,37.70724335892853,28.128678986995208,1.0,37.70724335892853,185,154,4294967265
00-0038573,Derius Davis,WR,2.2951871657754013,16.393939393939398,2024,16.393939393939398,37.62715929346947,24.971937029431896,1.0,37.62715929346947,186,121,4294967231
00-0035414,Jalen Guyton,WR,4.48227547569595,8.288437982638335,2023,8.288437982638335,37.151062301406625,28.23545516769336,1.0,37.151062301406625,187,,
00-0038824,Ryan Miller,WR,3.6799999999999997,10.0,2024,10.0,36.8,25.530458590006845,1.0,36.8,188,124,4294967232
00-0038465,Malik Heath,WR,4.301767676767677,8.363636363636363,2024,8.363636363636363,35.978420569329664,25.420944558521562,1.0,35.978420569329664,189,133,4294967240
00-0037257,David Bell,WR,5.314965822275834,6.676718938480097,2024,6.676718938480097,35.4865329629635,24.71457905544148,1.0,35.4865329629635,190,187,4294967293
00-0032054,Breshad Perriman,WR,4.9131383192601525,8.188178528347406,2022,8.188178528347406,40.22965369256684,31.975359342915812,0.8809856262833675,35.441746653508986,191,,
00-0035006,Bisi Johnson,WR,3.8777777777777778,9.0,2020,9.0,34.9,28.45995893223819,1.0,34.9,192,,
00-0039355,Luke McCaffrey,WR,2.32,15.0,2024,15.0,34.8,24.416153319644078,1.0,34.8,193,127,4294967230
00-0035350,Preston Williams,WR,5.077272727272727,6.787878787878787,2021,6.787878787878787,34.463911845730024,28.432580424366872,1.0,34.463911845730024,194,,
00-0030068,Marquise Goodwin,WR,3.623132235677471,12.238841978287093,2023,12.238841978287093,44.3429428988946,34.784394250513344,0.7686242299794662,34.0830603406863,195,,
00-0036165,Isaiah Hodgins,WR,4.451271286011937,7.598311218335343,2024,7.598311218335343,33.822144548358494,26.863791923340177,1.0,33.822144548358494,196,195,4294967295
00-0036255,Denzel Mims,WR,3.629875351829513,9.31363088057901,2022,9.31363088057901,33.80731916945195,27.89322381930185,1.0,33.80731916945195,197,,
00-0027150,Julian Edelman,WR,9.37,6.0,2020,6.0,56.22,39.279945242984255,0.5888021902806297,33.102459137577,198,,
00-0038618,Xavier Hutchinson,WR,2.166991341991342,15.212121212121213,2024,15.212121212121213,32.96453495998951,25.25119780971937,1.0,32.96453495998951,199,123,4294967220
00-0039907,Ja'Lynn Polk,WR,2.3357142857142854,13.999999999999998,2024,13.999999999999998,32.69999999999999,23.392197125256672,1.0,32.69999999999999,200,130,4294967226
00-0035287,KeeSean Johnson,WR,4.0375000000000005,8.0,2020,8.0,32.300000000000004,28.895277207392198,1.0,32.300000000000004,201,,
00-0038496,Xavier Gipson,WR,1.8985739750445636,17.0,2024,17.0,32.27575757575758,24.484599589322382,1.0,32.27575757575758,202,150,4294967244
00-0028411,Dontrelle Inman,WR,6.614285714285715,7.0,2020,7.0,46.300000000000004,36.58316221765914,0.6966735112936345,32.25598357289528,203,,
00-0036365,Bryan Edwards,WR,3.5088176163106977,9.096501809408926,2022,9.096501809408926,31.917965795656176,26.80082135523614,1.0,31.917965795656176,204,,
00-0034419,Braxton Berrios,WR,2.6561541408838236,12.465240125612162,2024,12.465240125612162,33.109599176755935,29.90554414784394,0.9637782340862424,31.910311025877142,205,224,19
00-0034487,Trent Sherfield,WR,2.381598457796502,13.633742554460392,2024,13.633742554460392,32.47010024169741,29.51403148528405,0.979438740588638,31.80247408751494,206,140,4294967230
00-0036412,KJ Hamler,WR,4.901779252110977,6.282267792521109,2022,6.282267792521109,30.794289921585,26.151950718685832,1.0,30.794289921585,207,,
00-0034646,Brandon Powell,WR,1.9823649717545375,16.097497902752032,2024,16.097497902752032,31.91111597530776,29.971252566735114,0.9611498973305954,30.671365843371774,208,160,4294967248
00-0031763,DeAndre Carter,WR,2.2861182146405397,15.371488810965577,2024,15.371488810965577,35.14104055689165,32.394250513347025,0.864229979466119,30.36994075890053,209,151,4294967238
00-0038938,Jalin Hyatt,WR,2.6878787878787875,11.181818181818182,2024,11.181818181818182,30.055371900826444,23.93429158110883,1.0,30.055371900826444,210,159,4294967245
00-0035298,Scott Miller,WR,3.1671969371393525,9.35612136569818,2024,9.35612136569818,29.632678932943328,28.087611225188226,1.0,29.632678932943328,211,167,4294967252
00-0036387,Jalen Reagor,WR,2.7256469660962597,10.833655447524258,2024,10.833655447524258,29.52872010227671,26.663928815879533,1.0,29.52872010227671,212,157,4294967241
00-0034854,KhaDarel Hodge,WR,2.724458811789702,11.932677721658695,2024,11.932677721658695,32.5100889670197,31.66050650239562,0.8935797399041752,29.050356843411056,213,138,4294967221
00-0038640,Jalen Brooks,WR,3.4313131313131318,8.454545454545455,2024,8.454545454545455,29.01019283746557,25.319644079397673,1.0,29.01019283746557,214,125,4294967207
00-0036364,Lynn Bowden,WR,3.489209898336112,8.215455526135138,2023,8.215455526135138,28.66544874113083,27.88227241615332,1.0,28.66544874113083,215,,
00-0026189,DeSean Jackson,WR,5.161734734907232,9.101326899879373,2022,9.101326899879373,46.97863519285291,38.75154004106776,0.6099383983572895,28.654073506540097,216,,
00-0032200,Ty Montgomery,WR,4.076637071188917,8.068647813814774,2023,8.068647813814774,32.89294879216472,32.60780287474333,0.8556878850102669,28.146097783718442,217,,
00-0035021,Ashton Dulin,WR,2.250606986673461,12.477965751530318,2024,12.477965751530318,28.0829968998663,28.298425735797398,1.0,28.0829968998663,218,143,4294967221
00-0036862,Ben Skowronek,WR,2.260378071450128,12.41279224583267,2024,12.41279224583267,28.05760339794635,28.18069815195072,1.0,28.05760339794635,219,168,4294967245
00-0037742,Treylon Burks,WR,3.7469276601966595,7.477683956574185,2024,7.477683956574185,28.01834085109661,25.44284736481862,1.0,28.01834085109661,220,175,4294967251
00-0034279,Equanimeous St. Brown,WR,2.7191867710496886,10.071363902646855,2023,10.071363902646855,27.38591949050469,28.919917864476385,1.0,27.38591949050469,221,,
00-0029632,Mohamed Sanu,WR,4.953463203463205,7.606060606060606,2021,7.606060606060606,37.676341335432255,36.02737850787132,0.7189048596851473,27.08570488119864,222,,
00-0037231,Kevin Austin Jr.,WR,3.375,8.0,2024,8.0,27.0,25.423682409308693,1.0,27.0,223,136,4294967209
00-0035864,Kendall Hinton,WR,3.006073034323939,8.96139927623643,2022,8.96139927623643,26.938620714104395,28.531143052703626,1.0,26.938620714104395,224,,
00-0036913,Kadarius Toney,WR,3.3235070091660606,8.091441657346754,2024,8.091441657346754,26.891963062450184,26.595482546201232,1.0,26.891963062450184,225,237,12
00-0039386,Bub Means,WR,6.7,4.0,2024,4.0,26.8,24.640657084188913,1.0,26.8,226,137,4294967207
00-0036277,Quintez Cephus,WR,4.798120225170889,5.462002412545235,2022,5.462002412545235,26.207344245565483,27.419575633127995,1.0,26.207344245565483,227,,
00-0037273,Kyle Philips,WR,4.0636363636363635,6.424242424242425,2023,6.424242424242425,26.105785123966943,26.209445585215605,1.0,26.105785123966943,228,,
00-0036955,Terrace Marshall Jr.,WR,3.2129804193073093,8.089897214677531,2024,8.089897214677531,25.992681344967647,25.229295003422312,1.0,25.992681344967647,229,177,4294967244
00-0034676,James Washington,WR,2.8550326403178885,8.966224366706875,2022,8.966224366706875,25.59886322736172,29.415468856947296,0.9833812457221082,25.173442009592833,230,,
00-0032688,Robbie Chosen,WR,4.166798904950039,6.926872242335455,2024,6.926872242335455,28.8628836740922,32.31485284052019,0.8674058863791925,25.035835196785467,231,211,4294967276
00-0032980,Marcus Johnson,WR,3.0480881536370075,8.855247285886609,2022,8.855247285886609,26.991574349637236,31.07460643394935,0.917015742642026,24.75169859731005,232,,
00-0036999,Anthony Schwartz,WR,2.63982683982684,9.363636363636365,2022,9.363636363636365,24.718378591105868,24.98836413415469,1.0,24.718378591105868,233,,
00-0039623,Mason Tipton,WR,2.6555555555555554,9.0,2024,9.0,23.9,24.928131416837783,1.0,23.9,234,141,4294967203
00-0035510,Jeff Smith,WR,2.9075210140348857,8.034981905910735,2022,8.034981905910735,23.36187873882554,28.364134154688568,1.0,23.36187873882554,235,,
00-0030525,Tavon Austin,WR,3.4017447199265383,9.030303030303031,2021,9.030303030303031,30.718785652669954,35.46611909650924,0.7413552361396305,22.773532591457826,236,,
00-0035848,De'Michael Harris,WR,3.2142857142857144,7.0,2020,7.0,22.5,27.14031485284052,1.0,22.5,237,,
00-0038104,Tyquan Thornton,WR,3.123646294062458,7.1990349819059105,2024,7.1990349819059105,22.48723894205639,25.06776180698152,1.0,22.48723894205639,238,174,4294967232
00-0035341,Trenton Irwin,WR,2.883412892651424,7.918468402701304,2024,7.918468402701304,22.83221388240187,29.727583846680357,0.9708966461327857,22.167719882210406,239,191,4294967248
00-0033215,Cyril Grayson,WR,9.01010101010101,2.606060606060606,2021,2.606060606060606,23.48086929905112,31.73990417522245,0.890403832991102,20.907456025838208,240,,
00-0037098,Samori Toure,WR,3.2393939393939397,6.424242424242425,2023,6.424242424242425,20.81065197428834,27.44147843942505,1.0,20.81065197428834,241,,
00-0032128,Chris Conley,WR,3.2710314858029164,7.516472367056751,2024,7.516472367056751,24.586617774810207,32.851471594798085,0.8459411362080766,20.79883137593664,242,163,4294967217
00-0031868,Damiere Byrd,WR,3.1864638718225553,7.484422431698354,2023,7.484422431698354,23.84884168006512,32.59411362080767,0.8562354551676933,20.420223811152812,243,,
00-0035215,Deonte Harty,WR,2.1190949712316893,9.472362107492929,2024,9.472362107492929,20.072834907673872,27.74264202600958,1.0,20.072834907673872,244,225,4294967277
00-0036841,Austin Trammell,WR,3.3666767189384803,5.90832328106152,2024,5.90832328106152,19.891414438312037,27.16221765913758,1.0,19.891414438312037,245,185,4294967236
00-0030085,Kenny Stills,WR,3.4034632034632035,7.000000000000001,2021,7.000000000000001,23.824242424242428,33.360711841204655,0.8255715263518137,19.668616182357457,246,,
00-0034426,Javon Wims,WR,1.8909090909090909,11.0,2020,11.0,20.8,30.973305954825463,0.9210677618069815,19.158209445585214,247,,
00-0034686,Auden Tate,WR,3.3825757575757582,5.575757575757576,2021,5.575757575757576,18.860422405876957,28.57494866529774,1.0,18.860422405876957,248,,
00-0032778,Tajae Sharpe,WR,2.0779220779220777,9.666666666666666,2021,9.666666666666666,20.086580086580085,30.691307323750856,0.9323477070499657,18.727676886198445,249,,
00-0038090,Skyy Moore,WR,1.969347977906165,9.398069963811823,2024,9.398069963811823,18.50807007945348,24.974674880219027,1.0,18.50807007945348,250,235,4294967281
00-0034652,Cameron Batson,WR,2.798347107438017,6.757575757575758,2021,6.757575757575758,18.910042574505386,29.700205338809035,0.9719917864476386,18.380406063794393,251,,
00-0039410,Ryan Flournoy,WR,2.0222222222222226,9.0,2024,9.0,18.200000000000003,25.848049281314168,1.0,18.200000000000003,252,146,4294967190
00-0036527,DJ Turner,WR,1.9998552472858868,9.004825090470447,2024,9.004825090470447,18.008346708068935,28.618754277891856,1.0,18.008346708068935,253,118,4294967161
00-0037382,Brandon Johnson,WR,3.8793244873341375,4.638118214716526,2024,4.638118214716526,17.99276556550031,27.10198494182067,1.0,17.99276556550031,254,204,4294967246
00-0039747,Ainias Smith,WR,5.8999999999999995,3.0,2024,3.0,17.7,24.254620123203285,1.0,17.7,255,147,4294967188
00-0029137,Alshon Jeffery,WR,3.357142857142857,7.0,2020,7.0,23.5,35.54551676933607,0.7381793292265573,17.347214236824097,256,,
00-0034353,Anthony Miller,WR,3.8869710364307095,4.719794753570953,2024,4.719794753570953,18.34570550502791,30.89664613278576,0.9241341546885695,16.953893049054404,257,171,4294967210
00-0036630,Tylan Wallace,WR,1.7216851162896858,9.696437130532034,2024,9.696437130532034,16.694211488675673,26.305270362765228,1.0,16.694211488675673,258,119,4294967157
00-0036110,Ja'Marcus Bradley,WR,5.90909090909091,2.8181818181818183,2021,2.8181818181818183,16.652892561983474,28.722792607802873,1.0,16.652892561983474,259,,
00-0038821,Rakim Jarrett,WR,2.1839826839826846,7.606060606060606,2024,7.606060606060606,16.61150465695921,24.602327173169062,1.0,16.61150465695921,260,142,4294967178
00-0038492,Jason Brownlee,WR,4.15,4.0,2023,4.0,16.6,26.587268993839835,1.0,16.6,261,,
00-0034054,River Cracraft,WR,2.990864450318349,5.966392065349999,2024,5.966392065349999,17.844669924916783,30.833675564681723,0.9266529774127311,16.535816516871552,262,162,4294967196
00-0036671,Dax Milne,WR,1.3084175084175085,12.636363636363637,2022,12.636363636363637,16.533639424548518,26.193018480492814,1.0,16.533639424548518,263,,
00-0033251,Zach Pascal,WR,1.7924168091640456,9.713851240160256,2024,9.713851240160256,17.41127024458225,30.704996577686515,0.9318001368925394,16.22382399737474,264,223,4294967255
00-0035869,Austin Mack,WR,3.22,5.0,2020,5.0,16.1,28.00273785078713,1.0,16.1,265,,
00-0037487,Deven Thompkins,WR,1.6292171925592025,9.59469240048251,2024,9.59469240048251,15.63183781618323,25.691991786447637,1.0,15.63183781618323,266,181,4294967211
00-0027902,Dez Bryant,WR,3.783333333333333,6.0,2020,6.0,22.7,36.82409308692676,0.6870362765229296,15.595723477070502,267,,
00-0039650,Bryce Oliver,WR,1.9375000000000002,8.0,2024,8.0,15.500000000000002,25.286789869952088,1.0,15.500000000000002,268,152,4294967180
00-0034366,Keke Coutee,WR,2.8073194899190073,5.322074788902292,2022,5.322074788902292,14.94076428169199,28.629705681040384,1.0,14.94076428169199,269,,
00-0039236,Johnny Wilson,WR,1.3454545454545455,11.0,2024,11.0,14.8,24.413415468856947,1.0,14.8,270,155,4294967181
00-0039810,Jermaine Burton,WR,1.8375000000000001,8.0,2024,8.0,14.700000000000001,24.177960301163587,1.0,14.700000000000001,271,156,4294967181
00-0032951,Laquon Treadwell,WR,3.216727468001633,4.7370719497257285,2023,4.7370719497257285,15.237869458582802,30.217659137577,0.95129363449692,14.495688219244848,272,,
00-0033094,Marvin Hall,WR,3.3716253443526174,4.93939393939394,2021,4.93939393939394,16.653785791802324,32.394250513347025,0.864229979466119,14.392700952882468,273,,
00-0034132,Christian Blake,WR,1.5052861952861953,9.393939393939394,2021,9.393939393939394,14.14056728905214,29.232032854209447,0.9907186858316221,14.009324241523359,274,,
00-0038679,Tyrell Shavers,WR,13.9,1.0,2024,1.0,13.9,26.039698836413415,1.0,13.9,275,161,4294967182
00-0034928,Steven Sims,WR,1.4639188719724925,9.32497688533739,2024,9.32497688533739,13.65100964315268,28.421629021218344,1.0,13.65100964315268,276,198,4294967218
00-0031787,Jake Kumerow,WR,3.046401286690792,5.439083232810615,2022,5.439083232810615,16.569630158852572,33.53867214236824,0.8184531143052703,13.561465406399419,277,,
00-0031051,John Brown,WR,3.761821471652593,4.834740651387213,2022,4.834740651387213,18.18743119226006,35.41409993155373,0.7434360027378508,13.521191145643524,278,,
00-0035590,Riley Ridley,WR,4.5,3.0,2020,3.0,13.5,29.114305270362763,0.9954277891854895,13.438275154004108,279,,
00-0037132,Britain Covey,WR,1.1643546441495778,11.507840772014475,2024,11.507840772014475,13.399207847028917,28.45722108145106,1.0,13.399207847028917,280,169,4294967185
00-0037300,Mike Woods,WR,2.2799397439116245,5.59402460456942,2024,5.59402460456942,12.754039024377331,25.453798767967147,1.0,12.754039024377331,281,164,4294967179
00-0039365,Jacob Cowing,WR,0.8466666666666667,15.0,2024,15.0,12.7,24.57221081451061,1.0,12.7,282,165,4294967179
00-0036635,Ihmir Smith-Marsette,WR,1.0074159354320629,12.520743462746978,2024,12.520743462746978,12.613596487828133,26.00958247775496,1.0,12.613596487828133,283,233,4294967246
00-0035359,David Sills,WR,2.234523809523809,5.8181818181818175,2022,5.8181818181818175,13.000865800865798,30.261464750171115,0.9495414099931554,12.344860443685903,284,,
00-0035045,D.J. Montgomery,WR,6.111950790861161,2.0,2023,2.0,12.223901581722322,28.788501026694046,1.0,12.223901581722322,285,,
00-0037745,Velus Jones Jr.,WR,1.671674525715539,7.284680337756333,2024,7.284680337756333,12.17761454860813,28.309377138945926,1.0,12.17761454860813,286,197,4294967207
00-0036646,Simi Fehoko,WR,2.940731805388018,4.133896260554885,2024,4.133896260554885,12.156680213588345,27.822039698836413,1.0,12.156680213588345,287,148,4294967157
00-0033114,Mike Thomas,WR,1.7169983916365097,7.681544028950542,2022,7.681544028950542,13.189198742993115,31.044490075290895,0.9182203969883642,12.110591305749573,288,,
00-0028237,Chris Hogan,WR,3.7418181818181826,5.0,2021,5.0,18.709090909090914,37.856262833675565,0.6457494866529774,12.081385850289344,289,,
00-0032355,Chester Rogers,WR,1.5827094474153298,8.515151515151516,2022,8.515151515151516,13.477010749203263,31.63586584531143,0.8945653661875428,12.056067055974466,290,,
00-0036183,Kristian Wilkerson,WR,12.040737471805434,1.0,2024,1.0,12.040737471805434,28.640657084188913,1.0,12.040737471805434,291,170,4294967175
00-0038647,Ronnie Bell,WR,1.5696969696969698,7.545454545454547,2024,7.545454545454547,11.844077134986229,25.593429158110883,1.0,11.844077134986229,292,192,4294967196
00-0035457,Tyron Johnson,WR,2.0487443798662137,5.716525934861279,2022,5.716525934861279,11.711700381406498,29.648186173853524,0.974072553045859,11.408045891024788,293,,
00-0036810,Cade Johnson,WR,3.666666666666667,3.0,2022,3.0,11.0,27.394934976043807,1.0,11.0,294,,
00-0030663,Willie Snead,WR,2.4075052697664465,5.34838329527878,2023,5.34838329527878,12.876260968114495,32.87337440109514,0.8450650239561943,10.881277783485887,295,,
00-0033382,Austin Carr,WR,2.34,5.0,2020,5.0,11.7,31.685147159479808,0.8925941136208076,10.44335112936345,296,,
00-0032208,Phillip Dorsett,WR,1.814877362283876,6.6887816646562115,2023,6.6887816646562115,12.139318424444019,32.65434633812457,0.8538261464750172,10.364867471176215,297,,
00-0036497,Tim Jones,WR,1.1864294330518697,8.627261761158021,2024,8.627261761158021,10.235637280080786,27.29911019849418,1.0,10.235637280080786,298,178,4294967176
00-0035246,J.J. Arcega-Whiteside,WR,1.6272727272727272,6.212121212121213,2021,6.212121212121213,10.108815426997246,28.66803559206023,1.0,10.108815426997246,299,,
00-0034081,Steven Mitchell,WR,2.75,4.0,2020,4.0,11.0,31.3347022587269,0.906611909650924,9.972731006160164,300,,
00-0038941,Tyler Scott,WR,1.3151515151515154,7.545454545454547,2024,7.545454545454547,9.923415977961437,23.887748117727583,1.0,9.923415977961437,301,210,4294967205
00-0036133,James Proche,WR,0.9698038479536175,10.081818654247328,2024,10.081818654247328,9.77738652525962,28.947296372347708,1.0,9.77738652525962,302,190,4294967184
00-0034273,Damion Ratley,WR,2.06,5.0,2020,5.0,10.3,30.379192334017795,0.9448323066392882,9.731772758384668,303,,
00-0035621,Nsimba Webster,WR,1.6405307599517491,6.033775633293124,2022,6.033775633293124,9.898594525064714,29.596167008898014,0.9761533196440795,9.662545905452632,304,,
00-0035703,Miles Boykin,WR,1.1697029610693934,8.229855674495393,2023,8.229855674495393,9.626486551631011,28.8870636550308,1.0,9.626486551631011,305,,
00-0035181,Darrius Shepherd,WR,1.2,8.0,2020,8.0,9.6,29.83436002737851,0.9666255989048597,9.279605749486652,306,,
00-0035120,Keelan Doss,WR,4.65,2.0,2023,2.0,9.3,29.44832306639288,0.9820670773442848,9.133223819301849,307,,
00-0039792,Devontez Walker,WR,3.033333333333333,3.0,2024,3.0,9.1,24.202600958247775,1.0,9.1,308,172,4294967160
00-0036382,K.J. Hill,WR,1.0755050505050505,8.363636363636363,2021,8.363636363636363,8.995133149678605,27.96167008898015,1.0,8.995133149678605,309,,
00-0032543,Alex Erickson,WR,1.6171267517279098,6.560627169940188,2024,6.560627169940188,10.609365704623245,32.818617385352496,0.8472553045859001,8.988841371533772,310,217,4294967203
00-0036377,Joe Reed,WR,0.8900000000000001,10.0,2020,10.0,8.900000000000002,27.657768651608485,1.0,8.900000000000002,311,,
00-0036991,Amari Rodgers,WR,1.016287045578183,8.652593486127865,2023,8.652593486127865,8.793518670605918,25.94113620807666,1.0,8.793518670605918,312,,
00-0033839,Dede Westbrook,WR,0.9545454545454546,9.87878787878788,2021,9.87878787878788,9.429752066115705,31.7782340862423,0.888870636550308,8.381829721519848,313,,
00-0037524,Tay Martin,WR,8.365553602811952,1.0,2024,1.0,8.365553602811952,27.71526351813826,1.0,8.365553602811952,314,166,4294967148
00-0036254,Collin Johnson,WR,1.5835481194931835,5.140225437665862,2024,5.140225437665862,8.139794325586802,27.939767282683093,1.0,8.139794325586802,315,209,4294967190
00-0036228,Dezmon Patmon,WR,3.6613636363636366,2.181818181818182,2022,2.181818181818182,7.988429752066117,27.071868583162217,1.0,7.988429752066117,316,,
00-0036620,Dee Eskridge,WR,1.355091557046742,5.794109815199446,2024,5.794109815199446,7.8515492911784275,28.4435318275154,1.0,7.8515492911784275,317,176,4294967155
00-0034317,Keith Kirkwood,WR,1.7966182031208393,4.47020290781275,2023,4.47020290781275,8.031247915820094,30.68309377138946,0.9326762491444216,7.490554182076039,318,,
00-0034052,Brandon Zylstra,WR,1.5497547245677523,5.265379975874547,2022,5.265379975874547,8.160047494256016,32.43805612594114,0.8624777549623545,7.037859443232115,319,,
00-0035022,Penny Hart,WR,1.1014102423511347,6.399276236429433,2022,6.399276236429433,7.048228390437599,29.15811088295688,0.9936755646817248,7.003652325873845,320,,
00-0036100,Isaiah Zuber,WR,1.75,4.0,2020,4.0,7.0,28.380561259411362,1.0,7.0,321,,
00-0036482,Mike Strachan,WR,2.354041013268999,2.9408926417370327,2023,2.9408926417370327,6.922981894269987,28.05201916495551,1.0,6.922981894269987,322,,
00-0038667,Elijah Cooks,WR,1.7000000000000002,4.0,2023,4.0,6.800000000000001,26.885694729637233,1.0,6.800000000000001,323,,
00-0038519,Nikko Remigio,WR,0.8500000000000001,8.0,2024,8.0,6.800000000000001,25.82614647501711,1.0,6.800000000000001,324,179,4294967151
00-0033386,Cody Hollister,WR,1.8871733011660636,4.039806996381182,2022,4.039806996381182,7.6238159054344345,31.786447638603697,0.8885420944558521,6.774081352360551,325,,
00-0033859,Josh Malone,WR,2.266666666666667,3.0,2020,3.0,6.800000000000001,29.44832306639288,0.9820670773442848,6.678056125941137,326,,
00-0034867,Malik Turner,WR,1.822979493365501,3.6779252110977083,2022,3.6779252110977083,6.704782237963104,29.587953456536617,0.9764818617385354,6.547098242277675,327,,
00-0033292,Trent Taylor,WR,0.7525724787319759,9.548731628973943,2024,9.548731628973943,7.186112630763338,31.340177960301162,0.9063928815879535,6.513441334813171,328,203,4294967171
00-0035313,Terry Godwin,WR,3.25,2.0,2020,2.0,6.5,28.856947296372347,1.0,6.5,329,,
00-0033111,Pharoh Cooper,WR,0.8607720144752714,7.979493365500603,2022,7.979493365500603,6.868524578714017,30.48870636550308,0.9404517453798767,6.45951592823618,330,,
00-0035645,Gunner Olszewski,WR,0.46569958867074557,13.847845768759653,2023,13.847845768759653,6.448936078487295,28.763860369609855,1.0,6.448936078487295,331,,
00-0035544,Tom Kennedy,WR,1.5966020966831158,3.9833542019591954,2024,3.9833542019591954,6.359831670679551,29.092402464065707,0.9963039014373717,6.336325105982994,332,221,4294967185
00-0035480,Malik Taylor,WR,1.3652993173137535,4.701112175001842,2023,4.701112175001842,6.418425243145389,29.697467488021903,0.9721013004791239,6.23935952588967,333,,
00-0038359,Xavier Smith,WR,0.3875,16.0,2024,16.0,6.2,27.94524298425736,1.0,6.2,334,183,4294967145
00-0033367,C.J. Board,WR,1.09664071352853,6.054282267792521,2022,6.054282267792521,6.639372426055118,31.720739219712524,0.8911704312114991,5.916812387901277,335,,
00-0033006,Jaydon Mickens,WR,0.5254624163715073,12.181818181818182,2021,12.181818181818182,6.401087617616543,31.364818617385353,0.9054072553045859,5.795591170830365,336,,
00-0035891,Cody White,WR,2.408130171122732,2.398320689401193,2024,2.398320689401193,5.775468412174884,26.759753593429156,1.0,5.775468412174884,337,182,4294967141
00-0038576,Charlie Jones,WR,0.6563164108618654,8.575757575757578,2024,8.575757575757578,5.628410432542665,26.84188911704312,1.0,5.628410432542665,338,212,4294967170
00-0033460,John Ross,WR,2.1892764379985943,2.6347499580646967,2024,2.6347499580646967,5.768196003208825,29.763175906913073,0.9694729637234771,5.592110074568775,339,208,4294967165
00-0031166,Seth Roberts,WR,2.3666666666666667,3.0,2020,3.0,7.1,34.5242984257358,0.7790280629705679,5.531099247091032,340,,
00-0036652,Racey McMath,WR,1.0147186147186147,5.1818181818181825,2022,5.1818181818181825,5.258087367178277,26.217659137577,1.0,5.258087367178277,341,,
00-0039379,Jamari Thrash,WR,0.8666666666666667,6.0,2024,6.0,5.2,24.700889801505816,1.0,5.2,342,188,4294967142
00-0039920,Malachi Corley,WR,1.04,5.0,2024,5.0,5.2,23.449691991786448,1.0,5.2,343,189,4294967142
00-0034510,Robert Foster,WR,1.9000000000000001,3.0,2020,3.0,5.7,31.32101300479124,0.9071594798083504,5.170809034907598,344,,
00-0036398,John Hightower,WR,1.1345454545454545,4.545454545454546,2021,4.545454545454546,5.15702479338843,29.253935660506503,0.9898425735797399,5.1046426935021305,345,,
00-0034653,Deontay Burnett,WR,4.9,1.0,2020,1.0,4.9,27.90965092402464,1.0,4.9,346,,
00-0035934,Trishton Jackson,WR,2.4499999999999997,2.0,2023,2.0,4.8999999999999995,27.482546201232033,1.0,4.8999999999999995,347,,
00-0038147,Daylen Baldwin,WR,4.5,1.0,2022,1.0,4.5,25.77138945927447,1.0,4.5,348,,
00-0036657,Seth Williams,WR,4.4,1.0,2021,1.0,4.4,25.39356605065024,1.0,4.4,349,,
00-0036907,Dazz Newsome,WR,1.4333333333333333,2.9999999999999996,2021,2.9999999999999996,4.3,26.299794661190965,1.0,4.3,350,,
00-0036439,Tyrie Cleveland,WR,0.8214199551955885,5.094089264173703,2022,5.094089264173703,4.184386575139891,27.94798083504449,1.0,4.184386575139891,351,,
00-0031545,Kevin White,WR,1.1322878970647365,4.353437876960193,2022,4.353437876960193,4.929345018705228,33.1854893908282,0.832580424366872,4.104076167524325,352,,
00-0035432,Jason Moore,WR,4.296969696969698,1.0,2022,1.0,4.296969696969698,30.193018480492814,0.9522792607802875,4.0919151266256,353,,
00-0034772,Antonio Callaway,WR,1.0,4.0,2020,4.0,4.0,28.643394934976044,1.0,4.0,354,,
00-0035602,Alex Bachman,WR,0.9248259291948613,4.353633421594587,2024,4.353633421594587,4.026353074500017,29.259411362080765,0.9896235455167693,3.984573805089052,355,184,4294967125
00-0034930,Trinity Benson,WR,1.1424242424242423,3.363636363636364,2022,3.363636363636364,3.8426997245179066,28.62422997946612,1.0,3.8426997245179066,356,,
00-0035527,Andy Isabella,WR,1.0116838621072526,3.7869201682909948,2023,3.7869201682909948,3.8311660213484804,28.78576317590691,1.0,3.8311660213484804,357,,
00-0036951,Frank Darby,WR,1.7515151515151515,2.181818181818182,2022,2.181818181818182,3.8214876033057856,27.980835044490075,1.0,3.8214876033057856,358,,
00-0025396,Ted Ginn,WR,1.4,5.0,2020,5.0,7.0,40.388774811772755,0.5444490075290898,3.8111430527036285,359,,
00-0036627,Dez Fitzpatrick,WR,2.087878787878788,1.7878787878787878,2022,1.7878787878787878,3.73287419651056,27.707049965776864,1.0,3.73287419651056,360,,
00-0033481,Marcus Kemp,WR,0.5755198460566373,6.6537997587454765,2022,6.6537997587454765,3.829393812844887,30.050650239561943,0.9579739904175223,3.668459671771187,361,,
00-0037570,Dennis Houston,WR,1.8,2.0,2022,2.0,3.6,26.357289527720738,1.0,3.6,362,,
00-0039816,Anthony Gould,WR,0.4125000000000001,8.0,2024,8.0,3.3000000000000007,24.40520191649555,1.0,3.3000000000000007,363,194,4294967127
00-0031319,Diontae Spencer,WR,0.29687786960514234,13.424242424242426,2021,13.424242424242426,3.9853604919720627,33.45379876796714,0.8218480492813143,3.2753607460100587,364,,
00-0036910,C.J. Saunders,WR,3.1000000000000005,1.0,2021,1.0,3.1000000000000005,28.960985626283367,1.0,3.1000000000000005,365,,
00-0038507,Grant DuBose,WR,1.5499999999999996,2.0,2024,2.0,3.099999999999999,24.199863107460644,1.0,3.099999999999999,366,196,4294967126
00-0037828,Danny Gray,WR,0.3625,8.0,2022,8.0,2.9,26.420260095824776,1.0,2.9,367,,
00-0032160,Tyrell Williams,WR,3.4000000000000004,1.0,2021,1.0,3.4000000000000004,33.5523613963039,0.817905544147844,2.78087885010267,368,,
00-0037387,Jalen Virgil,WR,0.6576700979161436,4.18804920913884,2024,4.18804920913884,2.7543547334519687,27.137577002053387,1.0,2.7543547334519687,369,218,4294967145
00-0035101,Davion Davis,WR,1.35,2.0,2021,2.0,2.7,28.856947296372347,1.0,2.7,370,,
00-0036463,Chris Blair,WR,1.35,2.0,2024,2.0,2.7,27.904175222450377,1.0,2.7,371,199,4294967124
00-0039451,Isaiah Williams,WR,0.325,8.0,2024,8.0,2.6,24.588637919233403,1.0,2.6,372,200,4294967124
00-0031339,Donte Moncrief,WR,0.58,5.0,2020,5.0,2.9,32.07118412046543,0.8771526351813828,2.54374264202601,373,,
00-0030670,Bennie Fowler,WR,1.55,2.0,2020,2.0,3.1,34.22861054072553,0.7908555783709786,2.4516522929500337,374,,
00-0034267,Jaleel Scott,WR,2.6,1.0,2020,1.0,2.6,30.521560574948666,0.9391375770020534,2.441757700205339,375,,
00-0039394,Casey Washington,WR,1.2000000000000002,2.0,2024,2.0,2.4000000000000004,24.490075290896645,1.0,2.4000000000000004,376,201,4294967121
00-0035876,Andre Baccellia,WR,0.906060606060606,2.5757575757575757,2023,2.5757575757575757,2.3337924701561064,28.648870636550306,1.0,2.3337924701561064,377,,
00-0036959,Michael Bandy,WR,0.6586248492159227,3.5090470446320863,2023,3.5090470446320863,2.311145580662387,27.73990417522245,1.0,2.311145580662387,378,,
00-0035844,Kirk Merritt,WR,2.3,1.0,2021,1.0,2.3,28.654346338124572,1.0,2.3,379,,
00-0035976,Dan Chisena,WR,0.6632005364995385,3.4026320152635106,2024,3.4026320152635106,2.256627378033266,28.514715947980836,1.0,2.256627378033266,380,180,4294967096
00-0037216,Justyn Ross,WR,0.741919191919192,2.9696969696969697,2024,2.9696969696969697,2.2032751760024487,25.713894592744694,1.0,2.2032751760024487,381,227,4294967142
00-0039853,Javon Baker,WR,0.3666666666666667,6.0,2024,6.0,2.2,23.534565366187543,1.0,2.2,382,202,4294967116
00-0036877,Jaelon Darden,WR,0.24494777736509646,8.770676891942271,2024,8.770676891942271,2.1483578106686716,26.63107460643395,1.0,2.1483578106686716,383,207,4294967120
00-0036176,Mason Kinsey,WR,0.453586834957661,4.6949459445065775,2024,4.6949459445065775,2.129565671266045,27.00889801505818,1.0,2.129565671266045,384,193,4294967105
00-0029664,Josh Gordon,WR,0.6215488215488216,4.151515151515152,2022,4.151515151515152,2.5803693500663205,34.38740588637919,0.7845037645448323,2.0243094690431307,385,,
00-0032881,Tommylee Lewis,WR,0.7436363636363638,3.181818181818182,2021,3.181818181818182,2.3661157024793393,32.85420944558521,0.8458316221765915,2.001335482885605,386,,
00-0036491,Tarik Black,WR,2.0,1.0,2021,1.0,2.0,27.5564681724846,1.0,2.0,387,,
00-0029269,Travis Benjamin,WR,0.3375,8.0,2021,8.0,2.7,35.67419575633128,0.7330321697467488,1.9791868583162218,388,,
00-0037422,Kendric Pryor,WR,1.8999999999999997,1.0,2024,1.0,1.8999999999999997,27.652292950034223,1.0,1.8999999999999997,389,205,4294967112
00-0035593,Juwann Winfree,WR,0.7633775633293126,2.44270205066345,2023,2.44270205066345,1.8647039393749796,28.99110198494182,1.0,1.8647039393749796,390,,
00-0033474,Gehrig Dieter,WR,2.0,1.0,2020,1.0,2.0,32.51745379876797,0.8593018480492813,1.7186036960985627,391,,
00-0037355,Braylon Sanders,WR,0.8500000000000001,2.0,2022,2.0,1.7000000000000002,26.611909650924023,1.0,1.7000000000000002,392,,
00-0039543,Ramel Keyton,WR,0.5666666666666668,3.0,2024,3.0,1.7000000000000002,24.9637234770705,1.0,1.7000000000000002,393,206,4294967109
00-0034395,Daurice Fountain,WR,0.8469696969696972,2.0,2021,2.0,1.6939393939393943,29.69472963723477,0.9722108145106092,1.6468661979134263,394,,
00-0036080,Easop Winston,WR,0.5,2.9999999999999996,2021,2.9999999999999996,1.4999999999999998,28.706365503080082,1.0,1.4999999999999998,395,,
00-0027691,Andre Roberts,WR,0.20586382522450075,10.135102533172496,2022,10.135102533172496,2.0864509765214176,37.64544832306639,0.6541820670773444,1.3649188126763248,396,,
00-0038632,Colton Dowell,WR,0.32500000000000007,4.0,2023,4.0,1.3000000000000003,26.3709787816564,1.0,1.3000000000000003,397,,
00-0039392,Jha'Quan Jackson,WR,0.10833333333333334,12.0,2024,12.0,1.3,25.297741273100616,1.0,1.3,398,213,4294967111
00-0038627,Antoine Green,WR,0.6,2.0,2023,2.0,1.2,25.796030116358658,1.0,1.2,399,,
00-0037420,Kwamie Lassiter II,WR,1.2,1.0,2023,1.0,1.2,27.61122518822724,1.0,1.2,400,,
00-0037450,Tyreik McAllister,WR,0.55,2.0,2024,2.0,1.1,27.4031485284052,1.0,1.1,401,214,4294967109
00-0039589,Kameron Johnson,WR,0.275,4.0,2024,4.0,1.1,23.460643394934976,1.0,1.1,402,215,4294967109
00-0036858,Jalen Camp,WR,1.0303030303030303,1.0,2022,1.0,1.0303030303030303,27.145790554414784,1.0,1.0303030303030303,403,,
00-0037093,Dareke Young,WR,0.1892986386351887,5.118214716525935,2024,5.118214716525935,0.9688710780809476,26.245037645448324,1.0,0.9688710780809476,404,228,4294967120
00-0036918,Jacob Harris,WR,0.3232323232323232,2.606060606060606,2022,2.606060606060606,0.8423630241812059,28.37782340862423,1.0,0.8423630241812059,405,,
00-0038092,Erik Ezukanma,WR,0.6100120627261761,1.3136308805790107,2024,1.3136308805790107,0.8013306831228054,25.60164271047228,1.0,0.8013306831228054,406,226,4294967116
00-0038840,Brycen Tremayne,WR,0.4,2.0,2024,2.0,0.8,25.78781656399726,1.0,0.8,407,216,4294967105
00-0036340,Antonio Gandy-Golden,WR,0.3446969696969697,2.181818181818182,2021,2.181818181818182,0.7520661157024795,27.392197125256672,1.0,0.7520661157024795,408,,
00-0034631,Vyncint Smith,WR,0.2265151515151515,2.181818181818182,2021,2.181818181818182,0.4942148760330579,29.229295003422312,0.9908281998631076,0.4896820359654036,409,,
00-0035164,Cody Thompson,WR,0.3377281288562707,1.4804182632980452,2024,1.4804182632980452,0.49997888998829865,29.639972621492127,0.9744010951403149,0.48717997795163726,410,222,4294967108
00-0037272,Montrell Washington,WR,0.09785283474065139,4.794933655006031,2024,4.794933655006031,0.4691978505356927,26.469541409993155,1.0,0.4691978505356927,411,220,4294967105
00-0037708,Maurice Alexander,WR,0.16830697129466904,2.2970123022847098,2024,2.2970123022847098,0.38660318362413426,28.640657084188913,1.0,0.38660318362413426,412,219,4294967103
00-0035399,Stanley Morgan,WR,0.055638668196584806,5.409490333919156,2023,5.409490333919156,0.3009768378015607,28.982888432580424,1.0,0.3009768378015607,413,,
00-0035883,Maurice Ffrench,WR,0.15000000000000002,2.0,2021,2.0,0.30000000000000004,27.665982203969882,1.0,0.30000000000000004,414,,
00-0033266,JoJo Natson,WR,0.0393939393939394,3.0,2021,3.0,0.1181818181818182,31.581108829568787,0.8967556468172485,0.10598021280567484,415,,
00-0034339,Trey Quinn,WR,0.0,1.0,2020,1.0,0.0,29.73579739904175,0.9705681040383299,0.0,416,,
00-0038149,Josh Ali,WR,0.0,1.0,2022,1.0,0.0,26.49965776865161,1.0,0.0,417,,
00-0037055,Lance McCutcheon,WR,0.0,4.0,2022,4.0,0.0,26.507871321013006,1.0,0.0,418,,
00-0035935,J.J. Koski,WR,0.0,2.9999999999999996,2021,2.9999999999999996,0.0,28.67898699520876,1.0,0.0,419,,
00-0038477,Bryce Ford-Wheaton,WR,0.0,5.0,2024,5.0,0.0,25.481177275838466,1.0,0.0,420,229,4294967105
00-0033957,Rodney Adams,WR,0.0,1.0,2021,1.0,0.0,30.962354551676935,0.9215058179329226,0.0,421,,
00-0026293,Matthew Slater,WR,0.0,7.027853224689781,2023,7.027853224689781,0.0,39.97809719370294,0.5608761122518823,0.0,422,,
00-0038911,Malik Cunningham,WR,0.0,1.0,2023,1.0,0.0,26.90485968514716,1.0,0.0,423,,
00-0038969,Kearis Jackson,WR,0.0,2.0,2023,2.0,0.0,25.730321697467488,1.0,0.0,424,,
00-0031934,Devin Smith,WR,0.0,1.0,2021,1.0,0.0,33.497604380561256,0.8200958247775497,0.0,425,,
00-0036598,Landen Akers,WR,0.0,1.0,2021,1.0,0.0,28.153319644079396,1.0,0.0,426,,
00-0037156,Irvin Charles,WR,0.0,7.212121212121212,2024,7.212121212121212,0.0,28.386036960985624,1.0,0.0,427,232,4294967101
00-0037581,Stanley Berryhill,WR,0.0,1.0,2022,1.0,0.0,27.23066392881588,1.0,0.0,428,,
00-0036939,Kawaan Baker,WR,0.0,1.0,2021,1.0,0.0,27.02258726899384,1.0,0.0,429,,
00-0034669,Jordan Veasy,WR,0.0,1.0,2021,1.0,0.0,30.193018480492814,0.9522792607802875,0.0,430,,
00-0037380,Kaden Davis,WR,0.0,1.0,2024,1.0,0.0,26.934976043805612,1.0,0.0,431,231,4294967096
00-0032626,Geronimo Allison,WR,0.0,1.0,2021,1.0,0.0,31.619438740588638,0.8952224503764544,0.0,432,,
00-0035789,Chris Rowland,WR,0.0,2.0,2020,2.0,0.0,27.701574264202602,1.0,0.0,433,,
00-0038891,Shedrick Jackson,WR,0.0,2.0,2023,2.0,0.0,25.867214236824093,1.0,0.0,434,,
00-0037039,Devon Allen,WR,0.0,1.0,2023,1.0,0.0,30.72142368240931,0.9311430527036276,0.0,435,,
00-0035819,Ben Victor,WR,0.0,1.0,2022,1.0,0.0,28.62696783025325,1.0,0.0,436,,
00-0033633,Tanner Gentry,WR,0.0,1.0,2022,1.0,0.0,30.704996577686515,0.9318001368925394,0.0,437,,
00-0038728,Jared Wayne,WR,0.0,1.0,2024,1.0,0.0,24.90075290896646,1.0,0.0,438,230,4294967088
00-0033911,Taywan Taylor,WR,0.0,1.0,2020,1.0,0.0,30.50239561943874,0.9399041752224504,0.0,439,,
00-0034207,Jeff Badet,WR,0.0,1.0,2020,1.0,0.0,31.082819986310746,0.9166872005475701,0.0,440,,
00-0034660,Rico Gafford,WR,0.0,3.0,2020,3.0,0.0,29.27583846680356,0.9889664613278576,0.0,441,,
00-0035529,Hakeem Butler,WR,0.0,1.0,2020,1.0,0.0,29.295003422313485,0.9881998631074606,0.0,442,,
00-0035838,Matt Cole,WR,0.0,1.0,2021,1.0,0.0,28.815879534565365,1.0,0.0,443,,
00-0036571,Marquez Stevenson,WR,0.0,5.0,2021,5.0,0.0,27.436002737850785,1.0,0.0,444,,
00-0037185,Raleigh Webb,WR,0.0,3.0,2022,3.0,0.0,27.67693360711841,1.0,0.0,445,,
00-0036308,Isaiah Coulter,WR,0.0,1.0,2021,1.0,0.0,26.954140999315538,1.0,0.0,446,,
00-0036526,Dillon Stoner,WR,0.0,2.0,2021,2.0,0.0,27.567419575633128,1.0,0.0,447,,
00-0039521,Xavier Weaver,WR,0.0,2.0,2024,2.0,0.0,24.8870636550308,1.0,0.0,448,234,4294967082
00-0028114,Dwayne Harris,WR,0.0,3.0,2020,3.0,0.0,37.960301163586585,0.6415879534565365,0.0,449,,
00-0039614,Jermaine Jackson,WR,-0.025,4.0,2024,4.0,-0.1,25.248459958932237,1.0,-0.1,450,236,4294967082
